-- phpMyAdmin SQL Dump
-- version 5.2.1
-- https://www.phpmyadmin.net/
--
-- Host: 127.0.0.1
-- Generation Time: Dec 21, 2024 at 08:04 AM
-- Server version: 10.4.32-MariaDB
-- PHP Version: 8.2.12

SET SQL_MODE = "NO_AUTO_VALUE_ON_ZERO";
START TRANSACTION;
SET time_zone = "+00:00";


/*!40101 SET @OLD_CHARACTER_SET_CLIENT=@@CHARACTER_SET_CLIENT */;
/*!40101 SET @OLD_CHARACTER_SET_RESULTS=@@CHARACTER_SET_RESULTS */;
/*!40101 SET @OLD_COLLATION_CONNECTION=@@COLLATION_CONNECTION */;
/*!40101 SET NAMES utf8mb4 */;

--
-- Database: `appoinment`
--
CREATE DATABASE IF NOT EXISTS `appoinment` DEFAULT CHARACTER SET utf8mb4 COLLATE utf8mb4_general_ci;
USE `appoinment`;

-- --------------------------------------------------------

--
-- Table structure for table `tbladmin`
--

CREATE TABLE `tbladmin` (
  `ID` int(10) NOT NULL,
  `AdminName` char(50) DEFAULT NULL,
  `UserName` char(50) DEFAULT NULL,
  `MobileNumber` bigint(10) DEFAULT NULL,
  `Email` varchar(200) DEFAULT NULL,
  `Password` varchar(200) DEFAULT NULL,
  `AdminRegdate` timestamp NULL DEFAULT current_timestamp()
) ENGINE=InnoDB DEFAULT CHARSET=latin1 COLLATE=latin1_swedish_ci;

--
-- Dumping data for table `tbladmin`
--

INSERT INTO `tbladmin` (`ID`, `AdminName`, `UserName`, `MobileNumber`, `Email`, `Password`, `AdminRegdate`) VALUES
(1, 'Eston Kiama', 'kiamaeston0@gmail.com', 757196660, 'kiamaeston0@gmail.com', '21232f297a57a5a743894a0e4a801fc3', NULL);

-- --------------------------------------------------------

--
-- Table structure for table `tblappointment`
--

CREATE TABLE `tblappointment` (
  `ID` int(10) NOT NULL,
  `AptNumber` varchar(80) DEFAULT NULL,
  `Name` varchar(120) DEFAULT NULL,
  `Email` varchar(120) DEFAULT NULL,
  `PhoneNumber` bigint(11) DEFAULT NULL,
  `AptDate` varchar(120) DEFAULT NULL,
  `AptTime` varchar(120) DEFAULT NULL,
  `Services` varchar(120) DEFAULT NULL,
  `ApplyDate` timestamp NULL DEFAULT current_timestamp(),
  `Remark` varchar(250) NOT NULL,
  `Status` varchar(50) NOT NULL,
  `RemarkDate` timestamp NOT NULL DEFAULT '0000-00-00 00:00:00' ON UPDATE current_timestamp()
) ENGINE=InnoDB DEFAULT CHARSET=latin1 COLLATE=latin1_swedish_ci;

-- --------------------------------------------------------

--
-- Table structure for table `tblcustomers`
--

CREATE TABLE `tblcustomers` (
  `ID` int(10) NOT NULL,
  `Name` varchar(120) DEFAULT NULL,
  `Email` varchar(200) DEFAULT NULL,
  `MobileNumber` bigint(11) DEFAULT NULL,
  `Gender` enum('Female','Male','Transgender') DEFAULT NULL,
  `Details` mediumtext DEFAULT NULL,
  `CreationDate` timestamp NULL DEFAULT current_timestamp(),
  `UpdationDate` timestamp NULL DEFAULT NULL ON UPDATE current_timestamp()
) ENGINE=InnoDB DEFAULT CHARSET=latin1 COLLATE=latin1_swedish_ci;

-- --------------------------------------------------------

--
-- Table structure for table `tblinvoice`
--

CREATE TABLE `tblinvoice` (
  `id` int(11) NOT NULL,
  `Userid` int(11) DEFAULT NULL,
  `ServiceId` int(11) DEFAULT NULL,
  `BillingId` int(11) DEFAULT NULL,
  `PostingDate` timestamp NULL DEFAULT current_timestamp()
) ENGINE=InnoDB DEFAULT CHARSET=latin1 COLLATE=latin1_swedish_ci;

-- --------------------------------------------------------

--
-- Table structure for table `tblservices`
--

CREATE TABLE `tblservices` (
  `ID` int(10) NOT NULL,
  `ServiceName` varchar(200) DEFAULT NULL,
  `Cost` int(10) DEFAULT NULL,
  `CreationDate` timestamp NULL DEFAULT current_timestamp()
) ENGINE=InnoDB DEFAULT CHARSET=latin1 COLLATE=latin1_swedish_ci;

--
-- Indexes for dumped tables
--

--
-- Indexes for table `tbladmin`
--
ALTER TABLE `tbladmin`
  ADD PRIMARY KEY (`ID`);

--
-- Indexes for table `tblappointment`
--
ALTER TABLE `tblappointment`
  ADD PRIMARY KEY (`ID`);

--
-- Indexes for table `tblcustomers`
--
ALTER TABLE `tblcustomers`
  ADD PRIMARY KEY (`ID`);

--
-- Indexes for table `tblinvoice`
--
ALTER TABLE `tblinvoice`
  ADD PRIMARY KEY (`id`),
  ADD KEY `id` (`id`);

--
-- Indexes for table `tblservices`
--
ALTER TABLE `tblservices`
  ADD PRIMARY KEY (`ID`);

--
-- AUTO_INCREMENT for dumped tables
--

--
-- AUTO_INCREMENT for table `tbladmin`
--
ALTER TABLE `tbladmin`
  MODIFY `ID` int(10) NOT NULL AUTO_INCREMENT, AUTO_INCREMENT=2;

--
-- AUTO_INCREMENT for table `tblappointment`
--
ALTER TABLE `tblappointment`
  MODIFY `ID` int(10) NOT NULL AUTO_INCREMENT, AUTO_INCREMENT=5;

--
-- AUTO_INCREMENT for table `tblcustomers`
--
ALTER TABLE `tblcustomers`
  MODIFY `ID` int(10) NOT NULL AUTO_INCREMENT, AUTO_INCREMENT=4;

--
-- AUTO_INCREMENT for table `tblinvoice`
--
ALTER TABLE `tblinvoice`
  MODIFY `id` int(11) NOT NULL AUTO_INCREMENT, AUTO_INCREMENT=10;

--
-- AUTO_INCREMENT for table `tblservices`
--
ALTER TABLE `tblservices`
  MODIFY `ID` int(10) NOT NULL AUTO_INCREMENT, AUTO_INCREMENT=8;
--
-- Database: `carrental`
--
CREATE DATABASE IF NOT EXISTS `carrental` DEFAULT CHARACTER SET utf8mb4 COLLATE utf8mb4_general_ci;
USE `carrental`;

-- --------------------------------------------------------

--
-- Table structure for table `admin`
--

CREATE TABLE `admin` (
  `id` int(11) NOT NULL,
  `UserName` varchar(100) NOT NULL,
  `Password` varchar(100) NOT NULL,
  `updationDate` timestamp NOT NULL DEFAULT current_timestamp() ON UPDATE current_timestamp()
) ENGINE=InnoDB DEFAULT CHARSET=utf8mb4 COLLATE=utf8mb4_general_ci;

--
-- Dumping data for table `admin`
--

INSERT INTO `admin` (`id`, `UserName`, `Password`, `updationDate`) VALUES
(1, 'admin', 'admin123', '2024-10-13 14:01:13');

-- --------------------------------------------------------

--
-- Table structure for table `tblbooking`
--

CREATE TABLE `tblbooking` (
  `id` int(11) NOT NULL,
  `userEmail` varchar(100) DEFAULT NULL,
  `VehicleId` int(11) DEFAULT NULL,
  `FromDate` varchar(20) DEFAULT NULL,
  `ToDate` varchar(20) DEFAULT NULL,
  `message` varchar(255) DEFAULT NULL,
  `Status` int(11) DEFAULT NULL,
  `PostingDate` timestamp NOT NULL DEFAULT current_timestamp() ON UPDATE current_timestamp()
) ENGINE=InnoDB DEFAULT CHARSET=utf8mb4 COLLATE=utf8mb4_general_ci;

-- --------------------------------------------------------

--
-- Table structure for table `tblbrands`
--

CREATE TABLE `tblbrands` (
  `id` int(11) NOT NULL,
  `BrandName` varchar(120) NOT NULL,
  `CreationDate` timestamp NULL DEFAULT current_timestamp(),
  `UpdationDate` timestamp NULL DEFAULT NULL ON UPDATE current_timestamp()
) ENGINE=InnoDB DEFAULT CHARSET=utf8mb4 COLLATE=utf8mb4_general_ci;

-- --------------------------------------------------------

--
-- Table structure for table `tblcontactusinfo`
--

CREATE TABLE `tblcontactusinfo` (
  `id` int(11) NOT NULL,
  `Address` tinytext DEFAULT NULL,
  `EmailId` varchar(255) DEFAULT NULL,
  `ContactNo` char(11) DEFAULT NULL
) ENGINE=InnoDB DEFAULT CHARSET=utf8mb4 COLLATE=utf8mb4_general_ci;

-- --------------------------------------------------------

--
-- Table structure for table `tblcontactusquery`
--

CREATE TABLE `tblcontactusquery` (
  `id` int(11) NOT NULL,
  `name` varchar(100) DEFAULT NULL,
  `EmailId` varchar(120) DEFAULT NULL,
  `ContactNumber` char(11) DEFAULT NULL,
  `Message` longtext DEFAULT NULL,
  `PostingDate` timestamp NOT NULL DEFAULT current_timestamp(),
  `status` int(11) DEFAULT NULL
) ENGINE=InnoDB DEFAULT CHARSET=utf8mb4 COLLATE=utf8mb4_general_ci;

-- --------------------------------------------------------

--
-- Table structure for table `tblpages`
--

CREATE TABLE `tblpages` (
  `id` int(11) NOT NULL,
  `PageName` varchar(255) DEFAULT NULL,
  `type` varchar(255) NOT NULL DEFAULT '',
  `detail` longtext NOT NULL
) ENGINE=InnoDB DEFAULT CHARSET=utf8mb4 COLLATE=utf8mb4_general_ci;

-- --------------------------------------------------------

--
-- Table structure for table `tblsubscribers`
--

CREATE TABLE `tblsubscribers` (
  `id` int(11) NOT NULL,
  `SubscriberEmail` varchar(120) DEFAULT NULL,
  `PostingDate` timestamp NULL DEFAULT current_timestamp()
) ENGINE=InnoDB DEFAULT CHARSET=utf8mb4 COLLATE=utf8mb4_general_ci;

-- --------------------------------------------------------

--
-- Table structure for table `tbltestimonial`
--

CREATE TABLE `tbltestimonial` (
  `id` int(11) NOT NULL,
  `UserEmail` varchar(100) NOT NULL,
  `Testimonial` mediumtext NOT NULL,
  `PostingDate` timestamp NOT NULL DEFAULT current_timestamp(),
  `status` int(11) DEFAULT NULL
) ENGINE=InnoDB DEFAULT CHARSET=utf8mb4 COLLATE=utf8mb4_general_ci;

-- --------------------------------------------------------

--
-- Table structure for table `tblusers`
--

CREATE TABLE `tblusers` (
  `id` int(11) NOT NULL,
  `FullName` varchar(120) DEFAULT NULL,
  `EmailId` varchar(100) DEFAULT NULL,
  `Password` varchar(100) DEFAULT NULL,
  `ContactNo` char(11) DEFAULT NULL,
  `dob` varchar(100) DEFAULT NULL,
  `Address` varchar(255) DEFAULT NULL,
  `City` varchar(100) DEFAULT NULL,
  `Country` varchar(100) DEFAULT NULL,
  `RegDate` timestamp NULL DEFAULT current_timestamp(),
  `UpdationDate` timestamp NULL DEFAULT NULL ON UPDATE current_timestamp()
) ENGINE=InnoDB DEFAULT CHARSET=utf8mb4 COLLATE=utf8mb4_general_ci;

--
-- Dumping data for table `tblusers`
--

INSERT INTO `tblusers` (`id`, `FullName`, `EmailId`, `Password`, `ContactNo`, `dob`, `Address`, `City`, `Country`, `RegDate`, `UpdationDate`) VALUES
(1, 'BRANDON ESTON', 'kiamaeston0@gmail.com', 'admin1234', '0765554444', NULL, NULL, NULL, NULL, '2024-10-13 14:01:54', NULL);

-- --------------------------------------------------------

--
-- Table structure for table `tblvehicles`
--

CREATE TABLE `tblvehicles` (
  `id` int(11) NOT NULL,
  `VehiclesTitle` varchar(150) DEFAULT NULL,
  `VehiclesBrand` int(11) DEFAULT NULL,
  `VehiclesOverview` longtext DEFAULT NULL,
  `PricePerDay` float DEFAULT NULL,
  `FuelType` varchar(100) DEFAULT NULL,
  `ModelYear` int(6) DEFAULT NULL,
  `SeatingCapacity` int(11) DEFAULT NULL,
  `Vimage1` varchar(120) DEFAULT NULL,
  `Vimage2` varchar(120) DEFAULT NULL,
  `Vimage3` varchar(120) DEFAULT NULL,
  `Vimage4` varchar(120) DEFAULT NULL,
  `Vimage5` varchar(120) DEFAULT NULL,
  `AirConditioner` int(11) DEFAULT NULL,
  `PowerDoorLocks` int(11) DEFAULT NULL,
  `AntiLockBrakingSystem` int(11) DEFAULT NULL,
  `BrakeAssist` int(11) DEFAULT NULL,
  `PowerSteering` int(11) DEFAULT NULL,
  `DriverAirbag` int(11) DEFAULT NULL,
  `PassengerAirbag` int(11) DEFAULT NULL,
  `PowerWindows` int(11) DEFAULT NULL,
  `CDPlayer` int(11) DEFAULT NULL,
  `CentralLocking` int(11) DEFAULT NULL,
  `CrashSensor` int(11) DEFAULT NULL,
  `LeatherSeats` int(11) DEFAULT NULL,
  `RegDate` timestamp NOT NULL DEFAULT current_timestamp(),
  `UpdationDate` timestamp NULL DEFAULT NULL ON UPDATE current_timestamp()
) ENGINE=InnoDB DEFAULT CHARSET=utf8mb4 COLLATE=utf8mb4_general_ci;

--
-- Indexes for dumped tables
--

--
-- Indexes for table `admin`
--
ALTER TABLE `admin`
  ADD PRIMARY KEY (`id`);

--
-- Indexes for table `tblbooking`
--
ALTER TABLE `tblbooking`
  ADD PRIMARY KEY (`id`);

--
-- Indexes for table `tblbrands`
--
ALTER TABLE `tblbrands`
  ADD PRIMARY KEY (`id`);

--
-- Indexes for table `tblcontactusinfo`
--
ALTER TABLE `tblcontactusinfo`
  ADD PRIMARY KEY (`id`);

--
-- Indexes for table `tblcontactusquery`
--
ALTER TABLE `tblcontactusquery`
  ADD PRIMARY KEY (`id`);

--
-- Indexes for table `tblpages`
--
ALTER TABLE `tblpages`
  ADD PRIMARY KEY (`id`);

--
-- Indexes for table `tblsubscribers`
--
ALTER TABLE `tblsubscribers`
  ADD PRIMARY KEY (`id`);

--
-- Indexes for table `tbltestimonial`
--
ALTER TABLE `tbltestimonial`
  ADD PRIMARY KEY (`id`);

--
-- Indexes for table `tblusers`
--
ALTER TABLE `tblusers`
  ADD PRIMARY KEY (`id`);

--
-- Indexes for table `tblvehicles`
--
ALTER TABLE `tblvehicles`
  ADD PRIMARY KEY (`id`);

--
-- AUTO_INCREMENT for dumped tables
--

--
-- AUTO_INCREMENT for table `admin`
--
ALTER TABLE `admin`
  MODIFY `id` int(11) NOT NULL AUTO_INCREMENT, AUTO_INCREMENT=2;

--
-- AUTO_INCREMENT for table `tblbooking`
--
ALTER TABLE `tblbooking`
  MODIFY `id` int(11) NOT NULL AUTO_INCREMENT;

--
-- AUTO_INCREMENT for table `tblbrands`
--
ALTER TABLE `tblbrands`
  MODIFY `id` int(11) NOT NULL AUTO_INCREMENT;

--
-- AUTO_INCREMENT for table `tblcontactusinfo`
--
ALTER TABLE `tblcontactusinfo`
  MODIFY `id` int(11) NOT NULL AUTO_INCREMENT;

--
-- AUTO_INCREMENT for table `tblcontactusquery`
--
ALTER TABLE `tblcontactusquery`
  MODIFY `id` int(11) NOT NULL AUTO_INCREMENT;

--
-- AUTO_INCREMENT for table `tblpages`
--
ALTER TABLE `tblpages`
  MODIFY `id` int(11) NOT NULL AUTO_INCREMENT, AUTO_INCREMENT=22;

--
-- AUTO_INCREMENT for table `tblsubscribers`
--
ALTER TABLE `tblsubscribers`
  MODIFY `id` int(11) NOT NULL AUTO_INCREMENT;

--
-- AUTO_INCREMENT for table `tbltestimonial`
--
ALTER TABLE `tbltestimonial`
  MODIFY `id` int(11) NOT NULL AUTO_INCREMENT;

--
-- AUTO_INCREMENT for table `tblusers`
--
ALTER TABLE `tblusers`
  MODIFY `id` int(11) NOT NULL AUTO_INCREMENT, AUTO_INCREMENT=2;

--
-- AUTO_INCREMENT for table `tblvehicles`
--
ALTER TABLE `tblvehicles`
  MODIFY `id` int(11) NOT NULL AUTO_INCREMENT;
--
-- Database: `carrentalp`
--
CREATE DATABASE IF NOT EXISTS `carrentalp` DEFAULT CHARACTER SET utf8mb4 COLLATE utf8mb4_general_ci;
USE `carrentalp`;

-- --------------------------------------------------------

--
-- Table structure for table `cars`
--

CREATE TABLE `cars` (
  `car_id` int(20) NOT NULL,
  `car_name` varchar(50) NOT NULL,
  `car_nameplate` varchar(50) NOT NULL,
  `car_img` varchar(50) DEFAULT 'NA',
  `ac_price` float NOT NULL,
  `non_ac_price` float NOT NULL,
  `ac_price_per_day` float NOT NULL,
  `non_ac_price_per_day` float NOT NULL,
  `car_availability` varchar(10) NOT NULL
) ENGINE=InnoDB DEFAULT CHARSET=utf8 COLLATE=utf8_general_ci;

--
-- Dumping data for table `cars`
--

INSERT INTO `cars` (`car_id`, `car_name`, `car_nameplate`, `car_img`, `ac_price`, `non_ac_price`, `ac_price_per_day`, `non_ac_price_per_day`, `car_availability`) VALUES
(1, 'Audi A4', 'GA3KA6969', 'assets/img/cars/audi-a4.jpg', 36, 26, 5200, 2600, 'no'),
(2, 'Hyundai Creta', 'BA2CH2020', 'assets/img/cars/creta.jpg', 22, 12, 2900, 1400, 'yes'),
(3, 'BMW 6-Series', 'BA10PA5555', 'assets/img/cars/bmw6.jpg', 39, 30, 6950, 5999, 'yes'),
(4, 'Mercedes-Benz E-Class', 'BA10CH6009', 'assets/img/cars/mcec.jpg', 45, 30, 7200, 5200, 'yes'),
(6, 'Ford EcoSport', 'GA4PA2587', 'assets/img/cars/ecosport.png', 21, 13, 3890, 2600, 'yes'),
(7, 'Honda Amaze', 'PJ16YX8820', 'assets/img/cars/amaze.png', 14, 12, 2800, 2400, 'no'),
(8, 'Land Rover Range Rover Sport', 'GA5KH9669', 'assets/img/cars/rangero.jpg', 36, 26, 6000, 4600, 'yes'),
(9, 'MG Hector', 'GA6PA6666', 'assets/img/cars/mghector.jpg', 20, 12, 2900, 1400, 'no'),
(10, 'Honda CR-V', 'TN17MS1997', 'assets/img/cars/hondacr.jpg', 22, 15, 2850, 1400, 'yes'),
(11, 'Mahindra XUV 500', 'KA12EX1883', 'assets/img/cars/Mahindra XUV.jpg', 15, 13, 3000, 2600, 'yes'),
(12, 'Toyota Fortuner', 'GA08MX1997', 'assets/img/cars/Fortuner.png', 16, 14, 3200, 2800, 'yes'),
(13, 'Hyundai Veloster', 'BA20PA5685', 'assets/img/cars/hyundai0.png', 23, 15, 4500, 3500, 'yes'),
(14, 'Jaguar XF', 'GA8KH8866', 'assets/img/cars/jaguarxf.jpg', 39, 29, 6100, 4380, 'yes'),
(15, 'LEXUS', 'KBX 123p', 'assets/img/cars/about_services_faq_bg.jpg', 600, 6539, 6588, 6957, 'yes');

-- --------------------------------------------------------

--
-- Table structure for table `clientcars`
--

CREATE TABLE `clientcars` (
  `car_id` int(20) NOT NULL,
  `client_username` varchar(50) NOT NULL
) ENGINE=InnoDB DEFAULT CHARSET=utf8 COLLATE=utf8_general_ci;

--
-- Dumping data for table `clientcars`
--

INSERT INTO `clientcars` (`car_id`, `client_username`) VALUES
(15, 'admin'),
(1, 'harry'),
(3, 'harry'),
(7, 'harry'),
(8, 'harry'),
(9, 'harry'),
(11, 'harry'),
(12, 'harry'),
(2, 'jenny'),
(4, 'jenny'),
(6, 'jenny'),
(10, 'jenny'),
(13, 'jenny'),
(14, 'jenny');

-- --------------------------------------------------------

--
-- Table structure for table `clients`
--

CREATE TABLE `clients` (
  `client_username` varchar(50) NOT NULL,
  `client_name` varchar(50) NOT NULL,
  `client_phone` varchar(15) NOT NULL,
  `client_email` varchar(25) NOT NULL,
  `client_address` varchar(50) CHARACTER SET utf8 COLLATE utf8_estonian_ci NOT NULL,
  `client_password` varchar(20) NOT NULL
) ENGINE=InnoDB DEFAULT CHARSET=utf8 COLLATE=utf8_general_ci;

--
-- Dumping data for table `clients`
--

INSERT INTO `clients` (`client_username`, `client_name`, `client_phone`, `client_email`, `client_address`, `client_password`) VALUES
('admin', 'admin', '7575196660', 'admin@gmail.com', '1233254', 'admin123'),
('harry', 'Harry Den', '9876543210', 'harryden@gmail.com', '2477  Harley Vincent Drive', 'password'),
('jenny', 'Jeniffer Washington', '7850000069', 'washjeni@gmail.com', '4139  Mesa Drive', 'jenny'),
('tom', 'Tommy Doee', '900696969', 'tom@gmail.com', '4645  Dawson Drive', 'password');

-- --------------------------------------------------------

--
-- Table structure for table `customers`
--

CREATE TABLE `customers` (
  `customer_username` varchar(50) NOT NULL,
  `customer_name` varchar(50) NOT NULL,
  `customer_phone` varchar(15) NOT NULL,
  `customer_email` varchar(25) NOT NULL,
  `customer_address` varchar(50) NOT NULL,
  `customer_password` varchar(20) NOT NULL
) ENGINE=InnoDB DEFAULT CHARSET=utf8 COLLATE=utf8_general_ci;

--
-- Dumping data for table `customers`
--

INSERT INTO `customers` (`customer_username`, `customer_name`, `customer_phone`, `customer_email`, `customer_address`, `customer_password`) VALUES
('antonio', 'Antonio M', '0785556580', 'antony@gmail.com', '2677  Burton Avenue', 'password'),
('christine', 'Christine', '8544444444', 'chr@gmail.com', '3701  Fairway Drive', 'password'),
('ethan', 'Ethan Hawk', '69741111110', 'thisisethan@gmail.com', '4554  Rowes Lane', 'password'),
('james', 'James Washington', '0258786969', 'james@gmail.com', '2316  Mayo Street', 'password'),
('lucas', 'Lucas Rhoades', '7003658500', 'lucas@gmail.com', '2737  Fowler Avenue', 'lucas');

-- --------------------------------------------------------

--
-- Table structure for table `driver`
--

CREATE TABLE `driver` (
  `driver_id` int(20) NOT NULL,
  `driver_name` varchar(50) NOT NULL,
  `dl_number` varchar(50) NOT NULL,
  `driver_phone` varchar(15) NOT NULL,
  `driver_address` varchar(50) NOT NULL,
  `driver_gender` varchar(10) NOT NULL,
  `client_username` varchar(50) NOT NULL,
  `driver_availability` varchar(10) NOT NULL
) ENGINE=InnoDB DEFAULT CHARSET=utf8 COLLATE=utf8_general_ci;

--
-- Dumping data for table `driver`
--

INSERT INTO `driver` (`driver_id`, `driver_name`, `dl_number`, `driver_phone`, `driver_address`, `driver_gender`, `client_username`, `driver_availability`) VALUES
(1, 'Bruno Den', '27840218658 ', '9547863157', '1782  Vineyard Drive', 'Male', 'harry', 'yes'),
(2, 'Will Williams', '03191563155 ', '9147523684', '4354  Hillcrest Drive', 'Male', 'harry', 'no'),
(3, 'Steeve Rogers', '32346288078 ', '9147523682', '1506  Skinner Hollow Road', 'Male', 'harry', 'yes'),
(4, 'Ivy', '04316015965 ', '9187563240', '4680  Wayside Lane', 'Female', 'jenny', 'no'),
(5, 'Pamela C Benson', '68799466631 ', '7584960123', 'Urkey Pen Road', 'Female', 'jenny', 'yes'),
(6, 'Billy Williams', '36740186040 ', '8421025476', '2898  Oxford Court', 'Male', 'tom', 'yes'),
(7, 'Nicolas', '44919316260 ', '7541023695', 'Breezewood Court', 'Male', 'harry', 'no'),
(8, 'Stephen Strange', '94592817723', '5215557850', 'Fairview Street12', 'Male', 'jenny', 'yes');

-- --------------------------------------------------------

--
-- Table structure for table `feedback`
--

CREATE TABLE `feedback` (
  `name` varchar(20) NOT NULL,
  `e_mail` varchar(30) NOT NULL,
  `message` varchar(150) NOT NULL
) ENGINE=InnoDB DEFAULT CHARSET=utf8 COLLATE=utf8_general_ci;

--
-- Dumping data for table `feedback`
--

INSERT INTO `feedback` (`name`, `e_mail`, `message`) VALUES
('Nikhil', 'nikhil@gmail.com', 'Hope this works.');

-- --------------------------------------------------------

--
-- Table structure for table `rentedcars`
--

CREATE TABLE `rentedcars` (
  `id` int(100) NOT NULL,
  `customer_username` varchar(50) NOT NULL,
  `car_id` int(20) NOT NULL,
  `driver_id` int(20) NOT NULL,
  `booking_date` date NOT NULL,
  `rent_start_date` date NOT NULL,
  `rent_end_date` date NOT NULL,
  `car_return_date` date DEFAULT NULL,
  `fare` double NOT NULL,
  `charge_type` varchar(25) NOT NULL DEFAULT 'days',
  `distance` double DEFAULT NULL,
  `no_of_days` int(50) DEFAULT NULL,
  `total_amount` double DEFAULT NULL,
  `return_status` varchar(10) NOT NULL
) ENGINE=InnoDB DEFAULT CHARSET=utf8 COLLATE=utf8_general_ci;

--
-- Dumping data for table `rentedcars`
--

INSERT INTO `rentedcars` (`id`, `customer_username`, `car_id`, `driver_id`, `booking_date`, `rent_start_date`, `rent_end_date`, `car_return_date`, `fare`, `charge_type`, `distance`, `no_of_days`, `total_amount`, `return_status`) VALUES
(574681245, 'ethan', 4, 2, '2018-07-18', '2018-07-01', '2018-07-02', '2018-07-18', 11, 'km', 244, 1, 5884, 'R'),
(574681246, 'james', 6, 6, '2018-07-18', '2018-06-01', '2018-06-28', '2018-07-18', 15, 'km', 69, 27, 5035, 'R'),
(574681247, 'antonio', 3, 1, '2018-07-18', '2018-07-19', '2018-07-22', '2018-07-20', 13, 'km', 421, 3, 5473, 'R'),
(574681248, 'ethan', 1, 2, '2018-07-20', '2018-07-28', '2018-07-29', '2018-07-20', 10, 'km', 69, 1, 690, 'R'),
(574681249, 'james', 1, 2, '2018-07-23', '2018-07-24', '2018-07-25', '2018-07-23', 10, 'km', 500, 1, 5000, 'R'),
(574681250, 'lucas', 3, 2, '2018-07-23', '2018-07-23', '2018-07-24', '2018-07-23', 2600, 'days', NULL, 1, 2600, 'R'),
(574681251, 'james', 10, 1, '2018-07-23', '2018-07-25', '2018-07-30', '2018-07-23', 10, 'km', 60, 2, 600, 'R'),
(574681252, 'christine', 11, 2, '2018-07-23', '2018-07-23', '2018-07-23', '2018-07-23', 13, 'km', 200, 0, 2600, 'R'),
(574681253, 'christine', 6, 7, '2018-07-23', '2018-07-23', '2018-08-03', '2018-07-23', 2600, 'days', NULL, 11, 28600, 'R'),
(574681254, 'ethan', 12, 5, '2018-07-23', '2018-07-23', '2018-07-26', '2018-07-23', 3200, 'days', NULL, 3, 9600, 'R'),
(574681255, 'christine', 8, 5, '2018-07-23', '2018-07-23', '2018-08-08', '2018-07-23', 2400, 'days', NULL, 16, 38400, 'R'),
(574681257, 'james', 7, 4, '2018-08-11', '2018-08-13', '2018-08-17', NULL, 14, 'km', NULL, NULL, NULL, 'NR'),
(574681258, 'lucas', 3, 1, '2021-03-24', '2021-03-24', '2021-03-25', '2021-03-24', 2600, 'days', NULL, 1, 2600, 'R'),
(574681259, 'lucas', 14, 8, '2021-03-24', '2021-03-24', '2021-03-26', '2021-03-24', 6100, 'days', NULL, 2, 12200, 'R'),
(574681260, 'lucas', 2, 5, '2024-10-13', '2024-10-14', '2024-10-15', '2024-10-13', 2900, 'days', NULL, 1, 2900, 'R'),
(574681261, 'lucas', 4, 5, '2024-10-13', '2024-10-22', '2024-10-23', '2024-10-13', 7200, 'days', NULL, 1, 7200, 'R'),
(574681262, 'lucas', 1, 7, '2024-11-04', '2024-11-05', '2024-11-05', NULL, 5200, 'days', NULL, NULL, NULL, 'NR'),
(574681263, 'lucas', 1, 7, '2024-11-04', '2024-11-05', '2024-11-05', NULL, 5200, 'days', NULL, NULL, NULL, 'NR'),
(574681264, 'lucas', 1, 7, '2024-11-04', '2024-11-05', '2024-11-05', NULL, 5200, 'days', NULL, NULL, NULL, 'NR'),
(574681265, 'lucas', 1, 7, '2024-11-04', '2024-11-05', '2024-11-05', NULL, 5200, 'days', NULL, NULL, NULL, 'NR'),
(574681266, 'lucas', 9, 2, '2024-11-06', '2024-11-07', '2024-11-16', NULL, 0, '', NULL, NULL, NULL, 'NR');

--
-- Indexes for dumped tables
--

--
-- Indexes for table `cars`
--
ALTER TABLE `cars`
  ADD PRIMARY KEY (`car_id`),
  ADD UNIQUE KEY `car_nameplate` (`car_nameplate`);

--
-- Indexes for table `clientcars`
--
ALTER TABLE `clientcars`
  ADD PRIMARY KEY (`car_id`),
  ADD KEY `client_username` (`client_username`);

--
-- Indexes for table `clients`
--
ALTER TABLE `clients`
  ADD PRIMARY KEY (`client_username`);

--
-- Indexes for table `customers`
--
ALTER TABLE `customers`
  ADD PRIMARY KEY (`customer_username`);

--
-- Indexes for table `driver`
--
ALTER TABLE `driver`
  ADD PRIMARY KEY (`driver_id`),
  ADD UNIQUE KEY `dl_number` (`dl_number`),
  ADD KEY `client_username` (`client_username`);

--
-- Indexes for table `rentedcars`
--
ALTER TABLE `rentedcars`
  ADD PRIMARY KEY (`id`),
  ADD KEY `customer_username` (`customer_username`),
  ADD KEY `car_id` (`car_id`),
  ADD KEY `driver_id` (`driver_id`);

--
-- AUTO_INCREMENT for dumped tables
--

--
-- AUTO_INCREMENT for table `cars`
--
ALTER TABLE `cars`
  MODIFY `car_id` int(20) NOT NULL AUTO_INCREMENT, AUTO_INCREMENT=16;

--
-- AUTO_INCREMENT for table `driver`
--
ALTER TABLE `driver`
  MODIFY `driver_id` int(20) NOT NULL AUTO_INCREMENT, AUTO_INCREMENT=9;

--
-- AUTO_INCREMENT for table `rentedcars`
--
ALTER TABLE `rentedcars`
  MODIFY `id` int(100) NOT NULL AUTO_INCREMENT, AUTO_INCREMENT=574681267;

--
-- Constraints for dumped tables
--

--
-- Constraints for table `clientcars`
--
ALTER TABLE `clientcars`
  ADD CONSTRAINT `clientcars_ibfk_1` FOREIGN KEY (`client_username`) REFERENCES `clients` (`client_username`),
  ADD CONSTRAINT `clientcars_ibfk_2` FOREIGN KEY (`car_id`) REFERENCES `cars` (`car_id`);

--
-- Constraints for table `driver`
--
ALTER TABLE `driver`
  ADD CONSTRAINT `driver_ibfk_1` FOREIGN KEY (`client_username`) REFERENCES `clients` (`client_username`);

--
-- Constraints for table `rentedcars`
--
ALTER TABLE `rentedcars`
  ADD CONSTRAINT `rentedcars_ibfk_1` FOREIGN KEY (`customer_username`) REFERENCES `customers` (`customer_username`),
  ADD CONSTRAINT `rentedcars_ibfk_2` FOREIGN KEY (`car_id`) REFERENCES `cars` (`car_id`),
  ADD CONSTRAINT `rentedcars_ibfk_3` FOREIGN KEY (`driver_id`) REFERENCES `driver` (`driver_id`);
--
-- Database: `car_rental_management`
--
CREATE DATABASE IF NOT EXISTS `car_rental_management` DEFAULT CHARACTER SET utf8mb4 COLLATE utf8mb4_general_ci;
USE `car_rental_management`;

-- --------------------------------------------------------

--
-- Table structure for table `admins`
--

CREATE TABLE `admins` (
  `id` int(11) NOT NULL,
  `name` varchar(100) NOT NULL,
  `contact_no` varchar(20) NOT NULL,
  `email_address` varchar(100) NOT NULL,
  `gender` enum('male','female','other') NOT NULL,
  `password` varchar(255) NOT NULL,
  `profile_picture` varchar(255) DEFAULT NULL,
  `reset_token` varchar(255) DEFAULT NULL,
  `token_expiration` datetime DEFAULT NULL
) ENGINE=InnoDB DEFAULT CHARSET=utf8mb4 COLLATE=utf8mb4_general_ci;

--
-- Dumping data for table `admins`
--

INSERT INTO `admins` (`id`, `name`, `contact_no`, `email_address`, `gender`, `password`, `profile_picture`, `reset_token`, `token_expiration`) VALUES
(1, 'ESTON KIAMA', '0757196660', 'engestonbrandon@gmail.com', 'male', '$2y$10$pEBsZi8h97piEiugO9z92eEdoVphbk0K.JihKySeOrfcDpRaKm4.6', 'adminprof/673f24ca792e2_prof.jpg', NULL, NULL),
(2, 'admin', '0757196660', 'admin@gmail.com', 'female', '$2y$10$0W58kh.20HUtu0pou.J7oOBrhKI/JAkH.brGn82AZJhUUNfsu5kca', NULL, NULL, NULL);

-- --------------------------------------------------------

--
-- Table structure for table `bookings`
--

CREATE TABLE `bookings` (
  `booking_id` int(11) NOT NULL,
  `vehicle_id` int(11) NOT NULL,
  `customer_id` int(11) NOT NULL,
  `start_date` date NOT NULL,
  `end_date` date NOT NULL,
  `pick_up_location` varchar(255) NOT NULL,
  `pick_up_time` time NOT NULL,
  `car_type` varchar(50) NOT NULL,
  `charge_type` varchar(50) NOT NULL,
  `driver_option` enum('yes','no') NOT NULL,
  `total_fare` decimal(10,2) NOT NULL,
  `advance_deposit` decimal(10,2) NOT NULL,
  `booking_status` enum('active','pending','completed') DEFAULT 'pending',
  `registration_no` varchar(50) NOT NULL,
  `model_name` varchar(100) NOT NULL,
  `created_at` timestamp NOT NULL DEFAULT current_timestamp(),
  `booking_date` date DEFAULT curdate(),
  `invoice_number` varchar(255) DEFAULT NULL,
  `return_date` timestamp NULL DEFAULT NULL
) ENGINE=InnoDB DEFAULT CHARSET=utf8mb4 COLLATE=utf8mb4_general_ci;

--
-- Dumping data for table `bookings`
--

INSERT INTO `bookings` (`booking_id`, `vehicle_id`, `customer_id`, `start_date`, `end_date`, `pick_up_location`, `pick_up_time`, `car_type`, `charge_type`, `driver_option`, `total_fare`, `advance_deposit`, `booking_status`, `registration_no`, `model_name`, `created_at`, `booking_date`, `invoice_number`, `return_date`) VALUES
(16, 3, 2, '2024-11-07', '2024-11-09', 'Shell Karen', '14:28:00', 'With AC', 'per_day', 'yes', 9600.00, 6720.00, 'completed', 'KDF 544F', 'Honda Civic', '2024-11-06 11:26:36', '2024-11-06', NULL, NULL),
(17, 4, 1, '2024-11-08', '2024-11-10', 'Lenana', '17:48:00', 'With AC', 'per_day', 'yes', 13000.00, 9100.00, 'completed', 'KAZ 312Y', 'Convertible', '2024-11-07 12:48:30', '2024-11-07', NULL, NULL),
(19, 5, 3, '2024-11-08', '2024-11-09', 'Karen shell', '16:44:00', 'With AC', 'per_day', 'no', 9500.00, 6650.00, 'completed', 'KAL 456K', 'Chevrolet Silverado', '2024-11-07 13:44:34', '2024-11-07', NULL, NULL),
(20, 6, 1, '2024-11-08', '2024-11-09', 'Lenana', '17:14:00', 'With AC', 'per_day', 'no', 3400.00, 2380.00, 'completed', 'KDN 761A', 'VOLKSWAGEN GOLF', '2024-11-07 14:13:25', '2024-11-07', NULL, NULL),
(21, 8, 3, '2024-11-07', '2024-11-09', 'Corner', '19:16:00', 'With AC', 'per_day', 'yes', 6600.00, 4620.00, 'completed', 'KBG 516T', 'Sedan', '2024-11-07 14:14:40', '2024-11-07', NULL, NULL),
(22, 7, 2, '2024-11-08', '2024-11-09', 'Kindaruma road', '15:45:00', 'With AC', 'per_day', 'yes', 12500.00, 8750.00, 'completed', 'KDL 432W', 'Range Rover Sport', '2024-11-07 14:18:52', '2024-11-07', NULL, NULL),
(23, 9, 1, '2024-11-08', '2024-11-09', 'Lenana', '16:16:00', 'With AC', 'per_day', 'yes', 4000.00, 2800.00, 'completed', 'KAZ 702A', 'Minivan', '2024-11-07 14:47:12', '2024-11-07', NULL, NULL),
(24, 10, 2, '2024-11-07', '2024-11-09', 'Kindaruma road', '17:55:00', 'With AC', 'per_day', 'yes', 12000.00, 8400.00, 'completed', 'KDK 423F', 'Coupe', '2024-11-07 14:47:42', '2024-11-07', NULL, NULL),
(25, 14, 3, '2024-11-08', '2024-11-12', 'Karen shell', '13:20:00', 'With AC', 'per_day', 'no', 28000.00, 19600.00, 'completed', 'KDM 100Z', 'Mercedez Benz', '2024-11-07 14:48:45', '2024-11-07', NULL, NULL),
(26, 12, 1, '2024-11-07', '2024-11-09', 'Shell Karen', '14:01:00', 'With AC', 'per_day', 'yes', 6000.00, 4200.00, 'completed', 'KBM 510L', 'Fortune', '2024-11-07 15:36:45', '2024-11-07', NULL, NULL),
(27, 11, 2, '2024-11-09', '2024-11-12', 'karen shell', '18:15:00', 'With AC', 'per_day', 'yes', 26000.00, 18200.00, 'completed', 'KBZ 200Y', 'Ford F-series', '2024-11-08 08:22:47', '2024-11-08', NULL, NULL),
(28, 15, 2, '2024-11-08', '2024-11-10', 'karen shell', '14:15:00', 'With AC', 'per_day', 'yes', 73000.00, 51100.00, 'completed', 'KDF 500P', 'Mercedes-Benz G Wagon', '2024-11-08 09:29:15', '2024-11-08', NULL, NULL),
(29, 16, 2, '2024-11-10', '2024-11-14', 'karen shell', '15:15:00', 'With AC', 'per_day', 'yes', 124000.00, 86800.00, 'completed', 'KDN 702R', 'Lexus Rx', '2024-11-08 10:15:04', '2024-11-08', NULL, '2024-11-30 11:21:58'),
(30, 20, 3, '2024-11-12', '2024-11-14', 'Kindaruma road', '16:16:00', 'With AC', 'per_day', 'yes', 20000.00, 14000.00, 'completed', 'KCH 412K', 'Mahindra XUV', '2024-11-08 10:16:05', '2024-11-08', NULL, NULL),
(31, 1, 3, '2024-11-22', '2024-11-23', 'Shell Karen', '15:15:00', 'Without AC', 'per_day', 'yes', 4000.00, 2800.00, 'completed', 'KBF 321W', 'Hatchback', '2024-11-21 11:30:49', '2024-11-21', NULL, NULL),
(32, 4, 3, '2024-11-24', '2024-11-26', 'Shell Karen', '16:20:00', 'With AC', 'per_day', 'yes', 13000.00, 9100.00, 'completed', 'KAZ 312Y', 'Convertible', '2024-11-21 11:35:11', '2024-11-21', NULL, '2024-11-30 11:16:57'),
(36, 14, 1, '2024-12-01', '2024-12-03', 'Kayole', '14:14:00', 'With AC', 'per_day', 'yes', 16500.00, 11200.00, 'completed', 'KDM 100Z', 'Mercedez Benz', '2024-11-30 10:54:24', '2024-11-30', NULL, '2024-11-30 11:09:35'),
(38, 1, 1, '2024-12-01', '2024-12-02', 'Kitengera', '12:12:00', 'With AC', 'per_day', 'yes', 4500.00, 3150.00, 'completed', 'KBF 321W', 'Hatchback', '2024-11-30 11:13:02', '2024-11-30', NULL, '2024-11-30 11:18:56');

-- --------------------------------------------------------

--
-- Table structure for table `cancelledbookings`
--

CREATE TABLE `cancelledbookings` (
  `cancel_id` int(11) NOT NULL,
  `booking_id` int(11) NOT NULL,
  `customer_id` int(11) NOT NULL,
  `vehicle_id` int(11) NOT NULL,
  `start_date` date NOT NULL,
  `end_date` date NOT NULL,
  `cancellation_date` timestamp NOT NULL DEFAULT current_timestamp(),
  `cancellation_reason` varchar(255) DEFAULT NULL
) ENGINE=InnoDB DEFAULT CHARSET=utf8mb4 COLLATE=utf8mb4_general_ci;

--
-- Dumping data for table `cancelledbookings`
--

INSERT INTO `cancelledbookings` (`cancel_id`, `booking_id`, `customer_id`, `vehicle_id`, `start_date`, `end_date`, `cancellation_date`, `cancellation_reason`) VALUES
(1, 39, 1, 1, '2024-11-30', '2024-12-03', '2024-11-30 11:29:24', 'I will be in a meeting'),
(2, 40, 1, 1, '2024-11-30', '2024-12-03', '2024-11-30 11:35:24', 'I will be in a meeting'),
(3, 41, 1, 1, '2024-12-01', '2024-12-04', '2024-11-30 11:36:50', ''),
(4, 42, 1, 1, '2024-12-03', '2024-12-04', '2024-12-02 10:00:43', 'I want to chage the time and date');

-- --------------------------------------------------------

--
-- Table structure for table `completed_tasks`
--

CREATE TABLE `completed_tasks` (
  `task_id` int(11) NOT NULL,
  `assignment_id` int(11) NOT NULL,
  `driver_id` int(11) NOT NULL,
  `booking_id` int(11) NOT NULL,
  `vehicle_id` int(11) NOT NULL,
  `registration_no` varchar(50) NOT NULL,
  `model_name` varchar(100) NOT NULL,
  `completed_at` timestamp NOT NULL DEFAULT current_timestamp() ON UPDATE current_timestamp(),
  `created_at` timestamp NOT NULL DEFAULT current_timestamp()
) ENGINE=InnoDB DEFAULT CHARSET=utf8mb4 COLLATE=utf8mb4_general_ci;

--
-- Dumping data for table `completed_tasks`
--

INSERT INTO `completed_tasks` (`task_id`, `assignment_id`, `driver_id`, `booking_id`, `vehicle_id`, `registration_no`, `model_name`, `completed_at`, `created_at`) VALUES
(1, 7, 1, 26, 12, 'KBM 510L', 'Fortune', '2024-11-08 08:02:42', '2024-11-08 08:02:42'),
(8, 9, 1, 28, 15, 'KDF 500P', 'Mercedes-Benz G Wagon', '2024-11-08 10:04:39', '2024-11-08 10:04:39'),
(11, 10, 1, 29, 16, 'KDN 702R', 'Lexus Rx', '2024-11-08 12:54:20', '2024-11-08 12:54:20'),
(12, 11, 2, 30, 20, 'KCH 412K', 'Mahindra XUV', '2024-11-21 11:28:06', '2024-11-21 11:28:06'),
(13, 12, 2, 31, 1, 'KBF 321W', 'Hatchback', '2024-11-21 11:34:17', '2024-11-21 11:34:17'),
(14, 13, 1, 32, 4, 'KAZ 312Y', 'Convertible', '2024-11-22 10:25:27', '2024-11-22 10:25:27'),
(15, 17, 3, 36, 14, 'KDM 100Z', 'Mercedez Benz', '2024-11-30 10:55:23', '2024-11-30 10:55:23'),
(16, 19, 3, 38, 1, 'KBF 321W', 'Hatchback', '2024-11-30 11:18:47', '2024-11-30 11:18:47');

-- --------------------------------------------------------

--
-- Table structure for table `contact_messages`
--

CREATE TABLE `contact_messages` (
  `id` int(11) NOT NULL,
  `name` varchar(100) NOT NULL,
  `email` varchar(100) NOT NULL,
  `subject` varchar(255) NOT NULL,
  `message` text NOT NULL,
  `created_at` timestamp NOT NULL DEFAULT current_timestamp()
) ENGINE=InnoDB DEFAULT CHARSET=utf8mb4 COLLATE=utf8mb4_general_ci;

--
-- Dumping data for table `contact_messages`
--

INSERT INTO `contact_messages` (`id`, `name`, `email`, `subject`, `message`, `created_at`) VALUES
(1, 'Eston Kiama', 'engestonbrandonkiama@gmail.com', 'Hio error ni ya ?', 'vp', '2024-10-25 13:48:10'),
(2, 'Eston Kiama', 'engestonbrandonkiama@gmail.com', 'Hio error ni ya ?', 'vp', '2024-10-25 13:50:16'),
(3, 'Eston Kiama', 'engestonbrandonkiama@gmail.com', 'Hio error ni ya ?', 'vp', '2024-10-25 13:54:09'),
(4, 'BRANDON ESTON', 'kiamaeston0@gmail.com', 'Hio error ni ya ?', 'vp', '2024-10-26 12:22:04'),
(5, 'MALT BRANDON', 'estonnmose@gmail.com', 'Call', 'me', '2024-11-21 12:53:18');

-- --------------------------------------------------------

--
-- Table structure for table `customers`
--

CREATE TABLE `customers` (
  `id` int(11) NOT NULL,
  `full_name` varchar(100) NOT NULL,
  `email` varchar(100) NOT NULL,
  `status` enum('active','inactive','suspended','pending') NOT NULL DEFAULT 'active',
  `last_logout` datetime DEFAULT NULL,
  `password` varchar(255) NOT NULL,
  `mobile` varchar(12) NOT NULL,
  `gender` enum('male','female','other') NOT NULL,
  `dob` date NOT NULL,
  `occupation` varchar(100) NOT NULL,
  `residence` varchar(100) NOT NULL,
  `created_at` timestamp NOT NULL DEFAULT current_timestamp(),
  `profile_picture` varchar(255) DEFAULT 'default_profile.png',
  `remember_token` varchar(255) DEFAULT NULL,
  `last_login` datetime DEFAULT NULL,
  `reset_token` varchar(255) DEFAULT NULL,
  `token_expiration` datetime DEFAULT NULL
) ;

--
-- Dumping data for table `customers`
--

INSERT INTO `customers` (`id`, `full_name`, `email`, `status`, `last_logout`, `password`, `mobile`, `gender`, `dob`, `occupation`, `residence`, `created_at`, `profile_picture`, `remember_token`, `last_login`, `reset_token`, `token_expiration`) VALUES
(1, 'Moses Karunga', 'kiamaeston0@gmail.com', 'active', '2024-12-02 13:14:05', '$2y$10$w/kqlWy45AiKgqJalwdAde/22UCEFsZtpPipg9jnRZVR.McItMGnK', '254757196660', 'male', '1993-08-24', 'Software Engineer', 'Westlands', '2024-10-29 10:46:51', 'Customerprofile/son.jpeg', '$2y$10$kfR4QTOdvSkmZq1FNd6NJuG/WFW8H9veOLJNdbYliGV7ZF6VSqMFm', '2024-12-02 13:13:55', NULL, NULL),
(2, 'Milton Otieno', 'estonnmose@gmail.com', 'active', '2024-12-02 13:14:30', '$2y$10$WQYC1636B74Nv17e1a7HNuGNwyMh9kI7WSJL7eIiJD2ABD/cqGEbq', '25471234567', 'male', '1978-04-11', 'Police Officer', 'Ngong Town', '2024-10-31 14:49:35', 'Customerprofile/my-profile-img.jpg', '$2y$10$o8wR41JFseDJSho3csevmOs3NNBxmBwT04myRXA3aB.LyZUEEGxtG', '2024-12-02 13:14:22', NULL, NULL),
(3, 'Mary Ochieng', 'mary@gmail.com', 'active', '2024-12-02 13:16:39', '$2y$10$O5/f4pB.pADTHHXVSEK7zeoXj9p9Ye1oNM1C5mo9k1rHhlZ62HUOC', '2547656555', 'female', '1976-04-12', 'Missionary', 'Kangemi', '2024-11-05 09:45:44', 'Customerprofile/Convertible.jpg', NULL, '2024-12-02 13:14:49', NULL, NULL),
(4, 'Tom Kamau', 'tomkam@gmail.com', 'active', '2024-12-02 14:57:07', '$2y$10$UD.xvr6YVEH0AG0zpAmE3ucqxGfMwf.b4mnKMbitqSr8Q3J.kx1jm', '0765554444', 'male', '2000-12-17', 'A Teacher', 'Kitengela', '2024-12-02 11:51:11', 'Customerprofile/BMW X1.jpeg', NULL, '2024-12-02 14:56:18', NULL, NULL),
(5, 'Sarah watima', 'sarah@gmail.com', 'active', '2024-12-02 15:03:55', '$2y$10$tbl7dPno/ZBwIKIpe4hBaeqZfUKAHcikcrB6MOavYa2lPDo2lhH4K', '0706831847', 'female', '1993-11-13', 'Youth leader', 'Kawangware', '2024-12-02 11:53:50', 'Customerprofile/Audi S5 Sportback.jpeg', NULL, '2024-12-02 15:02:42', NULL, NULL);

-- --------------------------------------------------------

--
-- Table structure for table `drivers`
--

CREATE TABLE `drivers` (
  `driver_id` int(11) NOT NULL,
  `name` varchar(100) NOT NULL,
  `contact_no` varchar(15) NOT NULL,
  `residence` text NOT NULL,
  `age` int(11) NOT NULL CHECK (`age` between 18 and 70),
  `driving_license_no` varchar(50) NOT NULL,
  `license_image` varchar(255) NOT NULL,
  `email` varchar(255) NOT NULL,
  `password` varchar(255) NOT NULL,
  `profile_picture` varchar(255) DEFAULT NULL,
  `availability_status` enum('Available','Unavailable') DEFAULT 'Available',
  `reset_token` varchar(255) DEFAULT NULL,
  `token_expiration` datetime DEFAULT NULL
) ENGINE=InnoDB DEFAULT CHARSET=utf8mb4 COLLATE=utf8mb4_general_ci;

--
-- Dumping data for table `drivers`
--

INSERT INTO `drivers` (`driver_id`, `name`, `contact_no`, `residence`, `age`, `driving_license_no`, `license_image`, `email`, `password`, `profile_picture`, `availability_status`, `reset_token`, `token_expiration`) VALUES
(1, 'TonyRoy Smith', '0765554444', 'Kawangware', 23, 'PHD106', 'Drivers/license.jpeg', 'kiamaeston2@gmail.com', '$2y$10$Prqkg0QdRFDQyFZ0VyaFWO8BIUBl2N4U3qpCygS9B5LbaA4XKIQjC', 'Driverprof/th.jpeg', 'Available', NULL, NULL),
(2, 'Prestone Ongoro', '0765554444', 'Ngong', 35, 'LIC-6728908c99cf0', 'Drivers/license.jpeg', 'kiamaeston0@gmail.com', '$2y$10$LlCHaivLmqaY4SpaC0TqSOr1wtqME2Ul0gvzywBGAZIChozyLUwoO', 'Driverprof/20220827_203534.jpg', 'Available', NULL, NULL),
(3, 'Crispin Wambugu', '7575196660', 'Kayole', 33, 'LIC-67404e672fa42', 'Drivers/license.jpeg', 'crispin@gmail.com', '$2y$10$YWcGb4moqhSVvQeTATClzeF/VQqzX1AphSwlJxNJthCqTRRfzfFVi', NULL, 'Available', NULL, NULL);

-- --------------------------------------------------------

--
-- Table structure for table `driver_assignments`
--

CREATE TABLE `driver_assignments` (
  `assignment_id` int(11) NOT NULL,
  `booking_id` int(11) NOT NULL,
  `vehicle_id` int(11) NOT NULL,
  `registration_no` varchar(20) NOT NULL,
  `model_name` varchar(50) NOT NULL,
  `driver_id` int(11) NOT NULL,
  `customer_id` int(11) NOT NULL,
  `fullname` varchar(100) NOT NULL,
  `assigned_at` datetime DEFAULT current_timestamp()
) ENGINE=InnoDB DEFAULT CHARSET=utf8mb4 COLLATE=utf8mb4_general_ci;

--
-- Dumping data for table `driver_assignments`
--

INSERT INTO `driver_assignments` (`assignment_id`, `booking_id`, `vehicle_id`, `registration_no`, `model_name`, `driver_id`, `customer_id`, `fullname`, `assigned_at`) VALUES
(7, 26, 12, 'KBM 510L', 'Fortune', 1, 1, 'Moses Karunga', '2024-11-07 18:36:45'),
(8, 27, 11, 'KBZ 200Y', 'Ford F-series', 2, 2, 'Milton Otieno', '2024-11-08 11:22:47'),
(9, 28, 15, 'KDF 500P', 'Mercedes-Benz G Wagon', 1, 2, 'Milton Otieno', '2024-11-08 12:29:15'),
(10, 29, 16, 'KDN 702R', 'Lexus Rx', 1, 2, 'Milton Otieno', '2024-11-08 13:15:04'),
(11, 30, 20, 'KCH 412K', 'Mahindra XUV', 2, 3, 'Mary Ochieng', '2024-11-08 13:16:05'),
(12, 31, 1, 'KBF 321W', 'Hatchback', 2, 3, 'Mary Ochieng', '2024-11-21 14:30:49'),
(13, 32, 4, 'KAZ 312Y', 'Convertible', 1, 3, 'Mary Ochieng', '2024-11-21 14:35:11'),
(17, 36, 14, 'KDM 100Z', 'Mercedez Benz', 3, 1, 'Moses Karunga', '2024-11-30 13:54:24'),
(19, 38, 1, 'KBF 321W', 'Hatchback', 3, 1, 'Moses Karunga', '2024-11-30 14:13:02');

-- --------------------------------------------------------

--
-- Table structure for table `newsletter_subscribers`
--

CREATE TABLE `newsletter_subscribers` (
  `id` int(11) NOT NULL,
  `email` varchar(255) NOT NULL,
  `subscribed_at` timestamp NOT NULL DEFAULT current_timestamp()
) ENGINE=InnoDB DEFAULT CHARSET=utf8mb4 COLLATE=utf8mb4_general_ci;

--
-- Dumping data for table `newsletter_subscribers`
--

INSERT INTO `newsletter_subscribers` (`id`, `email`, `subscribed_at`) VALUES
(1, 'kiamaeston2@gmail.com', '2024-10-28 08:07:19'),
(2, 'estonnmose@gmail.com', '2024-11-21 12:54:50');

-- --------------------------------------------------------

--
-- Table structure for table `remember_tokens`
--

CREATE TABLE `remember_tokens` (
  `id` int(11) NOT NULL,
  `user_id` int(11) NOT NULL,
  `token_hash` varchar(255) NOT NULL,
  `expiry` datetime NOT NULL,
  `created_at` timestamp NOT NULL DEFAULT current_timestamp()
) ENGINE=InnoDB DEFAULT CHARSET=utf8mb4 COLLATE=utf8mb4_general_ci;

-- --------------------------------------------------------

--
-- Table structure for table `services`
--

CREATE TABLE `services` (
  `service_id` int(11) NOT NULL,
  `vehicle_id` int(11) NOT NULL,
  `booking_id` int(11) NOT NULL,
  `service_date` timestamp NOT NULL DEFAULT current_timestamp(),
  `return_condition` enum('good','fair','damaged') NOT NULL,
  `additional_charges` decimal(10,2) DEFAULT 0.00,
  `service_comments` text DEFAULT NULL
) ENGINE=InnoDB DEFAULT CHARSET=utf8mb4 COLLATE=utf8mb4_general_ci;

--
-- Dumping data for table `services`
--

INSERT INTO `services` (`service_id`, `vehicle_id`, `booking_id`, `service_date`, `return_condition`, `additional_charges`, `service_comments`) VALUES
(1, 14, 36, '2024-11-30 11:09:35', 'good', 500.00, 'it was awesome ride'),
(2, 4, 32, '2024-11-30 11:16:57', 'good', 0.00, '1'),
(3, 1, 38, '2024-11-30 11:18:56', 'good', 0.00, ''),
(4, 16, 29, '2024-11-30 11:21:58', 'good', 0.00, '');

-- --------------------------------------------------------

--
-- Table structure for table `support_messages`
--

CREATE TABLE `support_messages` (
  `id` int(11) NOT NULL,
  `customer_id` int(11) DEFAULT NULL,
  `sender` enum('customer','admin') NOT NULL,
  `message` text NOT NULL,
  `created_at` timestamp NOT NULL DEFAULT current_timestamp()
) ENGINE=InnoDB DEFAULT CHARSET=utf8mb4 COLLATE=utf8mb4_general_ci;

--
-- Dumping data for table `support_messages`
--

INSERT INTO `support_messages` (`id`, `customer_id`, `sender`, `message`, `created_at`) VALUES
(25, 2, 'customer', 'Hello', '2024-11-08 09:11:34'),
(26, 2, 'admin', 'Hello', '2024-11-08 09:11:44'),
(27, 3, 'customer', 'hello', '2024-11-21 10:53:43'),
(28, 3, 'admin', 'hello', '2024-11-21 10:53:52'),
(29, 1, 'customer', 'hello', '2024-12-02 09:46:16'),
(30, 1, 'admin', 'How is you', '2024-12-02 09:46:32'),
(31, 1, 'customer', 'Am good', '2024-12-02 09:46:44'),
(32, 1, 'admin', 'Great how can i be of assistance', '2024-12-02 09:47:45'),
(33, 1, 'customer', 'I have an issue with making payments', '2024-12-02 09:48:08'),
(34, 1, 'admin', 'Yes we are having  an issue with that and we are in the process of solving it', '2024-12-02 09:48:47');

-- --------------------------------------------------------

--
-- Table structure for table `vehicles`
--

CREATE TABLE `vehicles` (
  `vehicle_id` int(11) NOT NULL,
  `registration_no` varchar(8) NOT NULL,
  `model_name` varchar(100) NOT NULL,
  `description` text NOT NULL,
  `availability_status` enum('Available','Unavailable') NOT NULL,
  `photo` varchar(255) DEFAULT NULL,
  `created_at` timestamp NOT NULL DEFAULT current_timestamp(),
  `price_per_day` decimal(10,2) NOT NULL,
  `ac_price_per_day` decimal(10,2) DEFAULT NULL,
  `non_ac_price_per_day` decimal(10,2) DEFAULT NULL,
  `km_price` decimal(10,2) DEFAULT NULL
) ENGINE=InnoDB DEFAULT CHARSET=utf8mb4 COLLATE=utf8mb4_general_ci;

--
-- Dumping data for table `vehicles`
--

INSERT INTO `vehicles` (`vehicle_id`, `registration_no`, `model_name`, `description`, `availability_status`, `photo`, `created_at`, `price_per_day`, `ac_price_per_day`, `non_ac_price_per_day`, `km_price`) VALUES
(1, 'KBF 321W', 'Hatchback', 'Hatchback', 'Available', 'Cars/Hatchback.jpeg', '2024-10-29 11:12:33', 2000.00, NULL, NULL, NULL),
(2, 'KCM 213M', 'BMW X6', 'Bold, Luxurious, Powerful, Sporty, Innovative.', 'Available', 'Cars/BMW X6 M.jpeg', '2024-10-29 09:03:51', 3500.00, NULL, NULL, NULL),
(3, 'KDF 544F', 'Honda Civic', 'Bold, Luxurious, Powerful', 'Available', 'Cars/Honda Civic.png', '2024-10-29 09:05:45', 3300.00, NULL, NULL, NULL),
(4, 'KAZ 312Y', 'Convertible', 'Convertible', 'Available', 'Cars/Convertible.jpg', '2024-10-29 09:07:23', 5000.00, NULL, NULL, NULL),
(5, 'KAL 456K', 'Chevrolet Silverado', 'Powerful American pickup truck, reliable workhorse.', 'Available', 'Cars/Chevrolet Silverado.jpeg', '2024-10-29 10:21:16', 9000.00, NULL, NULL, NULL),
(6, 'KDN 761A', 'VOLKSWAGEN GOLF', 'Dynamic Chassis Control system(DCC) Launch control Daytime running LED lights. ', 'Available', 'Cars/Volkswagen Golf R.jpeg', '2024-10-29 10:52:54', 2900.00, NULL, NULL, NULL),
(7, 'KDL 432W', 'Range Rover Sport', 'Luxurious, capable, versatile, premium SUV.', 'Available', 'Cars/Range Rover Sport.jpeg', '2024-10-30 12:20:43', 10000.00, NULL, NULL, NULL),
(8, 'KBG 516T', 'Sedan', 'Sedans offer comfort and style.', 'Available', 'Cars/Sedan.jpeg', '2024-10-30 13:42:03', 1800.00, NULL, NULL, NULL),
(9, 'KAZ 702A', 'Minivan', 'Minivans provide spacious family travel.', 'Available', 'Cars/Minivan.jpg', '2024-10-30 13:43:52', 1500.00, NULL, NULL, NULL),
(10, 'KDK 423F', 'Coupe', 'Coupes offer a stylish two-door design.', 'Available', 'Cars/Coupe.jpg', '2024-10-30 13:45:37', 4500.00, NULL, NULL, NULL),
(11, 'KBZ 200Y', 'Ford F-series', 'The Ford F-Series is a popular truck line.', 'Available', 'Cars/Ford F-series.jpeg', '2024-10-30 13:47:57', 7500.00, NULL, NULL, NULL),
(12, 'KBM 510L', 'Fortune', 'Prestigious comfort and elegant design', 'Available', 'Cars/Fortuner.png', '2024-10-31 07:52:24', 1500.00, NULL, NULL, NULL),
(13, 'KDG 310P', 'Tesla', 'Electric, innovative, autonomous, stylish, efficient', 'Available', 'Cars/Tesla.jpg', '2024-10-31 13:02:48', 50000.00, NULL, NULL, NULL),
(14, 'KDM 100Z', 'Mercedez Benz', 'Elegance, performance, luxury redefined daily', 'Available', 'Cars/Mercedez Benz.jpg', '2024-10-31 17:28:25', 6500.00, NULL, NULL, NULL),
(15, 'KDF 500P', 'Mercedes-Benz G Wagon', 'Luxury, rugged, powerful, iconic, off-road.', 'Available', 'Cars/G Wagon benz.jpeg', '2024-11-05 07:17:06', 35000.00, NULL, NULL, NULL),
(16, 'KDN 702R', 'Lexus Rx', '\r\nStylish, versatile, comfortable, premium, reliable.', 'Available', 'Cars/Lexus RX 2024.jpeg', '2024-11-05 07:19:45', 30000.00, NULL, NULL, NULL),
(17, 'KBZ 421T', 'Audi S5 Sportback', 'Sleek, sporty, powerful, luxurious, dynamic.', 'Available', 'Cars/Audi S5 Sportback.jpeg', '2024-11-05 07:24:54', 18000.00, NULL, NULL, NULL),
(18, 'KDG 125A', 'Subaru Forester', 'Versatile, rugged, spacious, reliable, adventurous.', 'Available', 'Cars/Subaru Forester.jpeg', '2024-11-05 07:26:55', 10000.00, NULL, NULL, NULL),
(19, 'KAX 102', 'Volkswagen Beetle.', 'Classic, round-shaped, iconic vintage Volkswagen Beetle.', 'Available', 'Cars/Volkswagen Beetle.jpg', '2024-11-05 09:05:52', 900.00, NULL, NULL, NULL),
(20, 'KCH 412K', 'Mahindra XUV', ' With a bold and modern exterior, it showcases a distinctive grille, sleek LED headlights', 'Available', 'Cars/Mahindra XUV.jpg', '2024-11-05 11:44:36', 8500.00, NULL, NULL, NULL),
(21, 'KBF 120Y', 'Nexon', 'Tata Nexon: Stylish, safe, efficient, versatile, compact, sporty SUV.', 'Available', 'Cars/nexon.jpg', '2024-11-05 11:45:57', 7500.00, NULL, NULL, NULL),
(22, 'KBM 500P', 'Subaru Outback', 'Subaru Outback: Rugged, spacious, versatile, reliable, safe, all-terrain SUV.', 'Available', 'Cars/Subaru Outback.jpeg', '2024-11-05 11:47:52', 9500.00, NULL, NULL, NULL),
(23, 'KBN 056A', 'Toyota Harrier', 'Toyota Harrier: Stylish, comfortable, luxurious, efficient, advanced, family-friendly SUV.', 'Available', 'Cars/Toyota Harrier.jpeg', '2024-11-05 11:50:23', 7500.00, NULL, NULL, NULL),
(24, 'KAK 009I', 'Toyota Land Cruiser 250 Series', 'Toyota Land Cruiser 250 Series: Rugged, powerful, spacious, reliable, advanced, off-road-capable SUV.', 'Available', 'Cars/Toyota land Cruise 250 series.jpeg', '2024-11-05 11:53:38', 10000.00, NULL, NULL, NULL),
(25, 'KCZ 154L', 'Hilux SR 4X4 Double cab', 'Tough, versatile, powerful, durable, spacious, off-road-ready truck.', 'Available', 'Cars/Hilux SR 4X4 Double cab.jpeg', '2024-11-05 11:56:06', 19000.00, NULL, NULL, NULL),
(26, 'KCM 134k', 'BMW X6', ' Sleek, sporty, luxurious, powerful, coupe-style, dynamic, advanced, premium.', 'Available', 'Cars/BMW X6.jpeg', '2024-11-05 11:57:47', 8700.02, NULL, NULL, NULL),
(27, 'KDM 400V', 'Mazda CX-5', 'Sleek, compact, versatile crossover SUV.', 'Available', 'Cars/Mazda CX-5.jpeg', '2024-11-05 14:02:23', 4500.00, NULL, NULL, NULL),
(28, 'KAM 704H', 'Subaru WRX', 'Sporty, agile, turbocharged performance sedan.', 'Available', 'Cars/Subaru WRX.jpeg', '2024-11-05 14:04:38', 3500.00, NULL, NULL, NULL),
(29, 'KBL 411B', 'Subaru Forester XT', 'Rugged, spacious, all-wheel-drive crossover.', 'Available', 'Cars/Subaru Forester XT.jpeg', '2024-11-05 14:20:47', 6500.00, NULL, NULL, NULL),
(30, 'KDP 600O', 'BMW 523D', 'Elegant, luxurious', 'Available', 'Cars/BMW 523D.jpeg', '2024-11-05 14:22:02', 8500.00, NULL, NULL, NULL),
(31, 'KDG 011S', 'Nissan Patrol', 'Powerful, rugged, spacious off-road SUV.', 'Available', 'Cars/Nissan Patrol.jpeg', '2024-11-05 14:23:19', 95000.00, NULL, NULL, NULL),
(32, 'KCS 400Y', 'Mazda Demio', 'Compact, efficient, stylish', 'Available', 'Cars/Mazda Demio.jpeg', '2024-11-05 14:24:24', 2000.00, NULL, NULL, NULL),
(33, 'KDH 300T', 'Toyota Land Cruiser', ' Rugged, powerful, spacious, reliable, advanced, off-road-capable SUV.', 'Available', 'Cars/Toyota Land Cruiser prado.jpeg', '2024-11-21 11:19:08', 17000.00, NULL, NULL, NULL),
(38, 'KAZ 154', 'Nissan', 'Powerful', 'Available', 'Cars/Nissan Xtrail.jpeg', '2024-11-21 11:26:38', 3500.00, NULL, NULL, NULL),
(39, 'KBM 125L', 'Mercedez Benz', 'Bold, Luxurious, Powerful', 'Available', 'Cars/Mercedes Benz C200.jpeg', '2024-11-21 12:29:46', 7500.00, NULL, NULL, NULL),
(40, 'KDK 001z', 'Subaru Pleo', '\r\nThe Subaru Pleo is a compact, practical, fuel-efficient kei car.', 'Available', 'Cars/Subaru Pleo.jpeg', '2024-11-30 11:47:17', 800.00, NULL, NULL, NULL);

--
-- Indexes for dumped tables
--

--
-- Indexes for table `admins`
--
ALTER TABLE `admins`
  ADD PRIMARY KEY (`id`),
  ADD UNIQUE KEY `email_address` (`email_address`);

--
-- Indexes for table `bookings`
--
ALTER TABLE `bookings`
  ADD PRIMARY KEY (`booking_id`),
  ADD KEY `vehicle_id` (`vehicle_id`),
  ADD KEY `customer_id` (`customer_id`);

--
-- Indexes for table `cancelledbookings`
--
ALTER TABLE `cancelledbookings`
  ADD PRIMARY KEY (`cancel_id`),
  ADD KEY `customer_id` (`customer_id`),
  ADD KEY `vehicle_id` (`vehicle_id`);

--
-- Indexes for table `completed_tasks`
--
ALTER TABLE `completed_tasks`
  ADD PRIMARY KEY (`task_id`),
  ADD KEY `assignment_id` (`assignment_id`),
  ADD KEY `driver_id` (`driver_id`),
  ADD KEY `booking_id` (`booking_id`),
  ADD KEY `vehicle_id` (`vehicle_id`);

--
-- Indexes for table `contact_messages`
--
ALTER TABLE `contact_messages`
  ADD PRIMARY KEY (`id`);

--
-- Indexes for table `customers`
--
ALTER TABLE `customers`
  ADD PRIMARY KEY (`id`),
  ADD UNIQUE KEY `email` (`email`);

--
-- Indexes for table `drivers`
--
ALTER TABLE `drivers`
  ADD PRIMARY KEY (`driver_id`),
  ADD UNIQUE KEY `driving_license_no` (`driving_license_no`);

--
-- Indexes for table `driver_assignments`
--
ALTER TABLE `driver_assignments`
  ADD PRIMARY KEY (`assignment_id`),
  ADD KEY `vehicle_id` (`vehicle_id`),
  ADD KEY `driver_id` (`driver_id`),
  ADD KEY `customer_id` (`customer_id`),
  ADD KEY `driver_assignments_ibfk_1` (`booking_id`);

--
-- Indexes for table `newsletter_subscribers`
--
ALTER TABLE `newsletter_subscribers`
  ADD PRIMARY KEY (`id`),
  ADD UNIQUE KEY `email` (`email`);

--
-- Indexes for table `remember_tokens`
--
ALTER TABLE `remember_tokens`
  ADD PRIMARY KEY (`id`),
  ADD KEY `user_id` (`user_id`);

--
-- Indexes for table `services`
--
ALTER TABLE `services`
  ADD PRIMARY KEY (`service_id`),
  ADD KEY `vehicle_id` (`vehicle_id`),
  ADD KEY `booking_id` (`booking_id`);

--
-- Indexes for table `support_messages`
--
ALTER TABLE `support_messages`
  ADD PRIMARY KEY (`id`),
  ADD KEY `customer_id` (`customer_id`);

--
-- Indexes for table `vehicles`
--
ALTER TABLE `vehicles`
  ADD PRIMARY KEY (`vehicle_id`);

--
-- AUTO_INCREMENT for dumped tables
--

--
-- AUTO_INCREMENT for table `admins`
--
ALTER TABLE `admins`
  MODIFY `id` int(11) NOT NULL AUTO_INCREMENT, AUTO_INCREMENT=3;

--
-- AUTO_INCREMENT for table `bookings`
--
ALTER TABLE `bookings`
  MODIFY `booking_id` int(11) NOT NULL AUTO_INCREMENT, AUTO_INCREMENT=43;

--
-- AUTO_INCREMENT for table `cancelledbookings`
--
ALTER TABLE `cancelledbookings`
  MODIFY `cancel_id` int(11) NOT NULL AUTO_INCREMENT, AUTO_INCREMENT=5;

--
-- AUTO_INCREMENT for table `completed_tasks`
--
ALTER TABLE `completed_tasks`
  MODIFY `task_id` int(11) NOT NULL AUTO_INCREMENT, AUTO_INCREMENT=17;

--
-- AUTO_INCREMENT for table `contact_messages`
--
ALTER TABLE `contact_messages`
  MODIFY `id` int(11) NOT NULL AUTO_INCREMENT, AUTO_INCREMENT=6;

--
-- AUTO_INCREMENT for table `customers`
--
ALTER TABLE `customers`
  MODIFY `id` int(11) NOT NULL AUTO_INCREMENT;

--
-- AUTO_INCREMENT for table `drivers`
--
ALTER TABLE `drivers`
  MODIFY `driver_id` int(11) NOT NULL AUTO_INCREMENT, AUTO_INCREMENT=4;

--
-- AUTO_INCREMENT for table `driver_assignments`
--
ALTER TABLE `driver_assignments`
  MODIFY `assignment_id` int(11) NOT NULL AUTO_INCREMENT, AUTO_INCREMENT=23;

--
-- AUTO_INCREMENT for table `newsletter_subscribers`
--
ALTER TABLE `newsletter_subscribers`
  MODIFY `id` int(11) NOT NULL AUTO_INCREMENT, AUTO_INCREMENT=3;

--
-- AUTO_INCREMENT for table `remember_tokens`
--
ALTER TABLE `remember_tokens`
  MODIFY `id` int(11) NOT NULL AUTO_INCREMENT, AUTO_INCREMENT=7;

--
-- AUTO_INCREMENT for table `services`
--
ALTER TABLE `services`
  MODIFY `service_id` int(11) NOT NULL AUTO_INCREMENT, AUTO_INCREMENT=5;

--
-- AUTO_INCREMENT for table `support_messages`
--
ALTER TABLE `support_messages`
  MODIFY `id` int(11) NOT NULL AUTO_INCREMENT, AUTO_INCREMENT=35;

--
-- AUTO_INCREMENT for table `vehicles`
--
ALTER TABLE `vehicles`
  MODIFY `vehicle_id` int(11) NOT NULL AUTO_INCREMENT, AUTO_INCREMENT=41;

--
-- Constraints for dumped tables
--

--
-- Constraints for table `bookings`
--
ALTER TABLE `bookings`
  ADD CONSTRAINT `bookings_ibfk_1` FOREIGN KEY (`vehicle_id`) REFERENCES `vehicles` (`vehicle_id`),
  ADD CONSTRAINT `bookings_ibfk_2` FOREIGN KEY (`customer_id`) REFERENCES `customers` (`id`);

--
-- Constraints for table `cancelledbookings`
--
ALTER TABLE `cancelledbookings`
  ADD CONSTRAINT `cancelledbookings_ibfk_1` FOREIGN KEY (`customer_id`) REFERENCES `customers` (`id`),
  ADD CONSTRAINT `cancelledbookings_ibfk_2` FOREIGN KEY (`vehicle_id`) REFERENCES `vehicles` (`vehicle_id`);

--
-- Constraints for table `completed_tasks`
--
ALTER TABLE `completed_tasks`
  ADD CONSTRAINT `completed_tasks_ibfk_1` FOREIGN KEY (`assignment_id`) REFERENCES `driver_assignments` (`assignment_id`),
  ADD CONSTRAINT `completed_tasks_ibfk_2` FOREIGN KEY (`driver_id`) REFERENCES `drivers` (`driver_id`),
  ADD CONSTRAINT `completed_tasks_ibfk_3` FOREIGN KEY (`booking_id`) REFERENCES `bookings` (`booking_id`),
  ADD CONSTRAINT `completed_tasks_ibfk_4` FOREIGN KEY (`vehicle_id`) REFERENCES `vehicles` (`vehicle_id`);

--
-- Constraints for table `driver_assignments`
--
ALTER TABLE `driver_assignments`
  ADD CONSTRAINT `driver_assignments_ibfk_1` FOREIGN KEY (`booking_id`) REFERENCES `bookings` (`booking_id`) ON DELETE CASCADE,
  ADD CONSTRAINT `driver_assignments_ibfk_2` FOREIGN KEY (`vehicle_id`) REFERENCES `vehicles` (`vehicle_id`),
  ADD CONSTRAINT `driver_assignments_ibfk_3` FOREIGN KEY (`driver_id`) REFERENCES `drivers` (`driver_id`),
  ADD CONSTRAINT `driver_assignments_ibfk_4` FOREIGN KEY (`customer_id`) REFERENCES `customers` (`id`);

--
-- Constraints for table `remember_tokens`
--
ALTER TABLE `remember_tokens`
  ADD CONSTRAINT `remember_tokens_ibfk_1` FOREIGN KEY (`user_id`) REFERENCES `customers` (`id`) ON DELETE CASCADE;

--
-- Constraints for table `services`
--
ALTER TABLE `services`
  ADD CONSTRAINT `services_ibfk_1` FOREIGN KEY (`vehicle_id`) REFERENCES `vehicles` (`vehicle_id`),
  ADD CONSTRAINT `services_ibfk_2` FOREIGN KEY (`booking_id`) REFERENCES `bookings` (`booking_id`);

--
-- Constraints for table `support_messages`
--
ALTER TABLE `support_messages`
  ADD CONSTRAINT `support_messages_ibfk_1` FOREIGN KEY (`customer_id`) REFERENCES `customers` (`id`);
--
-- Database: `chatbot_system`
--
CREATE DATABASE IF NOT EXISTS `chatbot_system` DEFAULT CHARACTER SET utf8mb4 COLLATE utf8mb4_general_ci;
USE `chatbot_system`;

-- --------------------------------------------------------

--
-- Table structure for table `conversations`
--

CREATE TABLE `conversations` (
  `id` int(11) NOT NULL,
  `user_id` int(11) DEFAULT NULL,
  `title` varchar(255) DEFAULT NULL,
  `created_at` timestamp NOT NULL DEFAULT current_timestamp()
) ENGINE=InnoDB DEFAULT CHARSET=utf8mb4 COLLATE=utf8mb4_general_ci;

-- --------------------------------------------------------

--
-- Table structure for table `messages`
--

CREATE TABLE `messages` (
  `id` int(11) NOT NULL,
  `conversation_id` int(11) DEFAULT NULL,
  `user_id` int(11) DEFAULT NULL,
  `message` text NOT NULL,
  `response` text NOT NULL,
  `created_at` timestamp NOT NULL DEFAULT current_timestamp()
) ENGINE=InnoDB DEFAULT CHARSET=utf8mb4 COLLATE=utf8mb4_general_ci;

-- --------------------------------------------------------

--
-- Table structure for table `users`
--

CREATE TABLE `users` (
  `id` int(11) NOT NULL,
  `username` varchar(50) NOT NULL,
  `email` varchar(100) NOT NULL,
  `password` varchar(255) NOT NULL,
  `created_at` timestamp NOT NULL DEFAULT current_timestamp()
) ENGINE=InnoDB DEFAULT CHARSET=utf8mb4 COLLATE=utf8mb4_general_ci;

--
-- Dumping data for table `users`
--

INSERT INTO `users` (`id`, `username`, `email`, `password`, `created_at`) VALUES
(1, 'eston', 'kiamaeston0@gmail.com', '$2y$10$nLUkRG0eGbu4bthsIf7d6OkJxQH3Y9GfR6u7E2sAlb/eNWqswwEg.', '2024-11-03 15:26:43');

--
-- Indexes for dumped tables
--

--
-- Indexes for table `conversations`
--
ALTER TABLE `conversations`
  ADD PRIMARY KEY (`id`),
  ADD KEY `user_id` (`user_id`);

--
-- Indexes for table `messages`
--
ALTER TABLE `messages`
  ADD PRIMARY KEY (`id`),
  ADD KEY `conversation_id` (`conversation_id`),
  ADD KEY `user_id` (`user_id`);

--
-- Indexes for table `users`
--
ALTER TABLE `users`
  ADD PRIMARY KEY (`id`),
  ADD UNIQUE KEY `username` (`username`),
  ADD UNIQUE KEY `email` (`email`);

--
-- AUTO_INCREMENT for dumped tables
--

--
-- AUTO_INCREMENT for table `conversations`
--
ALTER TABLE `conversations`
  MODIFY `id` int(11) NOT NULL AUTO_INCREMENT;

--
-- AUTO_INCREMENT for table `messages`
--
ALTER TABLE `messages`
  MODIFY `id` int(11) NOT NULL AUTO_INCREMENT;

--
-- AUTO_INCREMENT for table `users`
--
ALTER TABLE `users`
  MODIFY `id` int(11) NOT NULL AUTO_INCREMENT, AUTO_INCREMENT=2;

--
-- Constraints for dumped tables
--

--
-- Constraints for table `conversations`
--
ALTER TABLE `conversations`
  ADD CONSTRAINT `conversations_ibfk_1` FOREIGN KEY (`user_id`) REFERENCES `users` (`id`);

--
-- Constraints for table `messages`
--
ALTER TABLE `messages`
  ADD CONSTRAINT `messages_ibfk_1` FOREIGN KEY (`conversation_id`) REFERENCES `conversations` (`id`),
  ADD CONSTRAINT `messages_ibfk_2` FOREIGN KEY (`user_id`) REFERENCES `users` (`id`);
--
-- Database: `db_jobportal`
--
CREATE DATABASE IF NOT EXISTS `db_jobportal` DEFAULT CHARACTER SET utf8mb4 COLLATE utf8mb4_general_ci;
USE `db_jobportal`;

-- --------------------------------------------------------

--
-- Table structure for table `tblapplicants`
--

CREATE TABLE `tblapplicants` (
  `APPLICANTID` int(11) NOT NULL,
  `FNAME` varchar(90) NOT NULL,
  `LNAME` varchar(90) NOT NULL,
  `MNAME` varchar(90) NOT NULL,
  `ADDRESS` varchar(255) NOT NULL,
  `SEX` varchar(11) NOT NULL,
  `CIVILSTATUS` varchar(30) NOT NULL,
  `BIRTHDATE` date NOT NULL,
  `BIRTHPLACE` varchar(255) NOT NULL,
  `AGE` int(2) NOT NULL,
  `USERNAME` varchar(90) NOT NULL,
  `PASS` varchar(90) NOT NULL,
  `EMAILADDRESS` varchar(90) NOT NULL,
  `CONTACTNO` varchar(90) NOT NULL,
  `DEGREE` text NOT NULL,
  `APPLICANTPHOTO` varchar(255) NOT NULL,
  `NATIONALID` varchar(255) NOT NULL
) ENGINE=InnoDB DEFAULT CHARSET=latin1 COLLATE=latin1_swedish_ci;

--
-- Dumping data for table `tblapplicants`
--

INSERT INTO `tblapplicants` (`APPLICANTID`, `FNAME`, `LNAME`, `MNAME`, `ADDRESS`, `SEX`, `CIVILSTATUS`, `BIRTHDATE`, `BIRTHPLACE`, `AGE`, `USERNAME`, `PASS`, `EMAILADDRESS`, `CONTACTNO`, `DEGREE`, `APPLICANTPHOTO`, `NATIONALID`) VALUES
(2019016, 'asd', 'asd', 'asd', 'asd', 'Female', 'none', '1980-01-29', 'asd', 39, 'aa', 'e0c9035898dd52fc65c41454cec9c4d2611bfb37', 'a@gmil.com', '12312312', 'asd', 'photos/final.png', ''),
(2019018, 'asdasd', 'asd', 'asd', 'sadas', 'Female', 'Single', '1992-01-12', 'sad', 27, 'ss', 'c1c93f88d273660be5358cd4ee2df2c2f3f0e8e7', 'a@gmil.com', 'sad', 'sad', '', ''),
(2019020, 'sad', 'sad', 'sad', 'asdsad', 'Female', 'Single', '1992-10-14', 'asdsad', 27, 'ddd', '9c969ddf454079e3d439973bbab63ea6233e4087', 'a@gmil.com', '123123', 'sadsadsad', 'photos/077db70b-ab84-46c4-bbaa-a5dd6b7332a4_200x200.png', '');

-- --------------------------------------------------------

--
-- Table structure for table `tblattachmentfile`
--

CREATE TABLE `tblattachmentfile` (
  `FILEID` int(11) NOT NULL,
  `JOBID` int(11) NOT NULL,
  `FILE_NAME` varchar(90) NOT NULL,
  `FILE_LOCATION` varchar(255) NOT NULL,
  `USERATTACHMENTID` int(11) NOT NULL
) ENGINE=InnoDB DEFAULT CHARSET=latin1 COLLATE=latin1_swedish_ci;

--
-- Dumping data for table `tblattachmentfile`
--

INSERT INTO `tblattachmentfile` (`FILEID`, `JOBID`, `FILE_NAME`, `FILE_LOCATION`, `USERATTACHMENTID`) VALUES
(201900001, 2, 'Resume', 'photos/24122019073209Filtering a Group of Data VB.Net and SQL Server 2019.docx', 2019020),
(2147483647, 2, 'Resume', 'photos/24122019072801Filtering a Group of Data VB.Net and SQL Server 2019.docx', 2019019);

-- --------------------------------------------------------

--
-- Table structure for table `tblautonumbers`
--

CREATE TABLE `tblautonumbers` (
  `AUTOID` int(11) NOT NULL,
  `AUTOSTART` varchar(30) NOT NULL,
  `AUTOEND` int(11) NOT NULL,
  `AUTOINC` int(11) NOT NULL,
  `AUTOKEY` varchar(30) NOT NULL
) ENGINE=InnoDB DEFAULT CHARSET=latin1 COLLATE=latin1_swedish_ci;

--
-- Dumping data for table `tblautonumbers`
--

INSERT INTO `tblautonumbers` (`AUTOID`, `AUTOSTART`, `AUTOEND`, `AUTOINC`, `AUTOKEY`) VALUES
(1, '02983', 8, 1, 'userid'),
(2, '000', 79, 1, 'employeeid'),
(3, '0', 21, 1, 'APPLICANT'),
(4, '0000', 2, 1, 'FILEID');

-- --------------------------------------------------------

--
-- Table structure for table `tblcategory`
--

CREATE TABLE `tblcategory` (
  `CATEGORYID` int(11) NOT NULL,
  `CATEGORY` varchar(90) NOT NULL
) ENGINE=InnoDB DEFAULT CHARSET=latin1 COLLATE=latin1_swedish_ci;

--
-- Dumping data for table `tblcategory`
--

INSERT INTO `tblcategory` (`CATEGORYID`, `CATEGORY`) VALUES
(10, 'Technology'),
(11, 'Managerial'),
(12, 'Engineer'),
(13, 'IT'),
(14, 'Civil Engineer'),
(15, 'HR'),
(23, 'Sales'),
(24, 'Banking'),
(25, 'Finance'),
(26, 'BPO'),
(27, 'Degital Marketing'),
(28, 'Shipping');

-- --------------------------------------------------------

--
-- Table structure for table `tblcompany`
--

CREATE TABLE `tblcompany` (
  `COMPANYID` int(11) NOT NULL,
  `COMPANYNAME` varchar(90) NOT NULL,
  `COMPANYADDRESS` varchar(90) NOT NULL,
  `COMPANYCONTACTNO` varchar(30) NOT NULL,
  `COMPANYSTATUS` varchar(90) NOT NULL,
  `COMPANYMISSION` text NOT NULL
) ENGINE=InnoDB DEFAULT CHARSET=latin1 COLLATE=latin1_swedish_ci;

--
-- Dumping data for table `tblcompany`
--

INSERT INTO `tblcompany` (`COMPANYID`, `COMPANYNAME`, `COMPANYADDRESS`, `COMPANYCONTACTNO`, `COMPANYSTATUS`, `COMPANYMISSION`) VALUES
(2, 'URC', 'Bry Camugao', '023654', '', 'weqwe'),
(3, 'Copreros', 'Mabinay\'s', '035656', '', ''),
(4, 'Quest', 'Kabankalan City', '23165', '', ''),
(6, 'Palacios Company', 'Kabankalan City', '0625656899', '', ''),
(7, 'IT Company', 'Kabankalan City', '04564123', '', '');

-- --------------------------------------------------------

--
-- Table structure for table `tblemployees`
--

CREATE TABLE `tblemployees` (
  `INCID` int(11) NOT NULL,
  `EMPLOYEEID` varchar(30) NOT NULL,
  `FNAME` varchar(50) NOT NULL,
  `LNAME` varchar(50) NOT NULL,
  `MNAME` varchar(50) NOT NULL,
  `ADDRESS` varchar(90) NOT NULL,
  `BIRTHDATE` date NOT NULL,
  `BIRTHPLACE` varchar(90) NOT NULL,
  `AGE` int(11) NOT NULL,
  `SEX` varchar(30) NOT NULL,
  `CIVILSTATUS` varchar(30) NOT NULL,
  `TELNO` varchar(40) NOT NULL,
  `EMP_EMAILADDRESS` varchar(90) NOT NULL,
  `CELLNO` varchar(30) NOT NULL,
  `POSITION` varchar(50) NOT NULL,
  `WORKSTATS` varchar(90) NOT NULL,
  `EMPPHOTO` varchar(255) NOT NULL,
  `EMPUSERNAME` varchar(90) NOT NULL,
  `EMPPASSWORD` varchar(125) NOT NULL,
  `DATEHIRED` date NOT NULL,
  `COMPANYID` int(11) NOT NULL
) ENGINE=InnoDB DEFAULT CHARSET=latin1 COLLATE=latin1_swedish_ci;

--
-- Dumping data for table `tblemployees`
--

INSERT INTO `tblemployees` (`INCID`, `EMPLOYEEID`, `FNAME`, `LNAME`, `MNAME`, `ADDRESS`, `BIRTHDATE`, `BIRTHPLACE`, `AGE`, `SEX`, `CIVILSTATUS`, `TELNO`, `EMP_EMAILADDRESS`, `CELLNO`, `POSITION`, `WORKSTATS`, `EMPPHOTO`, `EMPUSERNAME`, `EMPPASSWORD`, `DATEHIRED`, `COMPANYID`) VALUES
(76, '2018001', 'Chambe', 'Narciso', 'Captain', 'mabinay', '1992-01-23', 'Mabinay', 26, 'Male', 'Married', '032656', 'chambe@yahoo.com', '', 'Fuel Tender', '', '', '2018001', 'f3593fd40c55c33d1788309d4137e82f5eab0dea', '2018-05-23', 2);

-- --------------------------------------------------------

--
-- Table structure for table `tblfeedback`
--

CREATE TABLE `tblfeedback` (
  `FEEDBACKID` int(11) NOT NULL,
  `APPLICANTID` int(11) NOT NULL,
  `REGISTRATIONID` int(11) NOT NULL,
  `FEEDBACK` text NOT NULL
) ENGINE=InnoDB DEFAULT CHARSET=latin1 COLLATE=latin1_swedish_ci;

-- --------------------------------------------------------

--
-- Table structure for table `tbljob`
--

CREATE TABLE `tbljob` (
  `JOBID` int(11) NOT NULL,
  `COMPANYID` int(11) NOT NULL,
  `CATEGORY` varchar(90) NOT NULL,
  `OCCUPATIONTITLE` varchar(90) NOT NULL,
  `REQ_NO_EMPLOYEES` int(11) NOT NULL,
  `SALARIES` double NOT NULL,
  `DURATION_EMPLOYEMENT` varchar(90) NOT NULL,
  `QUALIFICATION_WORKEXPERIENCE` text NOT NULL,
  `JOBDESCRIPTION` text NOT NULL,
  `PREFEREDSEX` varchar(30) NOT NULL,
  `SECTOR_VACANCY` text NOT NULL,
  `JOBSTATUS` varchar(90) NOT NULL,
  `DATEPOSTED` datetime NOT NULL
) ENGINE=InnoDB DEFAULT CHARSET=latin1 COLLATE=latin1_swedish_ci;

--
-- Dumping data for table `tbljob`
--

INSERT INTO `tbljob` (`JOBID`, `COMPANYID`, `CATEGORY`, `OCCUPATIONTITLE`, `REQ_NO_EMPLOYEES`, `SALARIES`, `DURATION_EMPLOYEMENT`, `QUALIFICATION_WORKEXPERIENCE`, `JOBDESCRIPTION`, `PREFEREDSEX`, `SECTOR_VACANCY`, `JOBSTATUS`, `DATEPOSTED`) VALUES
(1, 2, 'Technology', 'ISD', 6, 15000, 'jan 30', 'Two year Experience', 'We are looking for bachelor of science in information technology.\r\nasdasdasd', 'Male/Female', 'yes', '', '2018-05-20 00:00:00'),
(2, 2, 'Technology', 'Accounting', 1, 15000, 'may 20', 'Two years Experience', 'We are looking for bachelor of science in Acountancy', 'Female', 'yes', '', '2018-05-20 02:33:00');

-- --------------------------------------------------------

--
-- Table structure for table `tbljobregistration`
--

CREATE TABLE `tbljobregistration` (
  `REGISTRATIONID` int(11) NOT NULL,
  `COMPANYID` int(11) NOT NULL,
  `JOBID` int(11) NOT NULL,
  `APPLICANTID` int(11) NOT NULL,
  `APPLICANT` varchar(90) NOT NULL,
  `REGISTRATIONDATE` date NOT NULL,
  `REMARKS` varchar(255) NOT NULL DEFAULT 'Pending',
  `FILEID` int(11) NOT NULL,
  `PENDINGAPPLICATION` tinyint(1) NOT NULL DEFAULT 1,
  `HVIEW` tinyint(1) NOT NULL DEFAULT 1,
  `DATETIMEAPPROVED` datetime NOT NULL
) ENGINE=InnoDB DEFAULT CHARSET=latin1 COLLATE=latin1_swedish_ci;

-- --------------------------------------------------------

--
-- Table structure for table `tblusers`
--

CREATE TABLE `tblusers` (
  `USERID` varchar(30) NOT NULL,
  `FULLNAME` varchar(40) NOT NULL,
  `USERNAME` varchar(90) NOT NULL,
  `PASS` varchar(90) NOT NULL,
  `ROLE` varchar(30) NOT NULL,
  `PICLOCATION` varchar(255) NOT NULL
) ENGINE=InnoDB DEFAULT CHARSET=latin1 COLLATE=latin1_swedish_ci;

--
-- Dumping data for table `tblusers`
--

INSERT INTO `tblusers` (`USERID`, `FULLNAME`, `USERNAME`, `PASS`, `ROLE`, `PICLOCATION`) VALUES
('00018', 'JANO ', 'admin', 'd033e22ae348aeb5660fc2140aec35850c4da997', 'Administrator', 'photos/077db70b-ab84-46c4-bbaa-a5dd6b7332a4_200x200.png'),
('2018001', 'Chambe Narciso', 'Narciso', 'f3593fd40c55c33d1788309d4137e82f5eab0dea', 'Employee', '');

--
-- Indexes for dumped tables
--

--
-- Indexes for table `tblapplicants`
--
ALTER TABLE `tblapplicants`
  ADD PRIMARY KEY (`APPLICANTID`);

--
-- Indexes for table `tblattachmentfile`
--
ALTER TABLE `tblattachmentfile`
  ADD PRIMARY KEY (`FILEID`);

--
-- Indexes for table `tblautonumbers`
--
ALTER TABLE `tblautonumbers`
  ADD PRIMARY KEY (`AUTOID`);

--
-- Indexes for table `tblcategory`
--
ALTER TABLE `tblcategory`
  ADD PRIMARY KEY (`CATEGORYID`);

--
-- Indexes for table `tblcompany`
--
ALTER TABLE `tblcompany`
  ADD PRIMARY KEY (`COMPANYID`);

--
-- Indexes for table `tblemployees`
--
ALTER TABLE `tblemployees`
  ADD PRIMARY KEY (`INCID`),
  ADD UNIQUE KEY `EMPLOYEEID` (`EMPLOYEEID`);

--
-- Indexes for table `tblfeedback`
--
ALTER TABLE `tblfeedback`
  ADD PRIMARY KEY (`FEEDBACKID`);

--
-- Indexes for table `tbljob`
--
ALTER TABLE `tbljob`
  ADD PRIMARY KEY (`JOBID`);

--
-- Indexes for table `tbljobregistration`
--
ALTER TABLE `tbljobregistration`
  ADD PRIMARY KEY (`REGISTRATIONID`);

--
-- Indexes for table `tblusers`
--
ALTER TABLE `tblusers`
  ADD PRIMARY KEY (`USERID`);

--
-- AUTO_INCREMENT for dumped tables
--

--
-- AUTO_INCREMENT for table `tblapplicants`
--
ALTER TABLE `tblapplicants`
  MODIFY `APPLICANTID` int(11) NOT NULL AUTO_INCREMENT, AUTO_INCREMENT=2019021;

--
-- AUTO_INCREMENT for table `tblattachmentfile`
--
ALTER TABLE `tblattachmentfile`
  MODIFY `FILEID` int(11) NOT NULL AUTO_INCREMENT, AUTO_INCREMENT=2147483648;

--
-- AUTO_INCREMENT for table `tblautonumbers`
--
ALTER TABLE `tblautonumbers`
  MODIFY `AUTOID` int(11) NOT NULL AUTO_INCREMENT, AUTO_INCREMENT=5;

--
-- AUTO_INCREMENT for table `tblcategory`
--
ALTER TABLE `tblcategory`
  MODIFY `CATEGORYID` int(11) NOT NULL AUTO_INCREMENT, AUTO_INCREMENT=29;

--
-- AUTO_INCREMENT for table `tblcompany`
--
ALTER TABLE `tblcompany`
  MODIFY `COMPANYID` int(11) NOT NULL AUTO_INCREMENT, AUTO_INCREMENT=8;

--
-- AUTO_INCREMENT for table `tblemployees`
--
ALTER TABLE `tblemployees`
  MODIFY `INCID` int(11) NOT NULL AUTO_INCREMENT, AUTO_INCREMENT=77;

--
-- AUTO_INCREMENT for table `tblfeedback`
--
ALTER TABLE `tblfeedback`
  MODIFY `FEEDBACKID` int(11) NOT NULL AUTO_INCREMENT;

--
-- AUTO_INCREMENT for table `tbljob`
--
ALTER TABLE `tbljob`
  MODIFY `JOBID` int(11) NOT NULL AUTO_INCREMENT, AUTO_INCREMENT=3;

--
-- AUTO_INCREMENT for table `tbljobregistration`
--
ALTER TABLE `tbljobregistration`
  MODIFY `REGISTRATIONID` int(11) NOT NULL AUTO_INCREMENT, AUTO_INCREMENT=6;
--
-- Database: `ecommerce`
--
CREATE DATABASE IF NOT EXISTS `ecommerce` DEFAULT CHARACTER SET utf8mb4 COLLATE utf8mb4_general_ci;
USE `ecommerce`;

-- --------------------------------------------------------

--
-- Table structure for table `admins`
--

CREATE TABLE `admins` (
  `id` int(11) NOT NULL,
  `username` varchar(50) NOT NULL,
  `password` varchar(255) NOT NULL,
  `phone` varchar(15) NOT NULL,
  `email` varchar(100) NOT NULL,
  `created_at` timestamp NOT NULL DEFAULT current_timestamp(),
  `reset_token` varchar(255) DEFAULT NULL,
  `reset_token_expiry` datetime DEFAULT NULL
) ENGINE=InnoDB DEFAULT CHARSET=utf8mb4 COLLATE=utf8mb4_general_ci;

--
-- Dumping data for table `admins`
--

INSERT INTO `admins` (`id`, `username`, `password`, `phone`, `email`, `created_at`, `reset_token`, `reset_token_expiry`) VALUES
(1, 'estonkiam', '$2y$10$q8w0JbJHqquFlAzCZ19RX.XSnpfKMp2EkgcTy56TExVZ28D1a5ihi', '254757196660', 'engestonbrandonkiama@gmail.com', '2024-11-11 11:29:48', NULL, NULL);

-- --------------------------------------------------------

--
-- Table structure for table `customers`
--

CREATE TABLE `customers` (
  `customer_id` int(11) NOT NULL,
  `first_name` varchar(100) NOT NULL,
  `last_name` varchar(100) NOT NULL,
  `email` varchar(255) NOT NULL,
  `password` varchar(255) NOT NULL,
  `phone` varchar(20) DEFAULT NULL,
  `address_line1` varchar(255) DEFAULT NULL,
  `address_line2` varchar(255) DEFAULT NULL,
  `city` varchar(100) NOT NULL,
  `state` varchar(100) NOT NULL,
  `postal_code` varchar(20) NOT NULL,
  `country` varchar(100) NOT NULL,
  `created_at` timestamp NOT NULL DEFAULT current_timestamp(),
  `reset_token` varchar(255) DEFAULT NULL,
  `reset_token_expiry` datetime DEFAULT NULL
) ENGINE=InnoDB DEFAULT CHARSET=utf8mb4 COLLATE=utf8mb4_general_ci;

--
-- Dumping data for table `customers`
--

INSERT INTO `customers` (`customer_id`, `first_name`, `last_name`, `email`, `password`, `phone`, `address_line1`, `address_line2`, `city`, `state`, `postal_code`, `country`, `created_at`, `reset_token`, `reset_token_expiry`) VALUES
(1, 'Milton', 'Otieno', 'estonnmose@gmail.com', '$2y$10$0QiKpXpLSFH0wRYwBSUkLe3Immu3wlIYa4sIJMofTdxbd96UBUo0u', '0757196660', 'Temple', 'Kindaruma', 'Nairobi', '0100', '272002', 'Kenya', '2024-11-18 07:49:41', NULL, NULL),
(3, 'Eston~', '~', 'kiamaeston0@gmail.com', '$2y$10$l0.MtEeTWjV.SMCWgrkOHOU0Yx79WzB2w6V06N6Gh1TLaeJc9K/Ru', '0757196660', 'Topplaza building', 'Kindaruma road', 'Mombasa', '01000', '272002', 'Kenya', '2024-11-18 07:52:11', NULL, NULL),
(4, 'Alex', 'James', 'engestonbrandon@gmail.com', '$2y$10$htLZQwQIi/mk6ectRTs4z.lgcsBij36aLmMMmZtOjn5R0SURhm9M6', '0757196660', 'Kinoo', 'Kinoo stage', 'Kinoo town', '0100', '272002', 'Kenya', '2024-11-27 09:50:57', NULL, NULL),
(5, 'smith', 'tonyroy', 'Royt5908@gmail.com', '$2y$10$oTf3E/pOY.nkRq44B.qE7..ZTj1KWe/KSXzTgdvHYAKMf2A5RAuc.', '0765554444', 'kayole', 'kayole', 'Nairobi', '0100', '24814-00502', 'Kenya', '2024-12-11 07:13:10', NULL, NULL);

-- --------------------------------------------------------

--
-- Table structure for table `mpesa_payments`
--

CREATE TABLE `mpesa_payments` (
  `id` int(11) NOT NULL,
  `phone_number` varchar(15) NOT NULL,
  `amount` decimal(10,2) NOT NULL,
  `checkout_request_id` varchar(50) NOT NULL,
  `status` enum('COMPLETED','FAILED','CANCELLED','TIMEOUT','UNKNOWN') NOT NULL DEFAULT 'UNKNOWN',
  `created_at` timestamp NOT NULL DEFAULT current_timestamp(),
  `mpesa_receipt` varchar(50) DEFAULT NULL,
  `result_code` varchar(10) DEFAULT NULL,
  `result_desc` text DEFAULT NULL,
  `updated_at` datetime DEFAULT NULL
) ENGINE=InnoDB DEFAULT CHARSET=utf8mb4 COLLATE=utf8mb4_general_ci;

--
-- Dumping data for table `mpesa_payments`
--

INSERT INTO `mpesa_payments` (`id`, `phone_number`, `amount`, `checkout_request_id`, `status`, `created_at`, `mpesa_receipt`, `result_code`, `result_desc`, `updated_at`) VALUES
(33, '254757196660', 1.00, 'ws_CO_21112024105427964757196660', 'COMPLETED', '2024-11-21 07:53:45', NULL, '0', 'The service request is processed successfully.', '2024-11-21 10:55:28'),
(36, '254757196660', 50000.00, 'ws_CO_21112024110436493757196660', 'FAILED', '2024-11-21 08:03:54', NULL, '1', 'The balance is insufficient for the transaction.', '2024-11-21 11:05:27'),
(37, '254757196660', 50000.00, 'ws_CO_21112024111234120757196660', 'CANCELLED', '2024-11-21 08:11:53', NULL, '1032', 'Request cancelled by user', '2024-11-21 11:12:10'),
(38, '254757196660', 1.00, 'ws_CO_21112024111304372757196660', 'COMPLETED', '2024-11-21 08:12:22', NULL, '0', 'The service request is processed successfully.', '2024-11-21 11:13:29'),
(39, '254757196660', 50000.00, 'ws_CO_21112024111911767757196660', 'CANCELLED', '2024-11-21 08:18:32', NULL, '1032', 'Request cancelled by user', '2024-11-21 11:19:29'),
(40, '254757196660', 1.00, 'ws_CO_21112024112446331757196660', 'CANCELLED', '2024-11-21 08:24:04', NULL, '1032', 'Request cancelled by user', '2024-11-21 11:24:41'),
(41, '254757196660', 1.00, 'ws_CO_21112024115324609757196660', 'CANCELLED', '2024-11-21 08:52:42', NULL, '1032', 'Request cancelled by user', '2024-11-21 11:52:50'),
(42, '254757196660', 6420.00, 'ws_CO_21112024115542509757196660', 'CANCELLED', '2024-11-21 08:55:01', NULL, '1032', 'Request cancelled by user', '2024-11-21 11:56:27'),
(43, '254757196660', 1.00, 'ws_CO_22112024143342483757196660', 'CANCELLED', '2024-11-22 11:33:00', NULL, '1032', 'Request cancelled by user', '2024-11-22 14:34:22'),
(44, '254757196660', 1.00, 'ws_CO_22112024143517373757196660', 'CANCELLED', '2024-11-22 11:34:35', NULL, '1032', 'Request cancelled by user', '2024-11-22 14:36:16'),
(46, '254757196660', 1.00, 'ws_CO_25112024140340739757196660', 'CANCELLED', '2024-11-25 11:02:58', NULL, '1032', 'Request cancelled by user', '2024-11-25 14:03:10'),
(47, '254757196660', 50000.00, 'ws_CO_27112024131701699757196660', 'TIMEOUT', '2024-11-27 10:16:19', NULL, '1037', 'DS timeout user cannot be reached', '2024-11-27 13:16:56'),
(48, '254757196660', 50000.00, 'ws_CO_11122024130558515757196660', 'CANCELLED', '2024-12-11 10:05:11', NULL, '1032', 'Request cancelled by user', '2024-12-11 13:05:52');

-- --------------------------------------------------------

--
-- Table structure for table `orders`
--

CREATE TABLE `orders` (
  `id` int(11) NOT NULL,
  `customer_id` int(11) NOT NULL,
  `total_amount` decimal(10,2) NOT NULL DEFAULT 0.00,
  `shipping_address` varchar(255) NOT NULL,
  `city` varchar(100) NOT NULL,
  `phone` varchar(20) NOT NULL,
  `payment_method` enum('mpesa','card','cash') NOT NULL,
  `payment_status` enum('pending','paid','failed') DEFAULT 'pending',
  `status` enum('pending','processing','shipped','delivered','cancelled') DEFAULT 'pending',
  `transaction_id` varchar(100) DEFAULT NULL,
  `created_at` timestamp NOT NULL DEFAULT current_timestamp(),
  `updated_at` timestamp NOT NULL DEFAULT current_timestamp() ON UPDATE current_timestamp(),
  `product_details` text DEFAULT NULL
) ENGINE=InnoDB DEFAULT CHARSET=utf8mb4 COLLATE=utf8mb4_unicode_ci;

--
-- Dumping data for table `orders`
--

INSERT INTO `orders` (`id`, `customer_id`, `total_amount`, `shipping_address`, `city`, `phone`, `payment_method`, `payment_status`, `status`, `transaction_id`, `created_at`, `updated_at`, `product_details`) VALUES
(74, 3, 350.00, 'TOPPLAZA', 'Mombasa', '0757196660', 'mpesa', 'paid', 'delivered', NULL, '2024-11-19 12:43:51', '2024-12-11 09:47:12', '[{\"id\":15,\"name\":\"Wireless Bluetooth Mouse\",\"price\":350,\"quantity\":1,\"item_total\":350,\"stock_quantity\":1,\"image\":\"673c50b174130.jpg\"}]'),
(75, 1, 2049.98, 'TOPPLAZA', 'Mombasa', '0757196660', 'mpesa', 'paid', 'delivered', NULL, '2024-11-19 12:44:39', '2024-12-11 09:47:31', '[{\"id\":12,\"name\":\"Gotv Decoder\",\"price\":999.99,\"quantity\":1,\"item_total\":999.99,\"stock_quantity\":15,\"image\":\"673208862c588.jpg\"},{\"id\":13,\"name\":\"Oraimo Earpods\",\"price\":1049.99,\"quantity\":1,\"item_total\":1049.99,\"stock_quantity\":3,\"image\":\"673208fda41cb.jpg\"}]'),
(88, 3, 12000.00, 'Topplaza building', 'Mombasa', '0757196660', 'card', 'pending', 'pending', NULL, '2024-12-11 10:04:36', '2024-12-11 10:04:36', '[{\"id\":19,\"name\":\"HP DeskJet 2320 All-in-One Printer\",\"price\":12000,\"quantity\":1,\"item_total\":12000,\"stock_quantity\":10,\"image\":\"674065b71c4b8.jpg\"}]'),
(89, 3, 61699.90, 'Topplaza building', 'Mombasa', '0757196660', 'mpesa', 'pending', 'pending', NULL, '2024-12-11 10:04:52', '2024-12-11 10:04:52', '[{\"id\":20,\"name\":\"HP 15s-Intel Core i3\",\"price\":61699.9,\"quantity\":1,\"item_total\":61699.9,\"stock_quantity\":10,\"image\":\"6740661cb7493.jpg\"}]');

-- --------------------------------------------------------

--
-- Table structure for table `order_items`
--

CREATE TABLE `order_items` (
  `id` int(11) NOT NULL,
  `order_id` int(11) NOT NULL,
  `product_id` int(11) NOT NULL,
  `quantity` int(11) NOT NULL,
  `price` decimal(10,2) NOT NULL,
  `created_at` timestamp NOT NULL DEFAULT current_timestamp()
) ENGINE=InnoDB DEFAULT CHARSET=utf8mb4 COLLATE=utf8mb4_unicode_ci;

--
-- Triggers `order_items`
--
DELIMITER $$
CREATE TRIGGER `before_order_items_insert` BEFORE INSERT ON `order_items` FOR EACH ROW BEGIN
    DECLARE current_total DECIMAL(10, 2);
    
    -- Recalculate the total amount based on all items in the order
    SELECT SUM(price * quantity) INTO current_total
    FROM order_items
    WHERE order_id = NEW.order_id;
    
    -- Update total_amount in the orders table
    UPDATE orders 
    SET total_amount = current_total
    WHERE id = NEW.order_id;
END
$$
DELIMITER ;

-- --------------------------------------------------------

--
-- Stand-in structure for view `order_summaries`
-- (See below for the actual view)
--
CREATE TABLE `order_summaries` (
`order_id` int(11)
,`customer_id` int(11)
,`first_name` varchar(100)
,`last_name` varchar(100)
,`email` varchar(255)
,`total_amount` decimal(10,2)
,`status` enum('pending','processing','shipped','delivered','cancelled')
,`payment_status` enum('pending','paid','failed')
,`payment_method` enum('mpesa','card','cash')
,`order_date` timestamp
,`total_items` bigint(21)
,`shipping_address` varchar(255)
,`city` varchar(100)
,`phone` varchar(20)
);

-- --------------------------------------------------------

--
-- Table structure for table `products`
--

CREATE TABLE `products` (
  `id` int(11) NOT NULL,
  `name` varchar(255) NOT NULL,
  `sku` varchar(50) NOT NULL,
  `category` enum('Official Stores','Phones & Tablets','TVs & Audio','Appliances','Health & Beauty','Home & Office','Fashion','Computing','Supermarket','Baby Products','Sporting Goods') NOT NULL,
  `description` text NOT NULL,
  `price` decimal(10,2) NOT NULL,
  `image` varchar(255) NOT NULL,
  `stock_quantity` int(11) DEFAULT 0,
  `status` enum('active','inactive') DEFAULT 'active',
  `created_at` timestamp NOT NULL DEFAULT current_timestamp(),
  `updated_at` timestamp NOT NULL DEFAULT current_timestamp() ON UPDATE current_timestamp()
) ENGINE=InnoDB DEFAULT CHARSET=utf8mb4 COLLATE=utf8mb4_general_ci;

--
-- Dumping data for table `products`
--

INSERT INTO `products` (`id`, `name`, `sku`, `category`, `description`, `price`, `image`, `stock_quantity`, `status`, `created_at`, `updated_at`) VALUES
(4, ' Coffee Table', 'KAFFFITABLE68745', 'Appliances', 'Julz Modern Design Coffee Table With Storage', 6750.00, '6731f5142a191.jpg', 10, 'active', '2024-11-11 12:14:12', '2024-11-22 11:38:54'),
(6, 'Fashion Women\'s', 'WOMENSTAFF675487YG', 'Fashion', 'Women fashions', 750.00, '6731f7ccd5c11.jpg', 29, 'active', '2024-11-11 12:25:48', '2024-11-18 13:34:13'),
(7, 'XIAOMI Redmi 14C', 'XIAOMI46547GH', 'Phones & Tablets', 'XIAOMI Redmi 14C, 6.88\" (4GB RAM+128GB Storage) (Dual Sim) 5160mAh - Midnight Black (2 YRs WRTY)', 13499.97, '6731f9ce48225.jpg', 11, 'active', '2024-11-11 12:34:22', '2024-11-18 13:33:59'),
(8, 'TV', 'WRTY008877', 'TVs & Audio', 'Lyons LES4304W 43 2K FHD Smart Android Frameless TV With Bluetooth - Black (1YR WRTY)', 16999.99, '6731ffa25810e.jpg', 22, 'active', '2024-11-11 12:59:14', '2024-11-18 13:33:43'),
(9, 'Tecno Spark 20, Android 13', 'Tecno68647645z', 'Phones & Tablets', 'Tecno Spark 20, Android 13, 6.6\", 128GB + 4GB RAM(4GB Extended), 50MP, 5000mAh, Gravity Black(1YR WRTY)', 12599.00, 'tecno Spark.jpg', 10, 'active', '2024-11-11 13:05:16', '2024-11-22 11:39:10'),
(11, 'Vitron 2.1CH SUB WOOFER ', 'Vitron21gfyhgbujr', 'TVs & Audio', 'Vitron 2.1CH SUB WOOFER SYSTEM WITH QUALITY BASS', 3599.00, '673206a8a56d5.jpg', 9, 'active', '2024-11-11 13:29:12', '2024-11-25 07:32:24'),
(12, 'Gotv Decoder', 'Dec6565685', 'Appliances', 'Gotv Decoder', 999.99, '673208862c588.jpg', 14, 'active', '2024-11-11 13:37:10', '2024-11-19 12:44:40'),
(13, 'Oraimo Earpods', 'ORM123454', 'Official Stores', 'Oraimo Earpods,True -Wireless Free Pods, Superior Sound air f9 pro +', 1049.99, '673208fda41cb.jpg', 35, 'active', '2024-11-11 13:39:09', '2024-11-19 12:50:33'),
(14, 'Single Door Refrigerator', 'Roch 126564158', 'Home & Office', 'Roch RFR-120S-I Single Door Refrigerator - 90 Litres - Silver (1Y WRTY)', 16999.00, '673af3ce59c54.jpg', 10, 'active', '2024-11-18 07:59:10', '2024-11-20 11:17:21'),
(15, 'Wireless Bluetooth Mouse', 'Mouse 125354863547h', 'Computing', 'Wireless Bluetooth Mouse Rechargeable Mute - Black', 350.00, '673c50b174130.jpg', 48, 'active', '2024-11-19 08:47:45', '2024-11-27 10:15:33'),
(16, 'Power King Extension Cable ', 'Power2457867h', 'Appliances', 'Power King Extension Cable - 5 Way - White.', 420.99, '673d9ac192625.jpg', 14, 'active', '2024-11-20 08:16:01', '2024-11-27 10:15:33'),
(17, 'Oraimo Boom', 'Boom5487358hy', 'TVs & Audio', 'Oraimo Boom Powerful Portable Wiress Speaker- Black', 6420.00, '673dc4acb826f.jpg', 10, 'active', '2024-11-20 11:14:52', '2024-11-22 11:38:34'),
(18, 'Ramtons RM/582', 'Ramtons1254rt', 'Appliances', 'Ramtons RM/582-Electric Pressure Cooker- Black (1YR WRTY)', 9299.90, '673dc6610f148.jpg', 3, 'active', '2024-11-20 11:22:09', '2024-11-28 07:32:32'),
(19, 'HP DeskJet 2320 All-in-One Printer', 'HpDeskjet7675678Y', 'Computing', 'HP DeskJet 2320 All-in-One Printer, Print, Copy, Scan, USB Interface, White (1YR WRTY)', 12000.00, '674065b71c4b8.jpg', 9, 'active', '2024-11-22 11:06:31', '2024-12-11 10:04:36'),
(20, 'HP 15s-Intel Core i3', 'Hplptop656576', 'Computing', 'HP 15s-Intel Core i3(1215U)-8GB RAM+512GB SSD-15.6\"-Windows 11-Silver (1YR WRTY)', 61699.90, '6740661cb7493.jpg', 9, 'active', '2024-11-22 11:08:12', '2024-12-11 10:04:52'),
(21, 'Silentnight Sinzia', 'Mattress659873UY', 'Home & Office', 'Silentnight Sinzia (4*6\'3) - Medium-Firm Spring Mattress', 14999.90, '674066b1db752.jpg', 22, 'active', '2024-11-22 11:10:41', '2024-12-21 06:24:07');

-- --------------------------------------------------------

--
-- Table structure for table `saved_items`
--

CREATE TABLE `saved_items` (
  `customer_id` int(11) NOT NULL,
  `product_id` int(11) NOT NULL,
  `quantity` int(11) NOT NULL DEFAULT 1,
  `created_at` timestamp NOT NULL DEFAULT current_timestamp()
) ENGINE=InnoDB DEFAULT CHARSET=utf8mb4 COLLATE=utf8mb4_general_ci;

--
-- Dumping data for table `saved_items`
--

INSERT INTO `saved_items` (`customer_id`, `product_id`, `quantity`, `created_at`) VALUES
(3, 20, 1, '2024-11-26 12:19:29');

-- --------------------------------------------------------

--
-- Table structure for table `settings`
--

CREATE TABLE `settings` (
  `id` int(11) NOT NULL,
  `site_title` varchar(255) NOT NULL,
  `admin_email` varchar(255) NOT NULL,
  `currency` varchar(10) NOT NULL DEFAULT 'USD',
  `maintenance_mode` tinyint(1) NOT NULL DEFAULT 0,
  `created_at` timestamp NOT NULL DEFAULT current_timestamp(),
  `updated_at` timestamp NOT NULL DEFAULT current_timestamp() ON UPDATE current_timestamp()
) ENGINE=InnoDB DEFAULT CHARSET=utf8mb4 COLLATE=utf8mb4_general_ci;

--
-- Dumping data for table `settings`
--

INSERT INTO `settings` (`id`, `site_title`, `admin_email`, `currency`, `maintenance_mode`, `created_at`, `updated_at`) VALUES
(1, 'ModernCart', 'moderncart@gmail.com', 'KSH', 0, '2024-11-19 11:04:24', '2024-11-22 11:43:07');

-- --------------------------------------------------------

--
-- Structure for view `order_summaries`
--
DROP TABLE IF EXISTS `order_summaries`;

CREATE ALGORITHM=UNDEFINED DEFINER=`root`@`localhost` SQL SECURITY DEFINER VIEW `order_summaries`  AS SELECT `o`.`id` AS `order_id`, `o`.`customer_id` AS `customer_id`, `c`.`first_name` AS `first_name`, `c`.`last_name` AS `last_name`, `c`.`email` AS `email`, `o`.`total_amount` AS `total_amount`, `o`.`status` AS `status`, `o`.`payment_status` AS `payment_status`, `o`.`payment_method` AS `payment_method`, `o`.`created_at` AS `order_date`, count(`oi`.`id`) AS `total_items`, `o`.`shipping_address` AS `shipping_address`, `o`.`city` AS `city`, `o`.`phone` AS `phone` FROM ((`orders` `o` join `customers` `c` on(`o`.`customer_id` = `c`.`customer_id`)) join `order_items` `oi` on(`o`.`id` = `oi`.`order_id`)) GROUP BY `o`.`id` ;

--
-- Indexes for dumped tables
--

--
-- Indexes for table `admins`
--
ALTER TABLE `admins`
  ADD PRIMARY KEY (`id`);

--
-- Indexes for table `customers`
--
ALTER TABLE `customers`
  ADD PRIMARY KEY (`customer_id`),
  ADD UNIQUE KEY `email` (`email`);

--
-- Indexes for table `mpesa_payments`
--
ALTER TABLE `mpesa_payments`
  ADD PRIMARY KEY (`id`);

--
-- Indexes for table `orders`
--
ALTER TABLE `orders`
  ADD PRIMARY KEY (`id`),
  ADD KEY `idx_customer_id` (`customer_id`),
  ADD KEY `idx_order_status` (`status`),
  ADD KEY `idx_payment_status` (`payment_status`);

--
-- Indexes for table `order_items`
--
ALTER TABLE `order_items`
  ADD PRIMARY KEY (`id`),
  ADD KEY `idx_order_id` (`order_id`),
  ADD KEY `idx_product_id` (`product_id`);

--
-- Indexes for table `products`
--
ALTER TABLE `products`
  ADD PRIMARY KEY (`id`);

--
-- Indexes for table `saved_items`
--
ALTER TABLE `saved_items`
  ADD PRIMARY KEY (`customer_id`,`product_id`),
  ADD KEY `product_id` (`product_id`);

--
-- Indexes for table `settings`
--
ALTER TABLE `settings`
  ADD PRIMARY KEY (`id`);

--
-- AUTO_INCREMENT for dumped tables
--

--
-- AUTO_INCREMENT for table `admins`
--
ALTER TABLE `admins`
  MODIFY `id` int(11) NOT NULL AUTO_INCREMENT, AUTO_INCREMENT=2;

--
-- AUTO_INCREMENT for table `customers`
--
ALTER TABLE `customers`
  MODIFY `customer_id` int(11) NOT NULL AUTO_INCREMENT, AUTO_INCREMENT=6;

--
-- AUTO_INCREMENT for table `mpesa_payments`
--
ALTER TABLE `mpesa_payments`
  MODIFY `id` int(11) NOT NULL AUTO_INCREMENT, AUTO_INCREMENT=49;

--
-- AUTO_INCREMENT for table `orders`
--
ALTER TABLE `orders`
  MODIFY `id` int(11) NOT NULL AUTO_INCREMENT, AUTO_INCREMENT=90;

--
-- AUTO_INCREMENT for table `order_items`
--
ALTER TABLE `order_items`
  MODIFY `id` int(11) NOT NULL AUTO_INCREMENT, AUTO_INCREMENT=142;

--
-- AUTO_INCREMENT for table `products`
--
ALTER TABLE `products`
  MODIFY `id` int(11) NOT NULL AUTO_INCREMENT, AUTO_INCREMENT=22;

--
-- AUTO_INCREMENT for table `settings`
--
ALTER TABLE `settings`
  MODIFY `id` int(11) NOT NULL AUTO_INCREMENT, AUTO_INCREMENT=3;

--
-- Constraints for dumped tables
--

--
-- Constraints for table `orders`
--
ALTER TABLE `orders`
  ADD CONSTRAINT `orders_ibfk_1` FOREIGN KEY (`customer_id`) REFERENCES `customers` (`customer_id`);

--
-- Constraints for table `order_items`
--
ALTER TABLE `order_items`
  ADD CONSTRAINT `order_items_ibfk_1` FOREIGN KEY (`order_id`) REFERENCES `orders` (`id`) ON DELETE CASCADE,
  ADD CONSTRAINT `order_items_ibfk_2` FOREIGN KEY (`product_id`) REFERENCES `products` (`id`);

--
-- Constraints for table `saved_items`
--
ALTER TABLE `saved_items`
  ADD CONSTRAINT `saved_items_ibfk_1` FOREIGN KEY (`customer_id`) REFERENCES `customers` (`customer_id`),
  ADD CONSTRAINT `saved_items_ibfk_2` FOREIGN KEY (`product_id`) REFERENCES `products` (`id`);
--
-- Database: `elearning_platform`
--
CREATE DATABASE IF NOT EXISTS `elearning_platform` DEFAULT CHARACTER SET utf8mb4 COLLATE utf8mb4_general_ci;
USE `elearning_platform`;

-- --------------------------------------------------------

--
-- Table structure for table `admin`
--

CREATE TABLE `admin` (
  `admin_id` int(11) NOT NULL,
  `username` varchar(50) NOT NULL,
  `email` varchar(100) NOT NULL,
  `password` varchar(255) NOT NULL,
  `role` enum('super_admin') DEFAULT 'super_admin',
  `profile_image` varchar(255) DEFAULT NULL,
  `last_login` datetime DEFAULT NULL,
  `created_at` timestamp NOT NULL DEFAULT current_timestamp(),
  `updated_at` timestamp NOT NULL DEFAULT current_timestamp() ON UPDATE current_timestamp(),
  `is_active` tinyint(1) DEFAULT 1,
  `last_logout` datetime DEFAULT NULL
) ENGINE=InnoDB DEFAULT CHARSET=utf8mb4 COLLATE=utf8mb4_general_ci;

--
-- Dumping data for table `admin`
--

INSERT INTO `admin` (`admin_id`, `username`, `email`, `password`, `role`, `profile_image`, `last_login`, `created_at`, `updated_at`, `is_active`, `last_logout`) VALUES
(3, 'admin', 'admin@gmail.com', '$2y$10$twjj5jmi91t07KGQDsqTPe6WY1llelcpZQrR17HWKOPu7DhoNmIiG', 'super_admin', 'Profile/admin_6748574c386f02.52033373.jpg', '2024-12-09 12:02:29', '2024-11-28 11:43:08', '2024-12-09 09:02:29', 1, '2024-12-05 13:46:28'),
(4, 'estonkiam', 'kiamaeston0@gmail.com', '$2y$10$f3ScoZkO59BEafUWnG2sWeSTYiw9QsfT5jOVVkOZ4t3lRjPVSFdM.', 'super_admin', NULL, '2024-11-29 17:35:31', '2024-11-29 14:34:01', '2024-11-29 14:35:31', 1, NULL);

-- --------------------------------------------------------

--
-- Table structure for table `admin_remember_tokens`
--

CREATE TABLE `admin_remember_tokens` (
  `id` int(11) NOT NULL,
  `admin_id` int(11) NOT NULL,
  `token` varchar(255) NOT NULL,
  `expires_at` datetime NOT NULL,
  `created_at` timestamp NOT NULL DEFAULT current_timestamp(),
  `updated_at` timestamp NOT NULL DEFAULT current_timestamp() ON UPDATE current_timestamp()
) ENGINE=InnoDB DEFAULT CHARSET=utf8mb4 COLLATE=utf8mb4_general_ci;

-- --------------------------------------------------------

--
-- Table structure for table `courses`
--

CREATE TABLE `courses` (
  `id` int(11) NOT NULL,
  `title` varchar(255) NOT NULL,
  `description` text DEFAULT NULL,
  `YearOfStudent` enum('1','2','3','4') DEFAULT NULL,
  `price` decimal(10,2) NOT NULL DEFAULT 0.00,
  `is_active` tinyint(1) DEFAULT 1,
  `created_at` timestamp NOT NULL DEFAULT current_timestamp(),
  `updated_at` timestamp NOT NULL DEFAULT current_timestamp() ON UPDATE current_timestamp(),
  `category` enum('SCHOOL OF CO-OPERATIVES AND COMMUNITY DEVELOPMENTs','SCHOOL OF BUSINESS AND ECONOMICS','SCHOOL OF COMPUTING AND MATHEMATICS','SCHOOL OF NURSING') NOT NULL,
  `allocation_status` enum('pending','allocated') DEFAULT 'pending'
) ENGINE=InnoDB DEFAULT CHARSET=utf8mb4 COLLATE=utf8mb4_general_ci;

--
-- Dumping data for table `courses`
--

INSERT INTO `courses` (`id`, `title`, `description`, `YearOfStudent`, `price`, `is_active`, `created_at`, `updated_at`, `category`, `allocation_status`) VALUES
(2, 'BCSE 4118', 'Computer Systems Reliability', '2', 17000.00, 1, '2024-11-29 14:02:14', '2024-12-09 09:18:35', 'SCHOOL OF COMPUTING AND MATHEMATICS', 'allocated'),
(3, 'BCSE 4117', 'Software Quality Engineering', '3', 20000.00, 1, '2024-12-03 09:05:16', '2024-12-09 09:18:42', 'SCHOOL OF COMPUTING AND MATHEMATICS', 'allocated'),
(4, 'BCSE 4119', 'Advanced Front-end Web Development', '4', 15000.00, 1, '2024-12-03 09:26:44', '2024-12-09 09:18:48', 'SCHOOL OF COMPUTING AND MATHEMATICS', 'allocated'),
(5, 'BCSE 1212', 'Introduction to programming', '1', 10000.00, 1, '2024-12-09 09:27:31', '2024-12-09 09:28:59', 'SCHOOL OF COMPUTING AND MATHEMATICS', 'allocated');

-- --------------------------------------------------------

--
-- Table structure for table `course_activities`
--

CREATE TABLE `course_activities` (
  `id` int(11) NOT NULL,
  `course_id` int(11) DEFAULT NULL,
  `title` varchar(255) DEFAULT NULL,
  `description` text DEFAULT NULL,
  `type` enum('CAT','Assignment','Quiz') DEFAULT NULL,
  `due_date` date DEFAULT NULL,
  `activity_name` varchar(255) NOT NULL,
  `activity_date` date NOT NULL,
  `activity_time` time NOT NULL,
  `location` varchar(255) DEFAULT NULL,
  `max_points` int(11) DEFAULT NULL
) ENGINE=InnoDB DEFAULT CHARSET=utf8mb4 COLLATE=utf8mb4_general_ci;

--
-- Dumping data for table `course_activities`
--

INSERT INTO `course_activities` (`id`, `course_id`, `title`, `description`, `type`, `due_date`, `activity_name`, `activity_date`, `activity_time`, `location`, `max_points`) VALUES
(1, 2, 'Assignment 1', 'Write an sql code for table students', 'Assignment', '2024-12-11', 'Assignment 1', '2024-12-11', '16:03:00', NULL, 100);

-- --------------------------------------------------------

--
-- Table structure for table `course_activity_enrollments`
--

CREATE TABLE `course_activity_enrollments` (
  `id` int(11) NOT NULL,
  `student_id` int(11) NOT NULL,
  `activity_id` int(11) NOT NULL,
  `enrollment_date` date DEFAULT curdate()
) ENGINE=InnoDB DEFAULT CHARSET=utf8mb4 COLLATE=utf8mb4_general_ci;

-- --------------------------------------------------------

--
-- Table structure for table `course_instructors`
--

CREATE TABLE `course_instructors` (
  `id` int(11) NOT NULL,
  `course_id` int(11) NOT NULL,
  `instructor_id` int(11) NOT NULL,
  `allocated_at` timestamp NOT NULL DEFAULT current_timestamp()
) ENGINE=InnoDB DEFAULT CHARSET=utf8mb4 COLLATE=utf8mb4_general_ci;

--
-- Dumping data for table `course_instructors`
--

INSERT INTO `course_instructors` (`id`, `course_id`, `instructor_id`, `allocated_at`) VALUES
(4, 2, 2, '2024-12-09 09:12:55'),
(5, 3, 3, '2024-12-09 09:17:27'),
(6, 4, 2, '2024-12-09 09:17:34'),
(7, 5, 4, '2024-12-09 09:28:59');

-- --------------------------------------------------------

--
-- Table structure for table `course_notes`
--

CREATE TABLE `course_notes` (
  `id` int(11) NOT NULL,
  `course_id` int(11) DEFAULT NULL,
  `title` varchar(255) DEFAULT NULL,
  `file_path` varchar(255) DEFAULT NULL,
  `upload_date` timestamp NOT NULL DEFAULT current_timestamp(),
  `description` text DEFAULT NULL,
  `file_size` bigint(20) DEFAULT NULL,
  `file_type` varchar(255) DEFAULT NULL
) ENGINE=InnoDB DEFAULT CHARSET=utf8mb4 COLLATE=utf8mb4_general_ci;

--
-- Dumping data for table `course_notes`
--

INSERT INTO `course_notes` (`id`, `course_id`, `title`, `file_path`, `upload_date`, `description`, `file_size`, `file_type`) VALUES
(1, 2, 'Lesson 1 notes', 'uploads/course_notes/67583e47c9611_MODULE-1.pdf', '2024-12-10 13:12:39', NULL, 911, 'pdf'),
(2, 4, 'Lesson 1 ', 'uploads/course_notes/67584aa624359_Lesson 1.pptx', '2024-12-10 14:05:26', NULL, 627, 'pptx');

-- --------------------------------------------------------

--
-- Table structure for table `enrollments`
--

CREATE TABLE `enrollments` (
  `id` int(11) NOT NULL,
  `student_id` int(11) NOT NULL,
  `course_id` int(11) NOT NULL,
  `enrollment_date` timestamp NOT NULL DEFAULT current_timestamp()
) ENGINE=InnoDB DEFAULT CHARSET=utf8mb4 COLLATE=utf8mb4_general_ci;

-- --------------------------------------------------------

--
-- Table structure for table `instructors`
--

CREATE TABLE `instructors` (
  `id` int(11) NOT NULL,
  `name` varchar(100) NOT NULL,
  `username` varchar(50) NOT NULL,
  `email` varchar(100) NOT NULL,
  `password` varchar(255) NOT NULL,
  `expertise` varchar(255) DEFAULT NULL,
  `bio` text DEFAULT NULL,
  `profile_image` varchar(255) DEFAULT NULL,
  `is_active` tinyint(1) DEFAULT 1,
  `created_at` timestamp NOT NULL DEFAULT current_timestamp(),
  `updated_at` timestamp NOT NULL DEFAULT current_timestamp() ON UPDATE current_timestamp(),
  `last_login` datetime DEFAULT NULL,
  `last_logout` datetime DEFAULT NULL
) ENGINE=InnoDB DEFAULT CHARSET=utf8mb4 COLLATE=utf8mb4_general_ci;

--
-- Dumping data for table `instructors`
--

INSERT INTO `instructors` (`id`, `name`, `username`, `email`, `password`, `expertise`, `bio`, `profile_image`, `is_active`, `created_at`, `updated_at`, `last_login`, `last_logout`) VALUES
(2, 'MALT BRANDON', 'Malt', 'estonnmose@gmail.com', '$2y$10$s11QktG2y5iFgbRlbZ3MsuVzIDIMujWvOdgGwJbOrW7FC/KhIcwiS', 'In computer Tech kenya', 'in tech', 'profile_images/675825fe260e4_Audi S5 Sportback.jpeg', 1, '2024-12-03 08:49:01', '2024-12-10 11:29:02', '2024-12-10 12:32:54', '2024-12-09 12:05:34'),
(3, 'Tom Kamau', 'Tom', 'tomkam@gmail.com', '$2y$10$uWBksVY1J47yBL8gEcQpx.MomLIoUJH/xcxeg7o2vxYfyyXVzsxoK', 'In computer Tech', 'Computer Science', NULL, 1, '2024-12-03 09:05:57', '2024-12-09 14:54:42', '2024-12-09 17:13:21', '2024-12-09 15:54:42'),
(4, 'Shem Mbandu', 'shem', 'shem@gmail.com', '$2y$10$FRzcMb5MyQy/0EUdM9bwU.YifiNu9JjouRSrw72QBZYl7woh9yoru', 'In computer Tech', 'UPdate', NULL, 1, '2024-12-09 09:28:17', '2024-12-09 09:28:17', NULL, NULL);

-- --------------------------------------------------------

--
-- Table structure for table `multiple_choice_questions`
--

CREATE TABLE `multiple_choice_questions` (
  `id` int(11) NOT NULL,
  `activity_id` int(11) NOT NULL,
  `question` text NOT NULL,
  `options` longtext CHARACTER SET utf8mb4 COLLATE utf8mb4_bin NOT NULL CHECK (json_valid(`options`)),
  `correct_answer` varchar(255) NOT NULL,
  `created_at` timestamp NOT NULL DEFAULT current_timestamp(),
  `updated_at` timestamp NOT NULL DEFAULT current_timestamp() ON UPDATE current_timestamp()
) ENGINE=InnoDB DEFAULT CHARSET=utf8mb4 COLLATE=utf8mb4_general_ci;

-- --------------------------------------------------------

--
-- Table structure for table `students`
--

CREATE TABLE `students` (
  `id` int(11) NOT NULL,
  `username` varchar(50) NOT NULL,
  `first_name` varchar(50) NOT NULL,
  `last_name` varchar(50) NOT NULL,
  `email` varchar(100) NOT NULL,
  `password` varchar(255) NOT NULL,
  `phone_number` varchar(20) DEFAULT NULL,
  `last_login` datetime DEFAULT NULL,
  `last_logout` datetime DEFAULT NULL,
  `profile_image` datetime DEFAULT NULL,
  `is_active` tinyint(1) DEFAULT 1,
  `reset_token` varchar(255) DEFAULT NULL,
  `token_expiry` datetime DEFAULT NULL,
  `full_name` varchar(255) DEFAULT NULL
) ENGINE=InnoDB DEFAULT CHARSET=utf8mb4 COLLATE=utf8mb4_general_ci;

--
-- Dumping data for table `students`
--

INSERT INTO `students` (`id`, `username`, `first_name`, `last_name`, `email`, `password`, `phone_number`, `last_login`, `last_logout`, `profile_image`, `is_active`, `reset_token`, `token_expiry`, `full_name`) VALUES
(1, 'estonkiam', 'Eston', 'Kiama', 'engestonbrandonkiama@gmail.com', '$2y$10$.lHe8fK7DXGLuo7u5wg/Cu1m0fukDrPe6EWbqsKUCLu5s4fdA1utG', '0757196660', '2024-12-03 13:47:44', '2024-12-10 13:54:13', '0000-00-00 00:00:00', 1, NULL, NULL, 'Eston Kiama'),
(2, 'Mary', 'Mary', 'Keen', 'mary@gmail.com', '$2y$10$G7gsZ50JyNhzyFZoKKGaSexHwXi7Qz7QwRwaY.r2ds9e8OELMi.v.', '345678790', NULL, '2024-12-10 15:05:51', NULL, 1, NULL, NULL, 'Mary Keen');

--
-- Triggers `students`
--
DELIMITER $$
CREATE TRIGGER `update_full_name` BEFORE UPDATE ON `students` FOR EACH ROW BEGIN
    SET NEW.full_name = CONCAT(NEW.first_name, ' ', NEW.last_name);
END
$$
DELIMITER ;

-- --------------------------------------------------------

--
-- Table structure for table `student_submissions`
--

CREATE TABLE `student_submissions` (
  `id` int(11) NOT NULL,
  `student_id` int(11) DEFAULT NULL,
  `course_id` int(11) DEFAULT NULL,
  `activity_id` int(11) DEFAULT NULL,
  `submission_date` timestamp NOT NULL DEFAULT current_timestamp(),
  `file_path` varchar(255) DEFAULT NULL,
  `grade` decimal(5,2) DEFAULT NULL
) ENGINE=InnoDB DEFAULT CHARSET=utf8mb4 COLLATE=utf8mb4_general_ci;

--
-- Indexes for dumped tables
--

--
-- Indexes for table `admin`
--
ALTER TABLE `admin`
  ADD PRIMARY KEY (`admin_id`),
  ADD UNIQUE KEY `username` (`username`),
  ADD UNIQUE KEY `email` (`email`);

--
-- Indexes for table `admin_remember_tokens`
--
ALTER TABLE `admin_remember_tokens`
  ADD PRIMARY KEY (`id`),
  ADD KEY `admin_id` (`admin_id`);

--
-- Indexes for table `courses`
--
ALTER TABLE `courses`
  ADD PRIMARY KEY (`id`);
ALTER TABLE `courses` ADD FULLTEXT KEY `title` (`title`,`description`);

--
-- Indexes for table `course_activities`
--
ALTER TABLE `course_activities`
  ADD PRIMARY KEY (`id`),
  ADD KEY `course_id` (`course_id`);

--
-- Indexes for table `course_activity_enrollments`
--
ALTER TABLE `course_activity_enrollments`
  ADD PRIMARY KEY (`id`),
  ADD KEY `student_id` (`student_id`),
  ADD KEY `activity_id` (`activity_id`);

--
-- Indexes for table `course_instructors`
--
ALTER TABLE `course_instructors`
  ADD PRIMARY KEY (`id`),
  ADD UNIQUE KEY `unique_course_instructor` (`course_id`,`instructor_id`),
  ADD KEY `instructor_id` (`instructor_id`);

--
-- Indexes for table `course_notes`
--
ALTER TABLE `course_notes`
  ADD PRIMARY KEY (`id`),
  ADD KEY `course_id` (`course_id`);

--
-- Indexes for table `enrollments`
--
ALTER TABLE `enrollments`
  ADD PRIMARY KEY (`id`),
  ADD KEY `student_id` (`student_id`),
  ADD KEY `course_id` (`course_id`);

--
-- Indexes for table `instructors`
--
ALTER TABLE `instructors`
  ADD PRIMARY KEY (`id`),
  ADD UNIQUE KEY `username` (`username`),
  ADD UNIQUE KEY `email` (`email`);

--
-- Indexes for table `multiple_choice_questions`
--
ALTER TABLE `multiple_choice_questions`
  ADD PRIMARY KEY (`id`),
  ADD KEY `activity_id` (`activity_id`);

--
-- Indexes for table `students`
--
ALTER TABLE `students`
  ADD PRIMARY KEY (`id`),
  ADD UNIQUE KEY `username` (`username`),
  ADD UNIQUE KEY `email` (`email`);

--
-- Indexes for table `student_submissions`
--
ALTER TABLE `student_submissions`
  ADD PRIMARY KEY (`id`),
  ADD KEY `student_id` (`student_id`),
  ADD KEY `course_id` (`course_id`),
  ADD KEY `activity_id` (`activity_id`);

--
-- AUTO_INCREMENT for dumped tables
--

--
-- AUTO_INCREMENT for table `admin`
--
ALTER TABLE `admin`
  MODIFY `admin_id` int(11) NOT NULL AUTO_INCREMENT, AUTO_INCREMENT=5;

--
-- AUTO_INCREMENT for table `admin_remember_tokens`
--
ALTER TABLE `admin_remember_tokens`
  MODIFY `id` int(11) NOT NULL AUTO_INCREMENT;

--
-- AUTO_INCREMENT for table `courses`
--
ALTER TABLE `courses`
  MODIFY `id` int(11) NOT NULL AUTO_INCREMENT, AUTO_INCREMENT=6;

--
-- AUTO_INCREMENT for table `course_activities`
--
ALTER TABLE `course_activities`
  MODIFY `id` int(11) NOT NULL AUTO_INCREMENT, AUTO_INCREMENT=3;

--
-- AUTO_INCREMENT for table `course_activity_enrollments`
--
ALTER TABLE `course_activity_enrollments`
  MODIFY `id` int(11) NOT NULL AUTO_INCREMENT;

--
-- AUTO_INCREMENT for table `course_instructors`
--
ALTER TABLE `course_instructors`
  MODIFY `id` int(11) NOT NULL AUTO_INCREMENT, AUTO_INCREMENT=8;

--
-- AUTO_INCREMENT for table `course_notes`
--
ALTER TABLE `course_notes`
  MODIFY `id` int(11) NOT NULL AUTO_INCREMENT, AUTO_INCREMENT=3;

--
-- AUTO_INCREMENT for table `enrollments`
--
ALTER TABLE `enrollments`
  MODIFY `id` int(11) NOT NULL AUTO_INCREMENT, AUTO_INCREMENT=20;

--
-- AUTO_INCREMENT for table `instructors`
--
ALTER TABLE `instructors`
  MODIFY `id` int(11) NOT NULL AUTO_INCREMENT, AUTO_INCREMENT=5;

--
-- AUTO_INCREMENT for table `multiple_choice_questions`
--
ALTER TABLE `multiple_choice_questions`
  MODIFY `id` int(11) NOT NULL AUTO_INCREMENT;

--
-- AUTO_INCREMENT for table `students`
--
ALTER TABLE `students`
  MODIFY `id` int(11) NOT NULL AUTO_INCREMENT, AUTO_INCREMENT=3;

--
-- AUTO_INCREMENT for table `student_submissions`
--
ALTER TABLE `student_submissions`
  MODIFY `id` int(11) NOT NULL AUTO_INCREMENT, AUTO_INCREMENT=3;

--
-- Constraints for dumped tables
--

--
-- Constraints for table `admin_remember_tokens`
--
ALTER TABLE `admin_remember_tokens`
  ADD CONSTRAINT `admin_remember_tokens_ibfk_1` FOREIGN KEY (`admin_id`) REFERENCES `admin` (`admin_id`) ON DELETE CASCADE;

--
-- Constraints for table `course_activities`
--
ALTER TABLE `course_activities`
  ADD CONSTRAINT `course_activities_ibfk_1` FOREIGN KEY (`course_id`) REFERENCES `courses` (`id`);

--
-- Constraints for table `course_activity_enrollments`
--
ALTER TABLE `course_activity_enrollments`
  ADD CONSTRAINT `course_activity_enrollments_ibfk_1` FOREIGN KEY (`student_id`) REFERENCES `students` (`id`),
  ADD CONSTRAINT `course_activity_enrollments_ibfk_2` FOREIGN KEY (`activity_id`) REFERENCES `course_activities` (`id`);

--
-- Constraints for table `course_instructors`
--
ALTER TABLE `course_instructors`
  ADD CONSTRAINT `course_instructors_ibfk_1` FOREIGN KEY (`course_id`) REFERENCES `courses` (`id`) ON DELETE CASCADE,
  ADD CONSTRAINT `course_instructors_ibfk_2` FOREIGN KEY (`instructor_id`) REFERENCES `instructors` (`id`) ON DELETE CASCADE;

--
-- Constraints for table `course_notes`
--
ALTER TABLE `course_notes`
  ADD CONSTRAINT `course_notes_ibfk_1` FOREIGN KEY (`course_id`) REFERENCES `courses` (`id`);

--
-- Constraints for table `enrollments`
--
ALTER TABLE `enrollments`
  ADD CONSTRAINT `enrollments_ibfk_1` FOREIGN KEY (`student_id`) REFERENCES `students` (`id`) ON DELETE CASCADE,
  ADD CONSTRAINT `enrollments_ibfk_2` FOREIGN KEY (`course_id`) REFERENCES `courses` (`id`) ON DELETE CASCADE;

--
-- Constraints for table `multiple_choice_questions`
--
ALTER TABLE `multiple_choice_questions`
  ADD CONSTRAINT `multiple_choice_questions_ibfk_1` FOREIGN KEY (`activity_id`) REFERENCES `course_activities` (`id`) ON DELETE CASCADE;

--
-- Constraints for table `student_submissions`
--
ALTER TABLE `student_submissions`
  ADD CONSTRAINT `student_submissions_ibfk_1` FOREIGN KEY (`student_id`) REFERENCES `students` (`id`),
  ADD CONSTRAINT `student_submissions_ibfk_2` FOREIGN KEY (`course_id`) REFERENCES `courses` (`id`),
  ADD CONSTRAINT `student_submissions_ibfk_3` FOREIGN KEY (`activity_id`) REFERENCES `course_activities` (`id`);
--
-- Database: `firstproject`
--
CREATE DATABASE IF NOT EXISTS `firstproject` DEFAULT CHARACTER SET utf8mb4 COLLATE utf8mb4_general_ci;
USE `firstproject`;

-- --------------------------------------------------------

--
-- Table structure for table `cache`
--

CREATE TABLE `cache` (
  `key` varchar(255) NOT NULL,
  `value` mediumtext NOT NULL,
  `expiration` int(11) NOT NULL
) ENGINE=InnoDB DEFAULT CHARSET=utf8mb4 COLLATE=utf8mb4_unicode_ci;

-- --------------------------------------------------------

--
-- Table structure for table `cache_locks`
--

CREATE TABLE `cache_locks` (
  `key` varchar(255) NOT NULL,
  `owner` varchar(255) NOT NULL,
  `expiration` int(11) NOT NULL
) ENGINE=InnoDB DEFAULT CHARSET=utf8mb4 COLLATE=utf8mb4_unicode_ci;

-- --------------------------------------------------------

--
-- Table structure for table `contacts`
--

CREATE TABLE `contacts` (
  `id` bigint(20) UNSIGNED NOT NULL,
  `name` varchar(255) NOT NULL,
  `email` varchar(255) NOT NULL,
  `message` text NOT NULL,
  `created_at` timestamp NULL DEFAULT NULL,
  `updated_at` timestamp NULL DEFAULT NULL
) ENGINE=InnoDB DEFAULT CHARSET=utf8mb4 COLLATE=utf8mb4_unicode_ci;

--
-- Dumping data for table `contacts`
--

INSERT INTO `contacts` (`id`, `name`, `email`, `message`, `created_at`, `updated_at`) VALUES
(1, 'BRANDON ESTON', 'kiamaeston0@gmail.com', 'vp', '2024-10-24 09:05:41', '2024-10-24 09:05:41'),
(2, 'Eston Kiama', 'engestonbrandonkiama@gmail.com', 'vp', '2024-10-24 09:34:19', '2024-10-24 09:34:19'),
(3, 'Eston Kiama', 'engestonbrandonkiama@gmail.com', 'hello', '2024-11-13 10:54:50', '2024-11-13 10:54:50');

-- --------------------------------------------------------

--
-- Table structure for table `failed_jobs`
--

CREATE TABLE `failed_jobs` (
  `id` bigint(20) UNSIGNED NOT NULL,
  `uuid` varchar(255) NOT NULL,
  `connection` text NOT NULL,
  `queue` text NOT NULL,
  `payload` longtext NOT NULL,
  `exception` longtext NOT NULL,
  `failed_at` timestamp NOT NULL DEFAULT current_timestamp()
) ENGINE=InnoDB DEFAULT CHARSET=utf8mb4 COLLATE=utf8mb4_unicode_ci;

-- --------------------------------------------------------

--
-- Table structure for table `jobs`
--

CREATE TABLE `jobs` (
  `id` bigint(20) UNSIGNED NOT NULL,
  `queue` varchar(255) NOT NULL,
  `payload` longtext NOT NULL,
  `attempts` tinyint(3) UNSIGNED NOT NULL,
  `reserved_at` int(10) UNSIGNED DEFAULT NULL,
  `available_at` int(10) UNSIGNED NOT NULL,
  `created_at` int(10) UNSIGNED NOT NULL
) ENGINE=InnoDB DEFAULT CHARSET=utf8mb4 COLLATE=utf8mb4_unicode_ci;

-- --------------------------------------------------------

--
-- Table structure for table `job_batches`
--

CREATE TABLE `job_batches` (
  `id` varchar(255) NOT NULL,
  `name` varchar(255) NOT NULL,
  `total_jobs` int(11) NOT NULL,
  `pending_jobs` int(11) NOT NULL,
  `failed_jobs` int(11) NOT NULL,
  `failed_job_ids` longtext NOT NULL,
  `options` mediumtext DEFAULT NULL,
  `cancelled_at` int(11) DEFAULT NULL,
  `created_at` int(11) NOT NULL,
  `finished_at` int(11) DEFAULT NULL
) ENGINE=InnoDB DEFAULT CHARSET=utf8mb4 COLLATE=utf8mb4_unicode_ci;

-- --------------------------------------------------------

--
-- Table structure for table `migrations`
--

CREATE TABLE `migrations` (
  `id` int(10) UNSIGNED NOT NULL,
  `migration` varchar(255) NOT NULL,
  `batch` int(11) NOT NULL
) ENGINE=InnoDB DEFAULT CHARSET=utf8mb4 COLLATE=utf8mb4_unicode_ci;

--
-- Dumping data for table `migrations`
--

INSERT INTO `migrations` (`id`, `migration`, `batch`) VALUES
(1, '0001_01_01_000000_create_users_table', 1),
(2, '0001_01_01_000001_create_cache_table', 1),
(3, '0001_01_01_000002_create_jobs_table', 1),
(4, '2024_10_24_110713_create_contacts_table', 2);

-- --------------------------------------------------------

--
-- Table structure for table `password_reset_tokens`
--

CREATE TABLE `password_reset_tokens` (
  `email` varchar(255) NOT NULL,
  `token` varchar(255) NOT NULL,
  `created_at` timestamp NULL DEFAULT NULL
) ENGINE=InnoDB DEFAULT CHARSET=utf8mb4 COLLATE=utf8mb4_unicode_ci;

-- --------------------------------------------------------

--
-- Table structure for table `sessions`
--

CREATE TABLE `sessions` (
  `id` varchar(255) NOT NULL,
  `user_id` bigint(20) UNSIGNED DEFAULT NULL,
  `ip_address` varchar(45) DEFAULT NULL,
  `user_agent` text DEFAULT NULL,
  `payload` longtext NOT NULL,
  `last_activity` int(11) NOT NULL
) ENGINE=InnoDB DEFAULT CHARSET=utf8mb4 COLLATE=utf8mb4_unicode_ci;

--
-- Dumping data for table `sessions`
--

INSERT INTO `sessions` (`id`, `user_id`, `ip_address`, `user_agent`, `payload`, `last_activity`) VALUES
('efhWjN6WYxRHV0ftlSnUT16CP1NehJxrghO3I8dj', NULL, '127.0.0.1', 'Mozilla/5.0 (Windows NT 10.0; Win64; x64) AppleWebKit/537.36 (KHTML, like Gecko) Chrome/131.0.0.0 Safari/537.36', 'YTozOntzOjY6Il90b2tlbiI7czo0MDoiaTJNSjEzeXlNWVJ5cEFxdzJpWkRRVjluVUpiS2VwRUhYTGRMVm1SMiI7czo5OiJfcHJldmlvdXMiO2E6MTp7czozOiJ1cmwiO3M6Mjc6Imh0dHA6Ly8xMjcuMC4wLjE6ODAwMC9sb2dpbiI7fXM6NjoiX2ZsYXNoIjthOjI6e3M6Mzoib2xkIjthOjA6e31zOjM6Im5ldyI7YTowOnt9fX0=', 1731585596),
('KVch4JXhqcU4ZRQIi0aUnOxBoYxkIRsBbAvCSCXE', NULL, '127.0.0.1', 'Mozilla/5.0 (Windows NT 10.0; Win64; x64) AppleWebKit/537.36 (KHTML, like Gecko) Chrome/131.0.0.0 Safari/537.36', 'YToyOntzOjY6Il90b2tlbiI7czo0MDoidDF0ckcxaE9JeVF3UzVkVmlpeEd6dmJmNnRmTkdnTThRM29kaTIzSiI7czo2OiJfZmxhc2giO2E6Mjp7czozOiJvbGQiO2E6MDp7fXM6MzoibmV3IjthOjA6e319fQ==', 1731584119);

-- --------------------------------------------------------

--
-- Table structure for table `users`
--

CREATE TABLE `users` (
  `id` bigint(20) UNSIGNED NOT NULL,
  `name` varchar(255) NOT NULL,
  `email` varchar(255) NOT NULL,
  `email_verified_at` timestamp NULL DEFAULT NULL,
  `password` varchar(255) NOT NULL,
  `remember_token` varchar(100) DEFAULT NULL,
  `created_at` timestamp NULL DEFAULT NULL,
  `updated_at` timestamp NULL DEFAULT NULL
) ENGINE=InnoDB DEFAULT CHARSET=utf8mb4 COLLATE=utf8mb4_unicode_ci;

--
-- Dumping data for table `users`
--

INSERT INTO `users` (`id`, `name`, `email`, `email_verified_at`, `password`, `remember_token`, `created_at`, `updated_at`) VALUES
(1, 'Eston Kiama', 'engestonbrandonkiama@gmail.com', NULL, '$2y$12$XLMg8BszQ3FGgMn4EUK/zeUWVJxE0tObdBynbBhK2xoRV2PjwzMQS', NULL, '2024-11-13 11:05:49', '2024-11-13 11:05:49'),
(2, 'tony roy', 'tony@gmail.com', NULL, '$2y$12$XLMg8BszQ3FGgMn4EUK/zeUWVJxE0tObdBynbBhK2xoRV2PjwzMQS', NULL, '2024-11-13 11:10:55', '2024-11-13 11:10:55');

--
-- Indexes for dumped tables
--

--
-- Indexes for table `cache`
--
ALTER TABLE `cache`
  ADD PRIMARY KEY (`key`);

--
-- Indexes for table `cache_locks`
--
ALTER TABLE `cache_locks`
  ADD PRIMARY KEY (`key`);

--
-- Indexes for table `contacts`
--
ALTER TABLE `contacts`
  ADD PRIMARY KEY (`id`);

--
-- Indexes for table `failed_jobs`
--
ALTER TABLE `failed_jobs`
  ADD PRIMARY KEY (`id`),
  ADD UNIQUE KEY `failed_jobs_uuid_unique` (`uuid`);

--
-- Indexes for table `jobs`
--
ALTER TABLE `jobs`
  ADD PRIMARY KEY (`id`),
  ADD KEY `jobs_queue_index` (`queue`);

--
-- Indexes for table `job_batches`
--
ALTER TABLE `job_batches`
  ADD PRIMARY KEY (`id`);

--
-- Indexes for table `migrations`
--
ALTER TABLE `migrations`
  ADD PRIMARY KEY (`id`);

--
-- Indexes for table `password_reset_tokens`
--
ALTER TABLE `password_reset_tokens`
  ADD PRIMARY KEY (`email`);

--
-- Indexes for table `sessions`
--
ALTER TABLE `sessions`
  ADD PRIMARY KEY (`id`),
  ADD KEY `sessions_user_id_index` (`user_id`),
  ADD KEY `sessions_last_activity_index` (`last_activity`);

--
-- Indexes for table `users`
--
ALTER TABLE `users`
  ADD PRIMARY KEY (`id`),
  ADD UNIQUE KEY `users_email_unique` (`email`);

--
-- AUTO_INCREMENT for dumped tables
--

--
-- AUTO_INCREMENT for table `contacts`
--
ALTER TABLE `contacts`
  MODIFY `id` bigint(20) UNSIGNED NOT NULL AUTO_INCREMENT, AUTO_INCREMENT=4;

--
-- AUTO_INCREMENT for table `failed_jobs`
--
ALTER TABLE `failed_jobs`
  MODIFY `id` bigint(20) UNSIGNED NOT NULL AUTO_INCREMENT;

--
-- AUTO_INCREMENT for table `jobs`
--
ALTER TABLE `jobs`
  MODIFY `id` bigint(20) UNSIGNED NOT NULL AUTO_INCREMENT;

--
-- AUTO_INCREMENT for table `migrations`
--
ALTER TABLE `migrations`
  MODIFY `id` int(10) UNSIGNED NOT NULL AUTO_INCREMENT, AUTO_INCREMENT=5;

--
-- AUTO_INCREMENT for table `users`
--
ALTER TABLE `users`
  MODIFY `id` bigint(20) UNSIGNED NOT NULL AUTO_INCREMENT, AUTO_INCREMENT=3;
--
-- Database: `hospital`
--
CREATE DATABASE IF NOT EXISTS `hospital` DEFAULT CHARACTER SET utf8mb4 COLLATE utf8mb4_general_ci;
USE `hospital`;
--
-- Database: `meru doctors plaza`
--
CREATE DATABASE IF NOT EXISTS `meru doctors plaza` DEFAULT CHARACTER SET utf8mb4 COLLATE utf8mb4_general_ci;
USE `meru doctors plaza`;

-- --------------------------------------------------------

--
-- Table structure for table `appointment`
--

CREATE TABLE `appointment` (
  `id` int(11) NOT NULL,
  `name` varchar(255) NOT NULL,
  `national_id` varchar(50) NOT NULL,
  `phone` varchar(20) NOT NULL,
  `appointment_date` date NOT NULL,
  `department` varchar(100) NOT NULL,
  `doctor` varchar(100) NOT NULL,
  `message` text DEFAULT NULL,
  `created_at` timestamp NOT NULL DEFAULT current_timestamp(),
  `comment` text DEFAULT NULL,
  `is_read` tinyint(1) DEFAULT 0
) ENGINE=InnoDB DEFAULT CHARSET=utf8mb4 COLLATE=utf8mb4_general_ci;

--
-- Dumping data for table `appointment`
--

INSERT INTO `appointment` (`id`, `name`, `national_id`, `phone`, `appointment_date`, `department`, `doctor`, `message`, `created_at`, `comment`, `is_read`) VALUES
(10, 'Neema shivindu', '6557856', '0757196660', '2024-10-16', 'Cardiology', 'Dr. Sarah Johnson', 'appointment', '2024-10-14 08:46:00', 'pending', 1),
(11, 'Mary otieno', '68745665', '0757296660', '2024-10-25', 'Dentistry', 'Dr. Amanda Jenson', 'appointment', '2024-10-14 08:49:34', 'Approved', 1),
(12, 'ESTON KIAMA', '6557578', '0757296660', '2024-10-21', 'Hepatology', 'Dr. William Anderson', 'appointment', '2024-10-15 03:16:51', 'completed', 1),
(13, 'tonyroy', '5845689456', '0765554444', '2024-10-17', 'Hepatology', 'Dr. Sarah Johnson', 'Appointment Application', '2024-10-15 11:01:19', NULL, 1),
(14, 'gabriel', '469864', '9589589', '2024-10-12', 'Hepatology', 'Dr. Sarah Johnson', 'appointment application', '2024-10-15 14:14:49', 'completed', 0),
(16, 'BRANDON ESTON', '58467', '0765554444', '2024-10-26', 'Neurology', 'Dr. William Anderson', 'Appointment', '2024-10-24 07:24:27', NULL, 0);

-- --------------------------------------------------------

--
-- Table structure for table `business_hours`
--

CREATE TABLE `business_hours` (
  `id` int(11) NOT NULL,
  `business_name` varchar(255) DEFAULT NULL,
  `address` varchar(255) DEFAULT NULL,
  `phone_number` varchar(20) DEFAULT NULL,
  `open_hours` varchar(255) DEFAULT NULL
) ENGINE=InnoDB DEFAULT CHARSET=utf8mb4 COLLATE=utf8mb4_general_ci;

--
-- Dumping data for table `business_hours`
--

INSERT INTO `business_hours` (`id`, `business_name`, `address`, `phone_number`, `open_hours`) VALUES
(1, 'Meru Doctors Plaza', '2MV3+WPF, Municipality, Imenti North, Meru', '0705 656265', 'Open 24 hours');

-- --------------------------------------------------------

--
-- Table structure for table `cache`
--

CREATE TABLE `cache` (
  `key` varchar(255) NOT NULL,
  `value` mediumtext NOT NULL,
  `expiration` int(11) NOT NULL
) ENGINE=InnoDB DEFAULT CHARSET=utf8mb4 COLLATE=utf8mb4_unicode_ci;

-- --------------------------------------------------------

--
-- Table structure for table `cache_locks`
--

CREATE TABLE `cache_locks` (
  `key` varchar(255) NOT NULL,
  `owner` varchar(255) NOT NULL,
  `expiration` int(11) NOT NULL
) ENGINE=InnoDB DEFAULT CHARSET=utf8mb4 COLLATE=utf8mb4_unicode_ci;

-- --------------------------------------------------------

--
-- Table structure for table `contact`
--

CREATE TABLE `contact` (
  `id` int(11) NOT NULL,
  `name` varchar(100) NOT NULL,
  `email` varchar(100) NOT NULL,
  `subject` varchar(255) NOT NULL,
  `message` text NOT NULL,
  `date_sent` timestamp NOT NULL DEFAULT current_timestamp(),
  `is_read` tinyint(1) DEFAULT 0
) ENGINE=InnoDB DEFAULT CHARSET=utf8mb4 COLLATE=utf8mb4_general_ci;

--
-- Dumping data for table `contact`
--

INSERT INTO `contact` (`id`, `name`, `email`, `subject`, `message`, `date_sent`, `is_read`) VALUES
(2, 'jere maya', 'Jere@gmail.com', 'Trasportation', 'how can i get to get my sick mum to the hospital', '2024-10-03 13:08:46', 1),
(5, 'tony smith', 'royt5908@gmail.com', 'yyy', 'bro', '2024-10-14 09:14:51', 1),
(6, 'tony smith', 'royt5908@gmail.com', 'yyy', 'bro', '2024-10-14 10:48:45', 1),
(8, 'BRANDON ESTON', 'kiamaeston0@gmail.com', 'Hio error ni ya ?', 'hey', '2024-10-15 11:03:03', 1),
(9, 'mercy', 'mrcjebichii@gmail.com', 'Appointment', 'I have postponed my appointment', '2024-10-15 14:17:58', NULL),
(10, 'mercy', 'mrcjebichii@gmail.com', 'Appointment', 'I have postponed my appointment', '2024-10-15 14:18:40', 0),
(12, 'Eston Kiama', 'engestonbrandonkiama@gmail.com', 'Hio error ni ya ?', 'vp', '2024-10-24 07:27:40', 0);

-- --------------------------------------------------------

--
-- Table structure for table `failed_jobs`
--

CREATE TABLE `failed_jobs` (
  `id` bigint(20) UNSIGNED NOT NULL,
  `uuid` varchar(255) NOT NULL,
  `connection` text NOT NULL,
  `queue` text NOT NULL,
  `payload` longtext NOT NULL,
  `exception` longtext NOT NULL,
  `failed_at` timestamp NOT NULL DEFAULT current_timestamp()
) ENGINE=InnoDB DEFAULT CHARSET=utf8mb4 COLLATE=utf8mb4_unicode_ci;

-- --------------------------------------------------------

--
-- Table structure for table `jobs`
--

CREATE TABLE `jobs` (
  `id` bigint(20) UNSIGNED NOT NULL,
  `queue` varchar(255) NOT NULL,
  `payload` longtext NOT NULL,
  `attempts` tinyint(3) UNSIGNED NOT NULL,
  `reserved_at` int(10) UNSIGNED DEFAULT NULL,
  `available_at` int(10) UNSIGNED NOT NULL,
  `created_at` int(10) UNSIGNED NOT NULL
) ENGINE=InnoDB DEFAULT CHARSET=utf8mb4 COLLATE=utf8mb4_unicode_ci;

-- --------------------------------------------------------

--
-- Table structure for table `job_batches`
--

CREATE TABLE `job_batches` (
  `id` varchar(255) NOT NULL,
  `name` varchar(255) NOT NULL,
  `total_jobs` int(11) NOT NULL,
  `pending_jobs` int(11) NOT NULL,
  `failed_jobs` int(11) NOT NULL,
  `failed_job_ids` longtext NOT NULL,
  `options` mediumtext DEFAULT NULL,
  `cancelled_at` int(11) DEFAULT NULL,
  `created_at` int(11) NOT NULL,
  `finished_at` int(11) DEFAULT NULL
) ENGINE=InnoDB DEFAULT CHARSET=utf8mb4 COLLATE=utf8mb4_unicode_ci;

-- --------------------------------------------------------

--
-- Table structure for table `members`
--

CREATE TABLE `members` (
  `id` int(11) NOT NULL,
  `email` varchar(255) NOT NULL,
  `national_id` varchar(50) NOT NULL,
  `password` varchar(255) NOT NULL,
  `created_at` timestamp NOT NULL DEFAULT current_timestamp(),
  `profile_picture` varchar(255) DEFAULT 'uploads/profile_pictures/default_profile_picture.jpg',
  `reset_token` varchar(255) DEFAULT NULL,
  `token_expiry` datetime DEFAULT NULL
) ENGINE=InnoDB DEFAULT CHARSET=utf8mb4 COLLATE=utf8mb4_general_ci;

--
-- Dumping data for table `members`
--

INSERT INTO `members` (`id`, `email`, `national_id`, `password`, `created_at`, `profile_picture`, `reset_token`, `token_expiry`) VALUES
(1, 'merudocadmin@gmail.com', '40553254', '$2y$10$CIUCUh9HoRMMR8922yrpn.bfbU4S3WEKGpe/41xvNAehDxlaZHdwC', '2024-10-01 13:38:32', 'uploads/profile_pictures/6703e89056de3_11922.jpg', NULL, NULL),
(11, 'kiamaeston0@gmail.com', '346578', '$2y$10$P7BJXtdZsV7McXS0IVkdnetnOMScPHHg2GDLkMm875zXaKgFLifDa', '2024-10-07 13:55:32', 'uploads/profile_pictures/1728309332_12366.jpg', NULL, NULL),
(12, 'eunice@gmail.com', '57865765', '$2y$10$M81BSDnEqgFP7OReKT65n.H2OXZ6WMNA71E5FT5zf6ca/gE1Dsy/e', '2024-10-07 13:55:59', 'uploads/profile_pictures/6703e919d55cb_13510.jpg', NULL, NULL),
(15, 'kiamaeston2@gmail.com', '40553254', '$2y$10$EOXCD61SbCi7g8S3jgQtpeNVqDIGwJIq5waEI38Dh0czB8cSKdGdC', '2024-10-18 11:46:51', 'uploads/profile_pictures/6719f224439a0_th.jpeg', NULL, NULL),
(16, 'estonnmose@gmail.com', '39967683', '$2y$10$.A8B/AzcowTWomTVvQWBRuXjyzkERMB8pqSxaDLMLFXRRJmyrGBSq', '2024-10-18 11:48:52', 'uploads/profile_pictures/67124bc676273_12396.jpg', NULL, NULL),
(17, 'Millton@gmail.com', '428752', '$2y$10$0Da9iHV3xq7bbVaFLYEKt.Hb77XbxDCBUx5iFI4sw7T23gWs0B.1K', '2024-11-21 09:09:03', 'uploads/profile_pictures/1732180143_Fashion Women.jpg', NULL, NULL);

-- --------------------------------------------------------

--
-- Table structure for table `migrations`
--

CREATE TABLE `migrations` (
  `id` int(10) UNSIGNED NOT NULL,
  `migration` varchar(255) NOT NULL,
  `batch` int(11) NOT NULL
) ENGINE=InnoDB DEFAULT CHARSET=utf8mb4 COLLATE=utf8mb4_unicode_ci;

--
-- Dumping data for table `migrations`
--

INSERT INTO `migrations` (`id`, `migration`, `batch`) VALUES
(1, '0001_01_01_000000_create_users_table', 1),
(2, '0001_01_01_000001_create_cache_table', 1),
(3, '0001_01_01_000002_create_jobs_table', 1);

-- --------------------------------------------------------

--
-- Table structure for table `orders`
--

CREATE TABLE `orders` (
  `id` int(11) NOT NULL,
  `name` varchar(100) NOT NULL,
  `email` varchar(100) NOT NULL,
  `phone` varchar(20) NOT NULL,
  `message` text NOT NULL,
  `order_date` timestamp NOT NULL DEFAULT current_timestamp(),
  `is_read` tinyint(1) DEFAULT 0
) ENGINE=InnoDB DEFAULT CHARSET=utf8mb4 COLLATE=utf8mb4_general_ci;

--
-- Dumping data for table `orders`
--

INSERT INTO `orders` (`id`, `name`, `email`, `phone`, `message`, `order_date`, `is_read`) VALUES
(1, 'Eston Kiama', 'engestonbrandonkiama@gmail.com', '+254757196660', 'mara moja etc', '2024-10-01 14:00:30', 1),
(5, 'tony smith', 'royt5908@gmail.com', '0757296660', 'mara moja', '2024-10-14 08:56:45', 1),
(6, 'tony smith', 'royt5908@gmail.com', '0757196660', 'mara moja', '2024-10-14 10:49:11', 1),
(7, 'tony smith', 'royt5908@gmail.com', '0757196660', 'mara moja', '2024-10-14 10:49:51', 1),
(8, 'tony smith', 'royt5908@gmail.com', '0757196660', 'mara moja', '2024-10-15 01:49:31', 1),
(9, 'tony smith', 'royt5908@gmail.com', '0757296660', 'mara moja', '2024-10-15 01:56:29', 1),
(10, 'eston', 'kiamaeston0@gmail.com', '0757296660', 'mara moja', '2024-10-15 02:02:29', 1),
(11, 'ESTON KIAMA', 'kiamaeston0@gmail.com', '0757296660', 'MARA MOJA', '2024-10-15 02:04:59', 1),
(15, 'tonyroy', 'Royt5908@gmail.com', '0765554444', 'mara moja', '2024-10-15 11:00:06', 1),
(16, 'mercy', 'mrcjebichii@gmail.com', '908609976', 'Mara moja 200 packs,sona moja 50 packs', '2024-10-15 14:16:30', 0),
(18, 'BRANDON ESTON', 'kiamaeston0@gmail.com', '0765554444', 'Mara moja 300packs', '2024-10-24 07:33:59', 0);

-- --------------------------------------------------------

--
-- Table structure for table `password_reset_tokens`
--

CREATE TABLE `password_reset_tokens` (
  `email` varchar(255) NOT NULL,
  `token` varchar(255) NOT NULL,
  `created_at` timestamp NULL DEFAULT NULL
) ENGINE=InnoDB DEFAULT CHARSET=utf8mb4 COLLATE=utf8mb4_unicode_ci;

-- --------------------------------------------------------

--
-- Table structure for table `sessions`
--

CREATE TABLE `sessions` (
  `id` varchar(255) NOT NULL,
  `user_id` bigint(20) UNSIGNED DEFAULT NULL,
  `ip_address` varchar(45) DEFAULT NULL,
  `user_agent` text DEFAULT NULL,
  `payload` longtext NOT NULL,
  `last_activity` int(11) NOT NULL
) ENGINE=InnoDB DEFAULT CHARSET=utf8mb4 COLLATE=utf8mb4_unicode_ci;

--
-- Dumping data for table `sessions`
--

INSERT INTO `sessions` (`id`, `user_id`, `ip_address`, `user_agent`, `payload`, `last_activity`) VALUES
('nNIFxvOyufFgRD5xCDBoLCivs7c5TO4xGCZZzOdF', NULL, '127.0.0.1', 'Mozilla/5.0 (Windows NT 10.0; Win64; x64) AppleWebKit/537.36 (KHTML, like Gecko) Chrome/130.0.0.0 Safari/537.36 Edg/130.0.0.0', 'YTozOntzOjY6Il90b2tlbiI7czo0MDoibmhpVE1GblJQUTZaOUlURVFwVDl1bTZkdHViZ2lMVDRnSTR3WXZ1TyI7czo5OiJfcHJldmlvdXMiO2E6MTp7czozOiJ1cmwiO3M6MjE6Imh0dHA6Ly8xMjcuMC4wLjE6ODAwMCI7fXM6NjoiX2ZsYXNoIjthOjI6e3M6Mzoib2xkIjthOjA6e31zOjM6Im5ldyI7YTowOnt9fX0=', 1729845199),
('RIfCbGdLxHY6fsWoLHYGA0h20SVfXfRlIHtWNdM3', NULL, '::1', 'Mozilla/5.0 (Windows NT 10.0; Win64; x64) AppleWebKit/537.36 (KHTML, like Gecko) Chrome/130.0.0.0 Safari/537.36 Edg/130.0.0.0', 'YTozOntzOjY6Il90b2tlbiI7czo0MDoiaVRvQ011NVRSOTNHaGdNTW1qY1FJYXV2dllJdU42R3Jjd3loc2JpdCI7czo5OiJfcHJldmlvdXMiO2E6MTp7czozOiJ1cmwiO3M6NTA6Imh0dHA6Ly9sb2NhbGhvc3QvZGFzaGJvYXJkL21lcnVkb2N0b3JzcGxhemEvcHVibGljIjt9czo2OiJfZmxhc2giO2E6Mjp7czozOiJvbGQiO2E6MDp7fXM6MzoibmV3IjthOjA6e319fQ==', 1729844397),
('TnqBAhQvfnmyiL6tK1WFJBFYRuEzZBmgCcyt99jI', NULL, '::1', 'Mozilla/5.0 (Windows NT 10.0; Win64; x64) AppleWebKit/537.36 (KHTML, like Gecko) Chrome/130.0.0.0 Safari/537.36 Edg/130.0.0.0', 'YTozOntzOjY6Il90b2tlbiI7czo0MDoicjV6cFBKeFVUMGNZaVZrWGxOV0tWeHU0SVhQUXIxejRibjYzUUVSWSI7czo5OiJfcHJldmlvdXMiO2E6MTp7czozOiJ1cmwiO3M6NTA6Imh0dHA6Ly9sb2NhbGhvc3QvZGFzaGJvYXJkL21lcnVkb2N0b3JzcGxhemEvcHVibGljIjt9czo2OiJfZmxhc2giO2E6Mjp7czozOiJvbGQiO2E6MDp7fXM6MzoibmV3IjthOjA6e319fQ==', 1729841067);

-- --------------------------------------------------------

--
-- Table structure for table `subscribers`
--

CREATE TABLE `subscribers` (
  `id` int(11) NOT NULL,
  `email` varchar(255) NOT NULL,
  `is_read` tinyint(1) DEFAULT 0
) ENGINE=InnoDB DEFAULT CHARSET=utf8mb4 COLLATE=utf8mb4_general_ci;

--
-- Dumping data for table `subscribers`
--

INSERT INTO `subscribers` (`id`, `email`, `is_read`) VALUES
(1, 'kiamaeston2@gmail.com', 1),
(2, 'kiamaeston0@gmail.com', 1),
(3, 'kiama.eston@student.cuk.ac.ke', 1),
(4, 'engestonbrandonkiama@gmail.com', 1),
(5, 'estonnmose@gmail.com', 1),
(6, 'royt5908@gmail.com', 1),
(7, 'mrcjebichii@gmail.com', 0),
(8, 'engestonbrandon@gmail.com', 0),
(9, 'kiamaeston20@gmail.com', 0);

-- --------------------------------------------------------

--
-- Table structure for table `users`
--

CREATE TABLE `users` (
  `id` bigint(20) UNSIGNED NOT NULL,
  `name` varchar(255) NOT NULL,
  `email` varchar(255) NOT NULL,
  `email_verified_at` timestamp NULL DEFAULT NULL,
  `password` varchar(255) NOT NULL,
  `remember_token` varchar(100) DEFAULT NULL,
  `created_at` timestamp NULL DEFAULT NULL,
  `updated_at` timestamp NULL DEFAULT NULL
) ENGINE=InnoDB DEFAULT CHARSET=utf8mb4 COLLATE=utf8mb4_unicode_ci;

--
-- Indexes for dumped tables
--

--
-- Indexes for table `appointment`
--
ALTER TABLE `appointment`
  ADD PRIMARY KEY (`id`);

--
-- Indexes for table `business_hours`
--
ALTER TABLE `business_hours`
  ADD PRIMARY KEY (`id`);

--
-- Indexes for table `cache`
--
ALTER TABLE `cache`
  ADD PRIMARY KEY (`key`);

--
-- Indexes for table `cache_locks`
--
ALTER TABLE `cache_locks`
  ADD PRIMARY KEY (`key`);

--
-- Indexes for table `contact`
--
ALTER TABLE `contact`
  ADD PRIMARY KEY (`id`);

--
-- Indexes for table `failed_jobs`
--
ALTER TABLE `failed_jobs`
  ADD PRIMARY KEY (`id`),
  ADD UNIQUE KEY `failed_jobs_uuid_unique` (`uuid`);

--
-- Indexes for table `jobs`
--
ALTER TABLE `jobs`
  ADD PRIMARY KEY (`id`),
  ADD KEY `jobs_queue_index` (`queue`);

--
-- Indexes for table `job_batches`
--
ALTER TABLE `job_batches`
  ADD PRIMARY KEY (`id`);

--
-- Indexes for table `members`
--
ALTER TABLE `members`
  ADD PRIMARY KEY (`id`),
  ADD UNIQUE KEY `email` (`email`);

--
-- Indexes for table `migrations`
--
ALTER TABLE `migrations`
  ADD PRIMARY KEY (`id`);

--
-- Indexes for table `orders`
--
ALTER TABLE `orders`
  ADD PRIMARY KEY (`id`);

--
-- Indexes for table `password_reset_tokens`
--
ALTER TABLE `password_reset_tokens`
  ADD PRIMARY KEY (`email`);

--
-- Indexes for table `sessions`
--
ALTER TABLE `sessions`
  ADD PRIMARY KEY (`id`),
  ADD KEY `sessions_user_id_index` (`user_id`),
  ADD KEY `sessions_last_activity_index` (`last_activity`);

--
-- Indexes for table `subscribers`
--
ALTER TABLE `subscribers`
  ADD PRIMARY KEY (`id`),
  ADD UNIQUE KEY `email` (`email`);

--
-- Indexes for table `users`
--
ALTER TABLE `users`
  ADD PRIMARY KEY (`id`),
  ADD UNIQUE KEY `users_email_unique` (`email`);

--
-- AUTO_INCREMENT for dumped tables
--

--
-- AUTO_INCREMENT for table `appointment`
--
ALTER TABLE `appointment`
  MODIFY `id` int(11) NOT NULL AUTO_INCREMENT, AUTO_INCREMENT=17;

--
-- AUTO_INCREMENT for table `business_hours`
--
ALTER TABLE `business_hours`
  MODIFY `id` int(11) NOT NULL AUTO_INCREMENT, AUTO_INCREMENT=2;

--
-- AUTO_INCREMENT for table `contact`
--
ALTER TABLE `contact`
  MODIFY `id` int(11) NOT NULL AUTO_INCREMENT, AUTO_INCREMENT=13;

--
-- AUTO_INCREMENT for table `failed_jobs`
--
ALTER TABLE `failed_jobs`
  MODIFY `id` bigint(20) UNSIGNED NOT NULL AUTO_INCREMENT;

--
-- AUTO_INCREMENT for table `jobs`
--
ALTER TABLE `jobs`
  MODIFY `id` bigint(20) UNSIGNED NOT NULL AUTO_INCREMENT;

--
-- AUTO_INCREMENT for table `members`
--
ALTER TABLE `members`
  MODIFY `id` int(11) NOT NULL AUTO_INCREMENT, AUTO_INCREMENT=18;

--
-- AUTO_INCREMENT for table `migrations`
--
ALTER TABLE `migrations`
  MODIFY `id` int(10) UNSIGNED NOT NULL AUTO_INCREMENT, AUTO_INCREMENT=4;

--
-- AUTO_INCREMENT for table `orders`
--
ALTER TABLE `orders`
  MODIFY `id` int(11) NOT NULL AUTO_INCREMENT, AUTO_INCREMENT=19;

--
-- AUTO_INCREMENT for table `subscribers`
--
ALTER TABLE `subscribers`
  MODIFY `id` int(11) NOT NULL AUTO_INCREMENT, AUTO_INCREMENT=10;

--
-- AUTO_INCREMENT for table `users`
--
ALTER TABLE `users`
  MODIFY `id` bigint(20) UNSIGNED NOT NULL AUTO_INCREMENT;
--
-- Database: `newvendor`
--
CREATE DATABASE IF NOT EXISTS `newvendor` DEFAULT CHARACTER SET utf8mb4 COLLATE utf8mb4_general_ci;
USE `newvendor`;

-- --------------------------------------------------------

--
-- Table structure for table `addon_settings`
--

CREATE TABLE `addon_settings` (
  `id` char(36) NOT NULL,
  `key_name` varchar(191) DEFAULT NULL,
  `live_values` longtext DEFAULT NULL,
  `test_values` longtext DEFAULT NULL,
  `settings_type` varchar(255) DEFAULT NULL,
  `mode` varchar(20) NOT NULL DEFAULT 'live',
  `is_active` tinyint(1) NOT NULL DEFAULT 1,
  `created_at` timestamp NULL DEFAULT NULL,
  `updated_at` timestamp NULL DEFAULT NULL,
  `additional_data` longtext CHARACTER SET utf8mb4 COLLATE utf8mb4_bin DEFAULT NULL
) ENGINE=InnoDB DEFAULT CHARSET=utf8mb4 COLLATE=utf8mb4_unicode_ci;

--
-- Dumping data for table `addon_settings`
--

INSERT INTO `addon_settings` (`id`, `key_name`, `live_values`, `test_values`, `settings_type`, `mode`, `is_active`, `created_at`, `updated_at`, `additional_data`) VALUES
('070c6bbd-d777-11ed-96f4-0c7a158e4469', 'twilio', '{\"gateway\":\"twilio\",\"mode\":\"live\",\"status\":\"0\",\"sid\":\"data\",\"messaging_service_sid\":\"data\",\"token\":\"data\",\"from\":\"data\",\"otp_template\":\"data\"}', '{\"gateway\":\"twilio\",\"mode\":\"live\",\"status\":\"0\",\"sid\":\"data\",\"messaging_service_sid\":\"data\",\"token\":\"data\",\"from\":\"data\",\"otp_template\":\"data\"}', 'sms_config', 'live', 0, NULL, '2023-08-12 07:01:29', NULL),
('070c766c-d777-11ed-96f4-0c7a158e4469', '2factor', '{\"gateway\":\"2factor\",\"mode\":\"live\",\"status\":\"0\",\"api_key\":\"data\"}', '{\"gateway\":\"2factor\",\"mode\":\"live\",\"status\":\"0\",\"api_key\":\"data\"}', 'sms_config', 'live', 0, NULL, '2023-08-12 07:01:36', NULL),
('0d8a9308-d6a5-11ed-962c-0c7a158e4469', 'mercadopago', '{\"gateway\":\"mercadopago\",\"mode\":\"live\",\"status\":0,\"access_token\":\"\",\"public_key\":\"\"}', '{\"gateway\":\"mercadopago\",\"mode\":\"live\",\"status\":0,\"access_token\":\"\",\"public_key\":\"\"}', 'payment_config', 'test', 0, NULL, '2023-08-27 11:57:11', '{\"gateway_title\":\"Mercadopago\",\"gateway_image\":null}'),
('0d8a9e49-d6a5-11ed-962c-0c7a158e4469', 'liqpay', '{\"gateway\":\"liqpay\",\"mode\":\"live\",\"status\":0,\"private_key\":\"\",\"public_key\":\"\"}', '{\"gateway\":\"liqpay\",\"mode\":\"live\",\"status\":0,\"private_key\":\"\",\"public_key\":\"\"}', 'payment_config', 'test', 0, NULL, '2023-08-12 06:32:31', '{\"gateway_title\":\"Liqpay\",\"gateway_image\":null}'),
('101befdf-d44b-11ed-8564-0c7a158e4469', 'paypal', '{\"gateway\":\"paypal\",\"mode\":\"live\",\"status\":\"0\",\"client_id\":\"\",\"client_secret\":\"\"}', '{\"gateway\":\"paypal\",\"mode\":\"live\",\"status\":\"0\",\"client_id\":\"\",\"client_secret\":\"\"}', 'payment_config', 'test', 0, NULL, '2023-08-30 03:41:32', '{\"gateway_title\":\"Paypal\",\"gateway_image\":null}'),
('133d9647-cabb-11ed-8fec-0c7a158e4469', 'hyper_pay', '{\"gateway\":\"hyper_pay\",\"mode\":\"test\",\"status\":\"0\",\"entity_id\":\"data\",\"access_code\":\"data\"}', '{\"gateway\":\"hyper_pay\",\"mode\":\"test\",\"status\":\"0\",\"entity_id\":\"data\",\"access_code\":\"data\"}', 'payment_config', 'test', 0, NULL, '2023-08-12 06:32:42', '{\"gateway_title\":null,\"gateway_image\":\"\"}'),
('1821029f-d776-11ed-96f4-0c7a158e4469', 'msg91', '{\"gateway\":\"msg91\",\"mode\":\"live\",\"status\":\"0\",\"template_id\":\"data\",\"auth_key\":\"data\"}', '{\"gateway\":\"msg91\",\"mode\":\"live\",\"status\":\"0\",\"template_id\":\"data\",\"auth_key\":\"data\"}', 'sms_config', 'live', 0, NULL, '2023-08-12 07:01:48', NULL),
('18210f2b-d776-11ed-96f4-0c7a158e4469', 'nexmo', '{\"gateway\":\"nexmo\",\"mode\":\"live\",\"status\":\"0\",\"api_key\":\"\",\"api_secret\":\"\",\"token\":\"\",\"from\":\"\",\"otp_template\":\"\"}', '{\"gateway\":\"nexmo\",\"mode\":\"live\",\"status\":\"0\",\"api_key\":\"\",\"api_secret\":\"\",\"token\":\"\",\"from\":\"\",\"otp_template\":\"\"}', 'sms_config', 'live', 0, NULL, '2023-04-10 02:14:44', NULL),
('18fbb21f-d6ad-11ed-962c-0c7a158e4469', 'foloosi', '{\"gateway\":\"foloosi\",\"mode\":\"test\",\"status\":\"0\",\"merchant_key\":\"data\"}', '{\"gateway\":\"foloosi\",\"mode\":\"test\",\"status\":\"0\",\"merchant_key\":\"data\"}', 'payment_config', 'test', 0, NULL, '2023-08-12 06:34:33', '{\"gateway_title\":null,\"gateway_image\":\"\"}'),
('2767d142-d6a1-11ed-962c-0c7a158e4469', 'paytm', '{\"gateway\":\"paytm\",\"mode\":\"live\",\"status\":0,\"merchant_key\":\"\",\"merchant_id\":\"\",\"merchant_website_link\":\"\"}', '{\"gateway\":\"paytm\",\"mode\":\"live\",\"status\":0,\"merchant_key\":\"\",\"merchant_id\":\"\",\"merchant_website_link\":\"\"}', 'payment_config', 'test', 0, NULL, '2023-08-22 06:30:55', '{\"gateway_title\":\"Paytm\",\"gateway_image\":null}'),
('3201d2e6-c937-11ed-a424-0c7a158e4469', 'amazon_pay', '{\"gateway\":\"amazon_pay\",\"mode\":\"test\",\"status\":\"0\",\"pass_phrase\":\"data\",\"access_code\":\"data\",\"merchant_identifier\":\"data\"}', '{\"gateway\":\"amazon_pay\",\"mode\":\"test\",\"status\":\"0\",\"pass_phrase\":\"data\",\"access_code\":\"data\",\"merchant_identifier\":\"data\"}', 'payment_config', 'test', 0, NULL, '2023-08-12 06:36:07', '{\"gateway_title\":null,\"gateway_image\":\"\"}'),
('4593b25c-d6a1-11ed-962c-0c7a158e4469', 'paytabs', '{\"gateway\":\"paytabs\",\"mode\":\"live\",\"status\":0,\"profile_id\":\"\",\"server_key\":\"\",\"base_url\":\"https:\\/\\/secure-egypt.paytabs.com\\/\"}', '{\"gateway\":\"paytabs\",\"mode\":\"live\",\"status\":0,\"profile_id\":\"\",\"server_key\":\"\",\"base_url\":\"https:\\/\\/secure-egypt.paytabs.com\\/\"}', 'payment_config', 'test', 0, NULL, '2023-08-12 06:34:51', '{\"gateway_title\":\"Paytabs\",\"gateway_image\":null}'),
('4e9b8dfb-e7d1-11ed-a559-0c7a158e4469', 'bkash', '{\"gateway\":\"bkash\",\"mode\":\"live\",\"status\":\"0\",\"app_key\":\"\",\"app_secret\":\"\",\"username\":\"\",\"password\":\"\"}', '{\"gateway\":\"bkash\",\"mode\":\"live\",\"status\":\"0\",\"app_key\":\"\",\"app_secret\":\"\",\"username\":\"\",\"password\":\"\"}', 'payment_config', 'test', 0, NULL, '2023-08-12 06:39:42', '{\"gateway_title\":\"Bkash\",\"gateway_image\":null}'),
('544a24a4-c872-11ed-ac7a-0c7a158e4469', 'fatoorah', '{\"gateway\":\"fatoorah\",\"mode\":\"test\",\"status\":\"0\",\"api_key\":\"data\"}', '{\"gateway\":\"fatoorah\",\"mode\":\"test\",\"status\":\"0\",\"api_key\":\"data\"}', 'payment_config', 'test', 0, NULL, '2023-08-12 06:36:24', '{\"gateway_title\":null,\"gateway_image\":\"\"}'),
('58c1bc8a-d6ac-11ed-962c-0c7a158e4469', 'ccavenue', '{\"gateway\":\"ccavenue\",\"mode\":\"test\",\"status\":\"0\",\"merchant_id\":\"data\",\"working_key\":\"data\",\"access_code\":\"data\"}', '{\"gateway\":\"ccavenue\",\"mode\":\"test\",\"status\":\"0\",\"merchant_id\":\"data\",\"working_key\":\"data\",\"access_code\":\"data\"}', 'payment_config', 'test', 0, NULL, '2023-08-30 03:42:38', '{\"gateway_title\":null,\"gateway_image\":\"2023-04-13-643783f01d386.png\"}'),
('5e2d2ef9-d6ab-11ed-962c-0c7a158e4469', 'thawani', '{\"gateway\":\"thawani\",\"mode\":\"test\",\"status\":\"0\",\"public_key\":\"data\",\"private_key\":\"data\"}', '{\"gateway\":\"thawani\",\"mode\":\"test\",\"status\":\"0\",\"public_key\":\"data\",\"private_key\":\"data\"}', 'payment_config', 'test', 0, NULL, '2023-08-30 04:50:40', '{\"gateway_title\":null,\"gateway_image\":\"2023-04-13-64378f9856f29.png\"}'),
('60cc83cc-d5b9-11ed-b56f-0c7a158e4469', 'sixcash', '{\"gateway\":\"sixcash\",\"mode\":\"test\",\"status\":\"0\",\"public_key\":\"data\",\"secret_key\":\"data\",\"merchant_number\":\"data\",\"base_url\":\"data\"}', '{\"gateway\":\"sixcash\",\"mode\":\"test\",\"status\":\"0\",\"public_key\":\"data\",\"secret_key\":\"data\",\"merchant_number\":\"data\",\"base_url\":\"data\"}', 'payment_config', 'test', 0, NULL, '2023-08-30 04:16:17', '{\"gateway_title\":null,\"gateway_image\":\"2023-04-12-6436774e77ff9.png\"}'),
('68579846-d8e8-11ed-8249-0c7a158e4469', 'alphanet_sms', '{\"gateway\":\"alphanet_sms\",\"mode\":\"live\",\"status\":0,\"api_key\":\"\",\"otp_template\":\"\"}', '{\"gateway\":\"alphanet_sms\",\"mode\":\"live\",\"status\":0,\"api_key\":\"\",\"otp_template\":\"\"}', 'sms_config', 'live', 0, NULL, NULL, NULL),
('6857a2e8-d8e8-11ed-8249-0c7a158e4469', 'sms_to', '{\"gateway\":\"sms_to\",\"mode\":\"live\",\"status\":0,\"api_key\":\"\",\"sender_id\":\"\",\"otp_template\":\"\"}', '{\"gateway\":\"sms_to\",\"mode\":\"live\",\"status\":0,\"api_key\":\"\",\"sender_id\":\"\",\"otp_template\":\"\"}', 'sms_config', 'live', 0, NULL, NULL, NULL),
('74c30c00-d6a6-11ed-962c-0c7a158e4469', 'hubtel', '{\"gateway\":\"hubtel\",\"mode\":\"test\",\"status\":\"0\",\"account_number\":\"data\",\"api_id\":\"data\",\"api_key\":\"data\"}', '{\"gateway\":\"hubtel\",\"mode\":\"test\",\"status\":\"0\",\"account_number\":\"data\",\"api_id\":\"data\",\"api_key\":\"data\"}', 'payment_config', 'test', 0, NULL, '2023-08-12 06:37:43', '{\"gateway_title\":null,\"gateway_image\":\"\"}'),
('74e46b0a-d6aa-11ed-962c-0c7a158e4469', 'tap', '{\"gateway\":\"tap\",\"mode\":\"test\",\"status\":\"0\",\"secret_key\":\"data\"}', '{\"gateway\":\"tap\",\"mode\":\"test\",\"status\":\"0\",\"secret_key\":\"data\"}', 'payment_config', 'test', 0, NULL, '2023-08-30 04:50:09', '{\"gateway_title\":null,\"gateway_image\":\"\"}'),
('761ca96c-d1eb-11ed-87ca-0c7a158e4469', 'swish', '{\"gateway\":\"swish\",\"mode\":\"test\",\"status\":\"0\",\"number\":\"data\"}', '{\"gateway\":\"swish\",\"mode\":\"test\",\"status\":\"0\",\"number\":\"data\"}', 'payment_config', 'test', 0, NULL, '2023-08-30 04:17:02', '{\"gateway_title\":null,\"gateway_image\":\"\"}'),
('7b1c3c5f-d2bd-11ed-b485-0c7a158e4469', 'payfast', '{\"gateway\":\"payfast\",\"mode\":\"test\",\"status\":\"0\",\"merchant_id\":\"data\",\"secured_key\":\"data\"}', '{\"gateway\":\"payfast\",\"mode\":\"test\",\"status\":\"0\",\"merchant_id\":\"data\",\"secured_key\":\"data\"}', 'payment_config', 'test', 0, NULL, '2023-08-30 04:18:13', '{\"gateway_title\":null,\"gateway_image\":\"\"}'),
('8592417b-d1d1-11ed-a984-0c7a158e4469', 'esewa', '{\"gateway\":\"esewa\",\"mode\":\"test\",\"status\":\"0\",\"merchantCode\":\"data\"}', '{\"gateway\":\"esewa\",\"mode\":\"test\",\"status\":\"0\",\"merchantCode\":\"data\"}', 'payment_config', 'test', 0, NULL, '2023-08-30 04:17:38', '{\"gateway_title\":null,\"gateway_image\":\"\"}'),
('9162a1dc-cdf1-11ed-affe-0c7a158e4469', 'viva_wallet', '{\"gateway\":\"viva_wallet\",\"mode\":\"test\",\"status\":\"0\",\"client_id\": \"\",\"client_secret\": \"\", \"source_code\":\"\"}\n', '{\"gateway\":\"viva_wallet\",\"mode\":\"test\",\"status\":\"0\",\"client_id\": \"\",\"client_secret\": \"\", \"source_code\":\"\"}\n', 'payment_config', 'test', 0, NULL, NULL, NULL),
('998ccc62-d6a0-11ed-962c-0c7a158e4469', 'stripe', '{\"gateway\":\"stripe\",\"mode\":\"live\",\"status\":\"0\",\"api_key\":null,\"published_key\":null}', '{\"gateway\":\"stripe\",\"mode\":\"live\",\"status\":\"0\",\"api_key\":null,\"published_key\":null}', 'payment_config', 'test', 0, NULL, '2023-08-30 04:18:55', '{\"gateway_title\":\"Stripe\",\"gateway_image\":null}'),
('a3313755-c95d-11ed-b1db-0c7a158e4469', 'iyzi_pay', '{\"gateway\":\"iyzi_pay\",\"mode\":\"test\",\"status\":\"0\",\"api_key\":\"data\",\"secret_key\":\"data\",\"base_url\":\"data\"}', '{\"gateway\":\"iyzi_pay\",\"mode\":\"test\",\"status\":\"0\",\"api_key\":\"data\",\"secret_key\":\"data\",\"base_url\":\"data\"}', 'payment_config', 'test', 0, NULL, '2023-08-30 04:20:02', '{\"gateway_title\":null,\"gateway_image\":\"\"}'),
('a76c8993-d299-11ed-b485-0c7a158e4469', 'momo', '{\"gateway\":\"momo\",\"mode\":\"live\",\"status\":\"0\",\"api_key\":\"data\",\"api_user\":\"data\",\"subscription_key\":\"data\"}', '{\"gateway\":\"momo\",\"mode\":\"live\",\"status\":\"0\",\"api_key\":\"data\",\"api_user\":\"data\",\"subscription_key\":\"data\"}', 'payment_config', 'live', 0, NULL, '2023-08-30 04:19:28', '{\"gateway_title\":null,\"gateway_image\":\"\"}'),
('a8608119-cc76-11ed-9bca-0c7a158e4469', 'moncash', '{\"gateway\":\"moncash\",\"mode\":\"test\",\"status\":\"0\",\"client_id\":\"data\",\"secret_key\":\"data\"}', '{\"gateway\":\"moncash\",\"mode\":\"test\",\"status\":\"0\",\"client_id\":\"data\",\"secret_key\":\"data\"}', 'payment_config', 'test', 0, NULL, '2023-08-30 04:47:34', '{\"gateway_title\":null,\"gateway_image\":\"\"}'),
('ad5af1c1-d6a2-11ed-962c-0c7a158e4469', 'razor_pay', '{\"gateway\":\"razor_pay\",\"mode\":\"live\",\"status\":\"0\",\"api_key\":null,\"api_secret\":null}', '{\"gateway\":\"razor_pay\",\"mode\":\"live\",\"status\":\"0\",\"api_key\":null,\"api_secret\":null}', 'payment_config', 'test', 0, NULL, '2023-08-30 04:47:00', '{\"gateway_title\":\"Razor pay\",\"gateway_image\":null}'),
('ad5b02a0-d6a2-11ed-962c-0c7a158e4469', 'senang_pay', '{\"gateway\":\"senang_pay\",\"mode\":\"live\",\"status\":\"0\",\"callback_url\":null,\"secret_key\":null,\"merchant_id\":null}', '{\"gateway\":\"senang_pay\",\"mode\":\"live\",\"status\":\"0\",\"callback_url\":null,\"secret_key\":null,\"merchant_id\":null}', 'payment_config', 'test', 0, NULL, '2023-08-27 09:58:57', '{\"gateway_title\":\"Senang pay\",\"gateway_image\":null}'),
('b6c333f6-d8e9-11ed-8249-0c7a158e4469', 'akandit_sms', '{\"gateway\":\"akandit_sms\",\"mode\":\"live\",\"status\":0,\"username\":\"\",\"password\":\"\",\"otp_template\":\"\"}', '{\"gateway\":\"akandit_sms\",\"mode\":\"live\",\"status\":0,\"username\":\"\",\"password\":\"\",\"otp_template\":\"\"}', 'sms_config', 'live', 0, NULL, NULL, NULL),
('b6c33c87-d8e9-11ed-8249-0c7a158e4469', 'global_sms', '{\"gateway\":\"global_sms\",\"mode\":\"live\",\"status\":0,\"user_name\":\"\",\"password\":\"\",\"from\":\"\",\"otp_template\":\"\"}', '{\"gateway\":\"global_sms\",\"mode\":\"live\",\"status\":0,\"user_name\":\"\",\"password\":\"\",\"from\":\"\",\"otp_template\":\"\"}', 'sms_config', 'live', 0, NULL, NULL, NULL),
('b8992bd4-d6a0-11ed-962c-0c7a158e4469', 'paymob_accept', '{\"gateway\":\"paymob_accept\",\"mode\":\"live\",\"status\":\"0\",\"callback_url\":null,\"api_key\":\"\",\"iframe_id\":\"\",\"integration_id\":\"\",\"hmac\":\"\"}', '{\"gateway\":\"paymob_accept\",\"mode\":\"live\",\"status\":\"0\",\"callback_url\":null,\"api_key\":\"\",\"iframe_id\":\"\",\"integration_id\":\"\",\"hmac\":\"\"}', 'payment_config', 'test', 0, NULL, NULL, '{\"gateway_title\":\"Paymob accept\",\"gateway_image\":null}'),
('c41c0dcd-d119-11ed-9f67-0c7a158e4469', 'maxicash', '{\"gateway\":\"maxicash\",\"mode\":\"test\",\"status\":\"0\",\"merchantId\":\"data\",\"merchantPassword\":\"data\"}', '{\"gateway\":\"maxicash\",\"mode\":\"test\",\"status\":\"0\",\"merchantId\":\"data\",\"merchantPassword\":\"data\"}', 'payment_config', 'test', 0, NULL, '2023-08-30 04:49:15', '{\"gateway_title\":null,\"gateway_image\":\"\"}'),
('c9249d17-cd60-11ed-b879-0c7a158e4469', 'pvit', '{\"gateway\":\"pvit\",\"mode\":\"test\",\"status\":\"0\",\"mc_tel_merchant\": \"\",\"access_token\": \"\", \"mc_merchant_code\": \"\"}', '{\"gateway\":\"pvit\",\"mode\":\"test\",\"status\":\"0\",\"mc_tel_merchant\": \"\",\"access_token\": \"\", \"mc_merchant_code\": \"\"}', 'payment_config', 'test', 0, NULL, NULL, NULL),
('cb0081ce-d775-11ed-96f4-0c7a158e4469', 'releans', '{\"gateway\":\"releans\",\"mode\":\"live\",\"status\":0,\"api_key\":\"\",\"from\":\"\",\"otp_template\":\"\"}', '{\"gateway\":\"releans\",\"mode\":\"live\",\"status\":0,\"api_key\":\"\",\"from\":\"\",\"otp_template\":\"\"}', 'sms_config', 'live', 0, NULL, '2023-04-10 02:14:44', NULL),
('d4f3f5f1-d6a0-11ed-962c-0c7a158e4469', 'flutterwave', '{\"gateway\":\"flutterwave\",\"mode\":\"live\",\"status\":0,\"secret_key\":\"\",\"public_key\":\"\",\"hash\":\"\"}', '{\"gateway\":\"flutterwave\",\"mode\":\"live\",\"status\":0,\"secret_key\":\"\",\"public_key\":\"\",\"hash\":\"\"}', 'payment_config', 'test', 0, NULL, '2023-08-30 04:41:03', '{\"gateway_title\":\"Flutterwave\",\"gateway_image\":null}'),
('d822f1a5-c864-11ed-ac7a-0c7a158e4469', 'paystack', '{\"gateway\":\"paystack\",\"mode\":\"live\",\"status\":\"0\",\"callback_url\":\"https:\\/\\/api.paystack.co\",\"public_key\":null,\"secret_key\":null,\"merchant_email\":null}', '{\"gateway\":\"paystack\",\"mode\":\"live\",\"status\":\"0\",\"callback_url\":\"https:\\/\\/api.paystack.co\",\"public_key\":null,\"secret_key\":null,\"merchant_email\":null}', 'payment_config', 'test', 0, NULL, '2023-08-30 04:20:45', '{\"gateway_title\":\"Paystack\",\"gateway_image\":null}'),
('daec8d59-c893-11ed-ac7a-0c7a158e4469', 'xendit', '{\"gateway\":\"xendit\",\"mode\":\"test\",\"status\":\"0\",\"api_key\":\"data\"}', '{\"gateway\":\"xendit\",\"mode\":\"test\",\"status\":\"0\",\"api_key\":\"data\"}', 'payment_config', 'test', 0, NULL, '2023-08-12 06:35:46', '{\"gateway_title\":null,\"gateway_image\":\"\"}'),
('dc0f5fc9-d6a5-11ed-962c-0c7a158e4469', 'worldpay', '{\"gateway\":\"worldpay\",\"mode\":\"test\",\"status\":\"0\",\"OrgUnitId\":\"data\",\"jwt_issuer\":\"data\",\"mac\":\"data\",\"merchantCode\":\"data\",\"xml_password\":\"data\"}', '{\"gateway\":\"worldpay\",\"mode\":\"test\",\"status\":\"0\",\"OrgUnitId\":\"data\",\"jwt_issuer\":\"data\",\"mac\":\"data\",\"merchantCode\":\"data\",\"xml_password\":\"data\"}', 'payment_config', 'test', 0, NULL, '2023-08-12 06:35:26', '{\"gateway_title\":null,\"gateway_image\":\"\"}'),
('e0450278-d8eb-11ed-8249-0c7a158e4469', 'signal_wire', '{\"gateway\":\"signal_wire\",\"mode\":\"live\",\"status\":0,\"project_id\":\"\",\"token\":\"\",\"space_url\":\"\",\"from\":\"\",\"otp_template\":\"\"}', '{\"gateway\":\"signal_wire\",\"mode\":\"live\",\"status\":0,\"project_id\":\"\",\"token\":\"\",\"space_url\":\"\",\"from\":\"\",\"otp_template\":\"\"}', 'sms_config', 'live', 0, NULL, NULL, NULL),
('e0450b40-d8eb-11ed-8249-0c7a158e4469', 'paradox', '{\"gateway\":\"paradox\",\"mode\":\"live\",\"status\":\"0\",\"api_key\":\"\",\"sender_id\":\"\"}', '{\"gateway\":\"paradox\",\"mode\":\"live\",\"status\":\"0\",\"api_key\":\"\",\"sender_id\":\"\"}', 'sms_config', 'live', 0, NULL, '2023-09-10 01:14:01', NULL),
('ea346efe-cdda-11ed-affe-0c7a158e4469', 'ssl_commerz', '{\"gateway\":\"ssl_commerz\",\"mode\":\"live\",\"status\":\"0\",\"store_id\":\"\",\"store_password\":\"\"}', '{\"gateway\":\"ssl_commerz\",\"mode\":\"live\",\"status\":\"0\",\"store_id\":\"\",\"store_password\":\"\"}', 'payment_config', 'test', 0, NULL, '2023-08-30 03:43:49', '{\"gateway_title\":\"Ssl commerz\",\"gateway_image\":null}'),
('eed88336-d8ec-11ed-8249-0c7a158e4469', 'hubtel', '{\"gateway\":\"hubtel\",\"mode\":\"live\",\"status\":0,\"sender_id\":\"\",\"client_id\":\"\",\"client_secret\":\"\",\"otp_template\":\"\"}', '{\"gateway\":\"hubtel\",\"mode\":\"live\",\"status\":0,\"sender_id\":\"\",\"client_id\":\"\",\"client_secret\":\"\",\"otp_template\":\"\"}', 'sms_config', 'live', 0, NULL, NULL, NULL),
('f149c546-d8ea-11ed-8249-0c7a158e4469', 'viatech', '{\"gateway\":\"viatech\",\"mode\":\"live\",\"status\":0,\"api_url\":\"\",\"api_key\":\"\",\"sender_id\":\"\",\"otp_template\":\"\"}', '{\"gateway\":\"viatech\",\"mode\":\"live\",\"status\":0,\"api_url\":\"\",\"api_key\":\"\",\"sender_id\":\"\",\"otp_template\":\"\"}', 'sms_config', 'live', 0, NULL, NULL, NULL),
('f149cd9c-d8ea-11ed-8249-0c7a158e4469', '019_sms', '{\"gateway\":\"019_sms\",\"mode\":\"live\",\"status\":0,\"password\":\"\",\"username\":\"\",\"username_for_token\":\"\",\"sender\":\"\",\"otp_template\":\"\"}', '{\"gateway\":\"019_sms\",\"mode\":\"live\",\"status\":0,\"password\":\"\",\"username\":\"\",\"username_for_token\":\"\",\"sender\":\"\",\"otp_template\":\"\"}', 'sms_config', 'live', 0, NULL, NULL, NULL);

-- --------------------------------------------------------

--
-- Table structure for table `add_fund_bonus_categories`
--

CREATE TABLE `add_fund_bonus_categories` (
  `id` bigint(20) UNSIGNED NOT NULL,
  `title` varchar(255) DEFAULT NULL,
  `description` text DEFAULT NULL,
  `bonus_type` varchar(50) NOT NULL,
  `bonus_amount` double(14,2) NOT NULL DEFAULT 0.00,
  `min_add_money_amount` double(14,2) NOT NULL DEFAULT 0.00,
  `max_bonus_amount` double(14,2) NOT NULL DEFAULT 0.00,
  `start_date_time` datetime DEFAULT NULL,
  `end_date_time` datetime DEFAULT NULL,
  `is_active` tinyint(1) NOT NULL DEFAULT 0,
  `created_at` timestamp NULL DEFAULT NULL,
  `updated_at` timestamp NULL DEFAULT NULL
) ENGINE=InnoDB DEFAULT CHARSET=utf8mb4 COLLATE=utf8mb4_unicode_ci;

-- --------------------------------------------------------

--
-- Table structure for table `admins`
--

CREATE TABLE `admins` (
  `id` bigint(20) UNSIGNED NOT NULL,
  `name` varchar(80) DEFAULT NULL,
  `phone` varchar(25) DEFAULT NULL,
  `admin_role_id` bigint(20) NOT NULL DEFAULT 2,
  `image` varchar(30) NOT NULL DEFAULT 'def.png',
  `identify_image` text DEFAULT NULL,
  `identify_type` varchar(255) DEFAULT NULL,
  `identify_number` int(11) DEFAULT NULL,
  `email` varchar(80) NOT NULL,
  `email_verified_at` timestamp NULL DEFAULT NULL,
  `password` varchar(80) NOT NULL,
  `remember_token` varchar(100) DEFAULT NULL,
  `created_at` timestamp NULL DEFAULT NULL,
  `updated_at` timestamp NULL DEFAULT NULL,
  `status` tinyint(1) NOT NULL DEFAULT 1
) ENGINE=InnoDB DEFAULT CHARSET=utf8mb4 COLLATE=utf8mb4_unicode_ci;

--
-- Dumping data for table `admins`
--

INSERT INTO `admins` (`id`, `name`, `phone`, `admin_role_id`, `image`, `identify_image`, `identify_type`, `identify_number`, `email`, `email_verified_at`, `password`, `remember_token`, `created_at`, `updated_at`, `status`) VALUES
(1, 'System Admin', '7676554434', 1, 'def.png', NULL, NULL, NULL, 'admin@gmail.com', NULL, '$2y$10$.kFCAck4a0Z4VO5UdBe3Xe2f4Eup5V1gX2CidfMZIoLitEL0eP7R2', NULL, '2024-08-18 20:04:05', '2024-08-18 20:04:05', 1),
(2, 'Tanzeel', '+92789787567', 7, '2024-10-18-6711f9f76ae07.webp', '[{\"image_name\":\"2024-10-18-6711f9f75ccdf.webp\",\"storage\":\"public\"}]', NULL, 2147483647, 'employee@gmail.com', NULL, '$2y$10$6166OASyBf5cGVOvcKeAKulM3huZ8RtIQY4D.jGZ3NgCt.9wN.0AO', NULL, '2024-10-18 06:02:31', '2024-10-18 06:02:31', 1);

-- --------------------------------------------------------

--
-- Table structure for table `admin_roles`
--

CREATE TABLE `admin_roles` (
  `id` bigint(20) UNSIGNED NOT NULL,
  `name` varchar(30) DEFAULT NULL,
  `module_access` varchar(250) DEFAULT NULL,
  `status` tinyint(1) NOT NULL DEFAULT 1,
  `created_at` timestamp NULL DEFAULT NULL,
  `updated_at` timestamp NULL DEFAULT NULL
) ENGINE=InnoDB DEFAULT CHARSET=utf8mb4 COLLATE=utf8mb4_unicode_ci;

--
-- Dumping data for table `admin_roles`
--

INSERT INTO `admin_roles` (`id`, `name`, `module_access`, `status`, `created_at`, `updated_at`) VALUES
(1, 'Master Admin', NULL, 1, NULL, NULL),
(7, 'store', '[\"dashboard\",\"pos_management\",\"order_management\",\"product_management\",\"promotion_management\",\"support_section\",\"report\",\"user_section\",\"system_settings\"]', 1, '2024-10-18 06:00:10', '2024-10-18 06:00:10');

-- --------------------------------------------------------

--
-- Table structure for table `admin_wallets`
--

CREATE TABLE `admin_wallets` (
  `id` bigint(20) UNSIGNED NOT NULL,
  `admin_id` bigint(20) DEFAULT NULL,
  `inhouse_earning` double NOT NULL DEFAULT 0,
  `withdrawn` double NOT NULL DEFAULT 0,
  `created_at` timestamp NULL DEFAULT NULL,
  `updated_at` timestamp NULL DEFAULT NULL,
  `commission_earned` double(8,2) NOT NULL DEFAULT 0.00,
  `delivery_charge_earned` double(8,2) NOT NULL DEFAULT 0.00,
  `pending_amount` double(8,2) NOT NULL DEFAULT 0.00,
  `total_tax_collected` double(8,2) NOT NULL DEFAULT 0.00
) ENGINE=InnoDB DEFAULT CHARSET=utf8mb4 COLLATE=utf8mb4_unicode_ci;

--
-- Dumping data for table `admin_wallets`
--

INSERT INTO `admin_wallets` (`id`, `admin_id`, `inhouse_earning`, `withdrawn`, `created_at`, `updated_at`, `commission_earned`, `delivery_charge_earned`, `pending_amount`, `total_tax_collected`) VALUES
(1, 1, 0, 0, NULL, NULL, 0.00, 0.00, 0.00, 0.00),
(2, 1, 0, 0, '2024-08-18 20:04:05', '2024-08-18 20:04:05', 0.00, 0.00, 0.00, 0.00);

-- --------------------------------------------------------

--
-- Table structure for table `admin_wallet_histories`
--

CREATE TABLE `admin_wallet_histories` (
  `id` bigint(20) UNSIGNED NOT NULL,
  `admin_id` bigint(20) DEFAULT NULL,
  `amount` double NOT NULL DEFAULT 0,
  `order_id` bigint(20) DEFAULT NULL,
  `product_id` bigint(20) DEFAULT NULL,
  `payment` varchar(191) NOT NULL DEFAULT 'received',
  `created_at` timestamp NULL DEFAULT NULL,
  `updated_at` timestamp NULL DEFAULT NULL
) ENGINE=InnoDB DEFAULT CHARSET=utf8mb4 COLLATE=utf8mb4_unicode_ci;

-- --------------------------------------------------------

--
-- Table structure for table `attributes`
--

CREATE TABLE `attributes` (
  `id` bigint(20) UNSIGNED NOT NULL,
  `name` varchar(100) NOT NULL,
  `created_at` timestamp NULL DEFAULT NULL,
  `updated_at` timestamp NULL DEFAULT NULL
) ENGINE=InnoDB DEFAULT CHARSET=utf8mb4 COLLATE=utf8mb4_unicode_ci;

-- --------------------------------------------------------

--
-- Table structure for table `banners`
--

CREATE TABLE `banners` (
  `id` bigint(20) UNSIGNED NOT NULL,
  `photo` varchar(255) DEFAULT NULL,
  `banner_type` varchar(255) NOT NULL,
  `theme` varchar(255) NOT NULL DEFAULT 'default',
  `published` int(11) NOT NULL DEFAULT 0,
  `created_at` timestamp NULL DEFAULT NULL,
  `updated_at` timestamp NULL DEFAULT NULL,
  `url` varchar(255) DEFAULT NULL,
  `resource_type` varchar(191) DEFAULT NULL,
  `resource_id` bigint(20) DEFAULT NULL,
  `title` varchar(191) DEFAULT NULL,
  `sub_title` varchar(191) DEFAULT NULL,
  `button_text` varchar(191) DEFAULT NULL,
  `background_color` varchar(191) DEFAULT NULL
) ENGINE=InnoDB DEFAULT CHARSET=utf8mb4 COLLATE=utf8mb4_unicode_ci;

-- --------------------------------------------------------

--
-- Table structure for table `billing_addresses`
--

CREATE TABLE `billing_addresses` (
  `id` bigint(20) UNSIGNED NOT NULL,
  `customer_id` bigint(20) UNSIGNED DEFAULT NULL,
  `contact_person_name` varchar(191) DEFAULT NULL,
  `address_type` varchar(191) DEFAULT NULL,
  `address` varchar(191) DEFAULT NULL,
  `city` varchar(191) DEFAULT NULL,
  `zip` varchar(191) DEFAULT NULL,
  `phone` varchar(191) DEFAULT NULL,
  `state` varchar(191) DEFAULT NULL,
  `country` varchar(191) DEFAULT NULL,
  `latitude` varchar(191) DEFAULT NULL,
  `longitude` varchar(191) DEFAULT NULL,
  `created_at` timestamp NULL DEFAULT NULL,
  `updated_at` timestamp NULL DEFAULT NULL
) ENGINE=InnoDB DEFAULT CHARSET=utf8mb4 COLLATE=utf8mb4_unicode_ci;

-- --------------------------------------------------------

--
-- Table structure for table `brands`
--

CREATE TABLE `brands` (
  `id` bigint(20) UNSIGNED NOT NULL,
  `name` varchar(50) DEFAULT NULL,
  `image` varchar(50) NOT NULL DEFAULT 'def.png',
  `image_storage_type` varchar(10) DEFAULT 'public',
  `image_alt_text` varchar(255) DEFAULT NULL,
  `status` tinyint(1) NOT NULL DEFAULT 1,
  `created_at` timestamp NULL DEFAULT NULL,
  `updated_at` timestamp NULL DEFAULT NULL
) ENGINE=InnoDB DEFAULT CHARSET=utf8mb4 COLLATE=utf8mb4_unicode_ci;

-- --------------------------------------------------------

--
-- Table structure for table `business_settings`
--

CREATE TABLE `business_settings` (
  `id` bigint(20) UNSIGNED NOT NULL,
  `type` varchar(50) NOT NULL,
  `value` longtext NOT NULL,
  `created_at` timestamp NULL DEFAULT NULL,
  `updated_at` timestamp NULL DEFAULT NULL
) ENGINE=InnoDB DEFAULT CHARSET=utf8mb4 COLLATE=utf8mb4_unicode_ci;

--
-- Dumping data for table `business_settings`
--

INSERT INTO `business_settings` (`id`, `type`, `value`, `created_at`, `updated_at`) VALUES
(1, 'system_default_currency', '1', '2020-10-11 07:43:44', '2024-10-18 05:37:48'),
(2, 'language', '[{\"id\":\"1\",\"name\":\"english\",\"direction\":\"ltr\",\"code\":\"en\",\"status\":1,\"default\":true},{\"id\":2,\"name\":\"Spanish\",\"direction\":\"ltr\",\"code\":\"es\",\"status\":0,\"default\":false}]', '2020-10-11 07:53:02', '2024-10-26 15:54:59'),
(3, 'mail_config', '{\"status\":0,\"name\":\"demo\",\"host\":\"mail.demo.com\",\"driver\":\"SMTP\",\"port\":\"587\",\"username\":\"info@demo.com\",\"email_id\":\"info@demo.com\",\"encryption\":\"TLS\",\"password\":\"demo\"}', '2020-10-12 10:29:18', '2021-07-06 12:32:01'),
(4, 'cash_on_delivery', '{\"status\":\"1\"}', NULL, '2021-05-25 21:21:15'),
(6, 'ssl_commerz_payment', '{\"status\":\"0\",\"environment\":\"sandbox\",\"store_id\":\"\",\"store_password\":\"\"}', '2020-11-09 08:36:51', '2023-01-10 05:51:56'),
(10, 'company_phone', '000000000', NULL, '2024-10-18 05:37:48'),
(11, 'company_name', 'Atech media', NULL, '2024-10-18 05:37:48'),
(12, 'company_web_logo', '{\"image_name\":\"2024-10-18-6711f42c20b5f.webp\",\"storage\":\"public\"}', NULL, '2024-10-18 05:37:48'),
(13, 'company_mobile_logo', '{\"image_name\":\"2024-10-18-6711f42c216fc.webp\",\"storage\":\"public\"}', NULL, '2024-10-18 05:37:48'),
(14, 'terms_condition', '<p>terms and conditions</p>', NULL, '2021-06-11 01:51:36'),
(15, 'about_us', '<p>this is about us page. hello and hi from about page description..</p>', NULL, '2021-06-11 01:42:53'),
(16, 'sms_nexmo', '{\"status\":\"0\",\"nexmo_key\":\"custo5cc042f7abf4c\",\"nexmo_secret\":\"custo5cc042f7abf4c@ssl\"}', NULL, NULL),
(17, 'company_email', 'Copy@atech.com', NULL, '2024-10-18 05:37:48'),
(18, 'colors', '{\"primary\":\"#4aed1d\",\"secondary\":\"#000000\",\"primary_light\":\"#CFDFFB\"}', '2020-10-11 13:53:02', '2024-10-18 05:37:48'),
(19, 'company_footer_logo', '{\"image_name\":\"2024-10-18-6711f42c22330.webp\",\"storage\":\"public\"}', NULL, '2024-10-18 05:37:48'),
(20, 'company_copyright_text', 'CopyRight atechMedia@2024', NULL, '2024-10-18 05:37:48'),
(21, 'download_app_apple_stroe', '{\"status\":\"1\",\"link\":\"https:\\/\\/atechmedia.live\"}', NULL, '2024-10-18 05:37:48'),
(22, 'download_app_google_stroe', '{\"status\":\"1\",\"link\":\"https:\\/\\/atechmedia.live\"}', NULL, '2024-10-18 05:37:48'),
(23, 'company_fav_icon', '2021-03-02-603df1634614f.png', '2020-10-11 13:53:02', '2021-03-02 14:03:48'),
(24, 'fcm_topic', '', NULL, NULL),
(25, 'fcm_project_id', '', NULL, NULL),
(26, 'push_notification_key', 'Put your firebase server key here.', NULL, NULL),
(27, 'order_pending_message', '{\"status\":\"1\",\"message\":\"order pen message\"}', NULL, NULL),
(28, 'order_confirmation_msg', '{\"status\":\"1\",\"message\":\"Order con Message\"}', NULL, NULL),
(29, 'order_processing_message', '{\"status\":\"1\",\"message\":\"Order pro Message\"}', NULL, NULL),
(30, 'out_for_delivery_message', '{\"status\":\"1\",\"message\":\"Order ouut Message\"}', NULL, NULL),
(31, 'order_delivered_message', '{\"status\":\"1\",\"message\":\"Order del Message\"}', NULL, NULL),
(33, 'sales_commission', '0', NULL, '2021-06-11 18:13:13'),
(34, 'seller_registration', '1', NULL, '2021-06-04 21:02:48'),
(35, 'pnc_language', '[\"en\",\"es\"]', NULL, '2024-10-26 15:54:43'),
(36, 'order_returned_message', '{\"status\":\"1\",\"message\":\"Order hh Message\"}', NULL, NULL),
(37, 'order_failed_message', '{\"status\":null,\"message\":\"Order fa Message\"}', NULL, NULL),
(40, 'delivery_boy_assign_message', '{\"status\":0,\"message\":\"\"}', NULL, NULL),
(41, 'delivery_boy_start_message', '{\"status\":0,\"message\":\"\"}', NULL, NULL),
(42, 'delivery_boy_delivered_message', '{\"status\":0,\"message\":\"\"}', NULL, NULL),
(43, 'terms_and_conditions', '', NULL, NULL),
(44, 'minimum_order_value', '1', NULL, NULL),
(45, 'privacy_policy', '<p>my privacy policy</p>\r\n\r\n<p>&nbsp;</p>', NULL, '2021-07-06 11:09:07'),
(48, 'currency_model', 'multi_currency', NULL, NULL),
(49, 'social_login', '[{\"login_medium\":\"google\",\"client_id\":\"\",\"client_secret\":\"\",\"status\":\"\"},{\"login_medium\":\"facebook\",\"client_id\":\"\",\"client_secret\":\"\",\"status\":\"\"}]', NULL, NULL),
(50, 'digital_payment', '{\"status\":\"1\"}', NULL, NULL),
(51, 'phone_verification', '', NULL, '2024-10-18 05:37:48'),
(52, 'email_verification', '', NULL, '2024-10-18 05:37:48'),
(53, 'order_verification', '0', NULL, NULL),
(54, 'country_code', 'PK', NULL, '2024-10-18 05:37:48'),
(55, 'pagination_limit', '10', NULL, '2024-10-18 11:33:01'),
(56, 'shipping_method', 'inhouse_shipping', NULL, NULL),
(59, 'forgot_password_verification', 'email', NULL, '2024-10-18 05:37:48'),
(61, 'stock_limit', '10', NULL, NULL),
(64, 'announcement', '{\"status\":null,\"color\":null,\"text_color\":null,\"announcement\":null}', NULL, NULL),
(65, 'fawry_pay', '{\"status\":0,\"merchant_code\":\"\",\"security_key\":\"\"}', NULL, '2022-01-18 09:46:30'),
(66, 'recaptcha', '{\"status\":0,\"site_key\":\"\",\"secret_key\":\"\"}', NULL, '2022-01-18 09:46:30'),
(67, 'seller_pos', '0', NULL, NULL),
(70, 'refund_day_limit', '0', NULL, NULL),
(71, 'business_mode', 'multi', NULL, '2024-10-18 05:37:48'),
(72, 'mail_config_sendgrid', '{\"status\":0,\"name\":\"\",\"host\":\"\",\"driver\":\"\",\"port\":\"\",\"username\":\"\",\"email_id\":\"\",\"encryption\":\"\",\"password\":\"\"}', NULL, NULL),
(73, 'decimal_point_settings', '2', NULL, '2024-10-18 05:37:48'),
(74, 'shop_address', 'rawalpindi, gira road', NULL, '2024-10-18 05:37:48'),
(75, 'billing_input_by_customer', '1', NULL, NULL),
(76, 'wallet_status', '0', NULL, NULL),
(77, 'loyalty_point_status', '0', NULL, NULL),
(78, 'wallet_add_refund', '0', NULL, NULL),
(79, 'loyalty_point_exchange_rate', '0', NULL, NULL),
(80, 'loyalty_point_item_purchase_point', '0', NULL, NULL),
(81, 'loyalty_point_minimum_point', '0', NULL, NULL),
(82, 'minimum_order_limit', '1', NULL, NULL),
(83, 'product_brand', '1', NULL, NULL),
(84, 'digital_product', '1', NULL, NULL),
(85, 'delivery_boy_expected_delivery_date_message', '{\"status\":0,\"message\":\"\"}', NULL, NULL),
(86, 'order_canceled', '{\"status\":0,\"message\":\"\"}', NULL, NULL),
(87, 'refund-policy', '{\"status\":1,\"content\":\"\"}', NULL, '2023-03-04 06:25:36'),
(88, 'return-policy', '{\"status\":1,\"content\":\"\"}', NULL, '2023-03-04 06:25:36'),
(89, 'cancellation-policy', '{\"status\":1,\"content\":\"\"}', NULL, '2023-03-04 06:25:36'),
(90, 'offline_payment', '{\"status\":0}', NULL, '2023-03-04 06:25:36'),
(91, 'temporary_close', '{\"status\":0}', NULL, '2023-03-04 06:25:36'),
(92, 'vacation_add', '{\"status\":0,\"vacation_start_date\":null,\"vacation_end_date\":null,\"vacation_note\":null}', NULL, '2023-03-04 06:25:36'),
(93, 'cookie_setting', '{\"status\":0,\"cookie_text\":null}', NULL, '2023-03-04 06:25:36'),
(94, 'maximum_otp_hit', '0', NULL, '2023-06-13 13:04:49'),
(95, 'otp_resend_time', '0', NULL, '2023-06-13 13:04:49'),
(96, 'temporary_block_time', '0', NULL, '2023-06-13 13:04:49'),
(97, 'maximum_login_hit', '0', NULL, '2023-06-13 13:04:49'),
(98, 'temporary_login_block_time', '0', NULL, '2023-06-13 13:04:49'),
(104, 'apple_login', '[{\"login_medium\":\"apple\",\"client_id\":\"\",\"client_secret\":\"\",\"status\":0,\"team_id\":\"\",\"key_id\":\"\",\"service_file\":\"\",\"redirect_url\":\"\"}]', NULL, '2023-10-13 05:34:53'),
(105, 'ref_earning_status', '0', NULL, '2024-08-18 20:04:05'),
(106, 'ref_earning_exchange_rate', '0', NULL, '2024-08-18 20:04:05'),
(107, 'guest_checkout', '0', NULL, '2023-10-13 11:34:53'),
(108, 'minimum_order_amount', '0', NULL, '2023-10-13 11:34:53'),
(109, 'minimum_order_amount_by_seller', '0', NULL, '2023-10-13 11:34:53'),
(110, 'minimum_order_amount_status', '0', NULL, '2023-10-13 11:34:53'),
(111, 'admin_login_url', 'admin', NULL, '2023-10-13 11:34:53'),
(112, 'employee_login_url', 'employee', NULL, '2023-10-13 11:34:53'),
(113, 'free_delivery_status', '0', NULL, '2023-10-13 11:34:53'),
(114, 'free_delivery_responsibility', 'admin', NULL, '2023-10-13 11:34:53'),
(115, 'free_delivery_over_amount', '0', NULL, '2023-10-13 11:34:53'),
(116, 'free_delivery_over_amount_seller', '0', NULL, '2023-10-13 11:34:53'),
(117, 'add_funds_to_wallet', '0', NULL, '2023-10-13 11:34:53'),
(118, 'minimum_add_fund_amount', '0', NULL, '2023-10-13 11:34:53'),
(119, 'maximum_add_fund_amount', '0', NULL, '2023-10-13 11:34:53'),
(120, 'user_app_version_control', '{\"for_android\":{\"status\":1,\"version\":\"14.1\",\"link\":\"\"},\"for_ios\":{\"status\":1,\"version\":\"14.1\",\"link\":\"\"}}', NULL, '2023-10-13 11:34:53'),
(121, 'seller_app_version_control', '{\"for_android\":{\"status\":1,\"version\":\"14.1\",\"link\":\"\"},\"for_ios\":{\"status\":1,\"version\":\"14.1\",\"link\":\"\"}}', NULL, '2023-10-13 11:34:53'),
(122, 'delivery_man_app_version_control', '{\"for_android\":{\"status\":1,\"version\":\"14.1\",\"link\":\"\"},\"for_ios\":{\"status\":1,\"version\":\"14.1\",\"link\":\"\"}}', NULL, '2023-10-13 11:34:53'),
(123, 'whatsapp', '{\"status\":1,\"phone\":\"00000000000\"}', NULL, '2023-10-13 11:34:53'),
(124, 'currency_symbol_position', 'left', NULL, '2024-10-18 05:37:48'),
(148, 'company_reliability', '[{\"item\":\"delivery_info\",\"title\":\"Fast Delivery all across the country\",\"image\":\"\",\"status\":1},{\"item\":\"safe_payment\",\"title\":\"Safe Payment\",\"image\":\"\",\"status\":1},{\"item\":\"return_policy\",\"title\":\"7 Days Return Policy\",\"image\":\"\",\"status\":1},{\"item\":\"authentic_product\",\"title\":\"100% Authentic Products\",\"image\":\"\",\"status\":1}]', NULL, NULL),
(149, 'react_setup', '{\"status\":0,\"react_license_code\":\"\",\"react_domain\":\"\",\"react_platform\":\"\"}', NULL, '2024-01-09 04:05:15'),
(150, 'app_activation', '{\"software_id\":\"\",\"is_active\":0}', NULL, '2024-08-18 20:04:05'),
(151, 'shop_banner', '', NULL, '2023-10-13 11:34:53'),
(152, 'map_api_status', '1', NULL, '2024-08-18 20:04:05'),
(153, 'vendor_registration_header', '{\"title\":\"Vendor Registration\",\"sub_title\":\"Create your own store.Already have store?\",\"image\":\"\"}', NULL, NULL),
(154, 'vendor_registration_sell_with_us', '{\"title\":\"Why Sell With Us\",\"sub_title\":\"Boost your sales! Join us for a seamless, profitable experience with vast buyer reach and top-notch support. Sell smarter today!\",\"image\":\"\"}', NULL, NULL),
(155, 'download_vendor_app', '{\"title\":\"Download Free Vendor App\",\"sub_title\":\"Download our free seller app and start reaching millions of buyers on the go! Easy setup, manage listings, and boost sales anywhere.\",\"image\":null,\"download_google_app\":null,\"download_google_app_status\":0,\"download_apple_app\":null,\"download_apple_app_status\":0}', NULL, NULL),
(156, 'business_process_main_section', '{\"title\":\"3 Easy Steps To Start Selling\",\"sub_title\":\"Start selling quickly! Register, upload your products with detailed info and images, and reach millions of buyers instantly.\",\"image\":\"\"}', NULL, NULL),
(157, 'business_process_step', '[{\"title\":\"Get Registered\",\"description\":\"Sign up easily and create your seller account in just a few minutes. It fast and simple to get started.\",\"image\":\"\"},{\"title\":\"Upload Products\",\"description\":\"List your products with detailed descriptions and high-quality images to attract more buyers effortlessly.\",\"image\":\"\"},{\"title\":\"Start Selling\",\"description\":\"Go live and start reaching millions of potential buyers immediately. Watch your sales grow with our vast audience.\",\"image\":\"\"}]', NULL, NULL),
(158, 'brand_list_priority', '', '2024-05-18 10:57:03', '2024-05-18 10:57:03'),
(159, 'category_list_priority', '', '2024-05-18 10:57:03', '2024-05-18 10:57:03'),
(160, 'vendor_list_priority', '', '2024-05-18 10:57:03', '2024-05-18 10:57:03'),
(161, 'flash_deal_priority', '', '2024-05-18 10:57:03', '2024-05-18 10:57:03'),
(162, 'featured_product_priority', '', '2024-05-18 10:57:03', '2024-05-18 10:57:03'),
(163, 'feature_deal_priority', '', '2024-05-18 10:57:03', '2024-05-18 10:57:03'),
(164, 'new_arrival_product_list_priority', '', '2024-05-18 10:57:03', '2024-05-18 10:57:03'),
(165, 'top_vendor_list_priority', '', '2024-05-18 10:57:03', '2024-05-18 10:57:03'),
(166, 'category_wise_product_list_priority', '', '2024-05-18 10:57:03', '2024-05-18 10:57:03'),
(167, 'top_rated_product_list_priority', '', '2024-05-18 10:57:03', '2024-05-18 10:57:03'),
(168, 'best_selling_product_list_priority', '', '2024-05-18 10:57:03', '2024-05-18 10:57:03'),
(169, 'searched_product_list_priority', '', '2024-05-18 10:57:03', '2024-05-18 10:57:03'),
(170, 'vendor_product_list_priority', '', '2024-05-18 10:57:03', '2024-05-18 10:57:03'),
(171, 'storage_connection_type', 'public', NULL, '2024-08-18 20:04:05'),
(172, 'google_search_console_code', '', NULL, '2024-08-18 20:04:05'),
(173, 'bing_webmaster_code', '', NULL, '2024-08-18 20:04:05'),
(174, 'baidu_webmaster_code', '', NULL, '2024-08-18 20:04:05'),
(175, 'yandex_webmaster_code', '', NULL, '2024-08-18 20:04:05'),
(176, 'timezone', 'UTC', NULL, '2024-10-18 05:37:48'),
(177, 'default_location', '{\"lat\":\"-33.8688\",\"lng\":\"151.2195\"}', NULL, '2024-10-18 05:37:48'),
(178, 'invoice_settings', '{\"terms_and_condition\":null,\"business_identity\":null,\"business_identity_value\":null,\"image\":null}', NULL, '2024-11-06 10:44:43');

-- --------------------------------------------------------

--
-- Table structure for table `carts`
--

CREATE TABLE `carts` (
  `id` bigint(20) UNSIGNED NOT NULL,
  `customer_id` bigint(20) DEFAULT NULL,
  `cart_group_id` varchar(191) DEFAULT NULL,
  `product_id` bigint(20) DEFAULT NULL,
  `product_type` varchar(20) NOT NULL DEFAULT 'physical',
  `digital_product_type` varchar(30) DEFAULT NULL,
  `color` varchar(191) DEFAULT NULL,
  `choices` text DEFAULT NULL,
  `variations` text DEFAULT NULL,
  `variant` text DEFAULT NULL,
  `quantity` int(11) NOT NULL DEFAULT 1,
  `price` double NOT NULL DEFAULT 1,
  `tax` double NOT NULL DEFAULT 1,
  `discount` double NOT NULL DEFAULT 1,
  `tax_model` varchar(20) NOT NULL DEFAULT 'exclude',
  `is_checked` tinyint(1) NOT NULL DEFAULT 0,
  `slug` varchar(191) DEFAULT NULL,
  `name` varchar(191) DEFAULT NULL,
  `thumbnail` varchar(191) DEFAULT NULL,
  `seller_id` bigint(20) DEFAULT NULL,
  `seller_is` varchar(191) NOT NULL DEFAULT 'admin',
  `created_at` timestamp NULL DEFAULT NULL,
  `updated_at` timestamp NULL DEFAULT NULL,
  `shop_info` varchar(191) DEFAULT NULL,
  `shipping_cost` double(8,2) DEFAULT NULL,
  `shipping_type` varchar(191) DEFAULT NULL,
  `is_guest` tinyint(4) NOT NULL DEFAULT 0
) ENGINE=InnoDB DEFAULT CHARSET=utf8mb4 COLLATE=utf8mb4_unicode_ci;

-- --------------------------------------------------------

--
-- Table structure for table `cart_shippings`
--

CREATE TABLE `cart_shippings` (
  `id` bigint(20) UNSIGNED NOT NULL,
  `cart_group_id` varchar(191) DEFAULT NULL,
  `shipping_method_id` bigint(20) DEFAULT NULL,
  `shipping_cost` double(8,2) NOT NULL DEFAULT 0.00,
  `created_at` timestamp NULL DEFAULT NULL,
  `updated_at` timestamp NULL DEFAULT NULL
) ENGINE=InnoDB DEFAULT CHARSET=utf8mb4 COLLATE=utf8mb4_unicode_ci;

-- --------------------------------------------------------

--
-- Table structure for table `categories`
--

CREATE TABLE `categories` (
  `id` bigint(20) UNSIGNED NOT NULL,
  `name` varchar(100) NOT NULL,
  `slug` varchar(100) NOT NULL,
  `icon` varchar(250) DEFAULT NULL,
  `icon_storage_type` varchar(10) DEFAULT 'public',
  `parent_id` int(11) NOT NULL,
  `position` int(11) NOT NULL,
  `created_at` timestamp NULL DEFAULT NULL,
  `updated_at` timestamp NULL DEFAULT NULL,
  `home_status` tinyint(1) NOT NULL DEFAULT 0,
  `priority` int(11) DEFAULT NULL
) ENGINE=InnoDB DEFAULT CHARSET=utf8mb4 COLLATE=utf8mb4_unicode_ci;

-- --------------------------------------------------------

--
-- Table structure for table `category_shipping_costs`
--

CREATE TABLE `category_shipping_costs` (
  `id` bigint(20) UNSIGNED NOT NULL,
  `seller_id` bigint(20) UNSIGNED DEFAULT NULL,
  `category_id` int(10) UNSIGNED DEFAULT NULL,
  `cost` double(8,2) DEFAULT NULL,
  `multiply_qty` tinyint(1) DEFAULT NULL,
  `created_at` timestamp NULL DEFAULT NULL,
  `updated_at` timestamp NULL DEFAULT NULL
) ENGINE=InnoDB DEFAULT CHARSET=utf8mb4 COLLATE=utf8mb4_unicode_ci;

-- --------------------------------------------------------

--
-- Table structure for table `chattings`
--

CREATE TABLE `chattings` (
  `id` bigint(20) UNSIGNED NOT NULL,
  `user_id` bigint(20) DEFAULT NULL,
  `seller_id` bigint(20) DEFAULT NULL,
  `admin_id` bigint(20) DEFAULT NULL,
  `delivery_man_id` bigint(20) DEFAULT NULL,
  `message` text DEFAULT NULL,
  `attachment` longtext CHARACTER SET utf8mb4 COLLATE utf8mb4_bin DEFAULT NULL CHECK (json_valid(`attachment`)),
  `sent_by_customer` tinyint(1) NOT NULL DEFAULT 0,
  `sent_by_seller` tinyint(1) NOT NULL DEFAULT 0,
  `sent_by_admin` tinyint(1) DEFAULT NULL,
  `sent_by_delivery_man` tinyint(1) DEFAULT NULL,
  `seen_by_customer` tinyint(1) NOT NULL DEFAULT 1,
  `seen_by_seller` tinyint(1) NOT NULL DEFAULT 1,
  `seen_by_admin` tinyint(1) DEFAULT NULL,
  `seen_by_delivery_man` tinyint(1) DEFAULT NULL,
  `status` tinyint(1) NOT NULL DEFAULT 1,
  `notification_receiver` varchar(20) DEFAULT NULL COMMENT 'admin, seller, customer, deliveryman',
  `seen_notification` tinyint(1) DEFAULT 0,
  `created_at` timestamp NULL DEFAULT NULL,
  `updated_at` timestamp NULL DEFAULT NULL,
  `shop_id` bigint(20) DEFAULT NULL
) ENGINE=InnoDB DEFAULT CHARSET=utf8mb4 COLLATE=utf8mb4_unicode_ci;

-- --------------------------------------------------------

--
-- Table structure for table `colors`
--

CREATE TABLE `colors` (
  `id` int(11) NOT NULL,
  `name` varchar(30) DEFAULT NULL,
  `code` varchar(10) DEFAULT NULL,
  `created_at` timestamp NOT NULL DEFAULT current_timestamp(),
  `updated_at` timestamp NOT NULL DEFAULT current_timestamp()
) ENGINE=InnoDB DEFAULT CHARSET=utf8 COLLATE=utf8_unicode_ci;

--
-- Dumping data for table `colors`
--

INSERT INTO `colors` (`id`, `name`, `code`, `created_at`, `updated_at`) VALUES
(1, 'IndianRed', '#CD5C5C', '2018-11-05 02:12:26', '2018-11-05 02:12:26'),
(2, 'LightCoral', '#F08080', '2018-11-05 02:12:26', '2018-11-05 02:12:26'),
(3, 'Salmon', '#FA8072', '2018-11-05 02:12:26', '2018-11-05 02:12:26'),
(4, 'DarkSalmon', '#E9967A', '2018-11-05 02:12:26', '2018-11-05 02:12:26'),
(5, 'LightSalmon', '#FFA07A', '2018-11-05 02:12:26', '2018-11-05 02:12:26'),
(6, 'Crimson', '#DC143C', '2018-11-05 02:12:26', '2018-11-05 02:12:26'),
(7, 'Red', '#FF0000', '2018-11-05 02:12:26', '2018-11-05 02:12:26'),
(8, 'FireBrick', '#B22222', '2018-11-05 02:12:26', '2018-11-05 02:12:26'),
(9, 'DarkRed', '#8B0000', '2018-11-05 02:12:26', '2018-11-05 02:12:26'),
(10, 'Pink', '#FFC0CB', '2018-11-05 02:12:26', '2018-11-05 02:12:26'),
(11, 'LightPink', '#FFB6C1', '2018-11-05 02:12:26', '2018-11-05 02:12:26'),
(12, 'HotPink', '#FF69B4', '2018-11-05 02:12:26', '2018-11-05 02:12:26'),
(13, 'DeepPink', '#FF1493', '2018-11-05 02:12:26', '2018-11-05 02:12:26'),
(14, 'MediumVioletRed', '#C71585', '2018-11-05 02:12:26', '2018-11-05 02:12:26'),
(15, 'PaleVioletRed', '#DB7093', '2018-11-05 02:12:26', '2018-11-05 02:12:26'),
(17, 'Coral', '#FF7F50', '2018-11-05 02:12:26', '2018-11-05 02:12:26'),
(18, 'Tomato', '#FF6347', '2018-11-05 02:12:26', '2018-11-05 02:12:26'),
(19, 'OrangeRed', '#FF4500', '2018-11-05 02:12:26', '2018-11-05 02:12:26'),
(20, 'DarkOrange', '#FF8C00', '2018-11-05 02:12:26', '2018-11-05 02:12:26'),
(21, 'Orange', '#FFA500', '2018-11-05 02:12:26', '2018-11-05 02:12:26'),
(22, 'Gold', '#FFD700', '2018-11-05 02:12:26', '2018-11-05 02:12:26'),
(23, 'Yellow', '#FFFF00', '2018-11-05 02:12:26', '2018-11-05 02:12:26'),
(24, 'LightYellow', '#FFFFE0', '2018-11-05 02:12:26', '2018-11-05 02:12:26'),
(25, 'LemonChiffon', '#FFFACD', '2018-11-05 02:12:26', '2018-11-05 02:12:26'),
(26, 'LightGoldenrodYellow', '#FAFAD2', '2018-11-05 02:12:27', '2018-11-05 02:12:27'),
(27, 'PapayaWhip', '#FFEFD5', '2018-11-05 02:12:27', '2018-11-05 02:12:27'),
(28, 'Moccasin', '#FFE4B5', '2018-11-05 02:12:27', '2018-11-05 02:12:27'),
(29, 'PeachPuff', '#FFDAB9', '2018-11-05 02:12:27', '2018-11-05 02:12:27'),
(30, 'PaleGoldenrod', '#EEE8AA', '2018-11-05 02:12:27', '2018-11-05 02:12:27'),
(31, 'Khaki', '#F0E68C', '2018-11-05 02:12:27', '2018-11-05 02:12:27'),
(32, 'DarkKhaki', '#BDB76B', '2018-11-05 02:12:27', '2018-11-05 02:12:27'),
(33, 'Lavender', '#E6E6FA', '2018-11-05 02:12:27', '2018-11-05 02:12:27'),
(34, 'Thistle', '#D8BFD8', '2018-11-05 02:12:27', '2018-11-05 02:12:27'),
(35, 'Plum', '#DDA0DD', '2018-11-05 02:12:27', '2018-11-05 02:12:27'),
(36, 'Violet', '#EE82EE', '2018-11-05 02:12:27', '2018-11-05 02:12:27'),
(37, 'Orchid', '#DA70D6', '2018-11-05 02:12:27', '2018-11-05 02:12:27'),
(39, 'Magenta', '#FF00FF', '2018-11-05 02:12:27', '2018-11-05 02:12:27'),
(40, 'MediumOrchid', '#BA55D3', '2018-11-05 02:12:27', '2018-11-05 02:12:27'),
(41, 'MediumPurple', '#9370DB', '2018-11-05 02:12:27', '2018-11-05 02:12:27'),
(42, 'Amethyst', '#9966CC', '2018-11-05 02:12:27', '2018-11-05 02:12:27'),
(43, 'BlueViolet', '#8A2BE2', '2018-11-05 02:12:27', '2018-11-05 02:12:27'),
(44, 'DarkViolet', '#9400D3', '2018-11-05 02:12:27', '2018-11-05 02:12:27'),
(45, 'DarkOrchid', '#9932CC', '2018-11-05 02:12:27', '2018-11-05 02:12:27'),
(46, 'DarkMagenta', '#8B008B', '2018-11-05 02:12:27', '2018-11-05 02:12:27'),
(47, 'Purple', '#800080', '2018-11-05 02:12:27', '2018-11-05 02:12:27'),
(48, 'Indigo', '#4B0082', '2018-11-05 02:12:27', '2018-11-05 02:12:27'),
(49, 'SlateBlue', '#6A5ACD', '2018-11-05 02:12:27', '2018-11-05 02:12:27'),
(50, 'DarkSlateBlue', '#483D8B', '2018-11-05 02:12:27', '2018-11-05 02:12:27'),
(51, 'MediumSlateBlue', '#7B68EE', '2018-11-05 02:12:27', '2018-11-05 02:12:27'),
(52, 'GreenYellow', '#ADFF2F', '2018-11-05 02:12:27', '2018-11-05 02:12:27'),
(53, 'Chartreuse', '#7FFF00', '2018-11-05 02:12:27', '2018-11-05 02:12:27'),
(54, 'LawnGreen', '#7CFC00', '2018-11-05 02:12:27', '2018-11-05 02:12:27'),
(55, 'Lime', '#00FF00', '2018-11-05 02:12:27', '2018-11-05 02:12:27'),
(56, 'LimeGreen', '#32CD32', '2018-11-05 02:12:27', '2018-11-05 02:12:27'),
(57, 'PaleGreen', '#98FB98', '2018-11-05 02:12:27', '2018-11-05 02:12:27'),
(58, 'LightGreen', '#90EE90', '2018-11-05 02:12:27', '2018-11-05 02:12:27'),
(59, 'MediumSpringGreen', '#00FA9A', '2018-11-05 02:12:27', '2018-11-05 02:12:27'),
(60, 'SpringGreen', '#00FF7F', '2018-11-05 02:12:27', '2018-11-05 02:12:27'),
(61, 'MediumSeaGreen', '#3CB371', '2018-11-05 02:12:27', '2018-11-05 02:12:27'),
(62, 'SeaGreen', '#2E8B57', '2018-11-05 02:12:27', '2018-11-05 02:12:27'),
(63, 'ForestGreen', '#228B22', '2018-11-05 02:12:28', '2018-11-05 02:12:28'),
(64, 'Green', '#008000', '2018-11-05 02:12:28', '2018-11-05 02:12:28'),
(65, 'DarkGreen', '#006400', '2018-11-05 02:12:28', '2018-11-05 02:12:28'),
(66, 'YellowGreen', '#9ACD32', '2018-11-05 02:12:28', '2018-11-05 02:12:28'),
(67, 'OliveDrab', '#6B8E23', '2018-11-05 02:12:28', '2018-11-05 02:12:28'),
(68, 'Olive', '#808000', '2018-11-05 02:12:28', '2018-11-05 02:12:28'),
(69, 'DarkOliveGreen', '#556B2F', '2018-11-05 02:12:28', '2018-11-05 02:12:28'),
(70, 'MediumAquamarine', '#66CDAA', '2018-11-05 02:12:28', '2018-11-05 02:12:28'),
(71, 'DarkSeaGreen', '#8FBC8F', '2018-11-05 02:12:28', '2018-11-05 02:12:28'),
(72, 'LightSeaGreen', '#20B2AA', '2018-11-05 02:12:28', '2018-11-05 02:12:28'),
(73, 'DarkCyan', '#008B8B', '2018-11-05 02:12:28', '2018-11-05 02:12:28'),
(74, 'Teal', '#008080', '2018-11-05 02:12:28', '2018-11-05 02:12:28'),
(75, 'Aqua', '#00FFFF', '2018-11-05 02:12:28', '2018-11-05 02:12:28'),
(77, 'LightCyan', '#E0FFFF', '2018-11-05 02:12:28', '2018-11-05 02:12:28'),
(78, 'PaleTurquoise', '#AFEEEE', '2018-11-05 02:12:28', '2018-11-05 02:12:28'),
(79, 'Aquamarine', '#7FFFD4', '2018-11-05 02:12:28', '2018-11-05 02:12:28'),
(80, 'Turquoise', '#40E0D0', '2018-11-05 02:12:28', '2018-11-05 02:12:28'),
(81, 'MediumTurquoise', '#48D1CC', '2018-11-05 02:12:28', '2018-11-05 02:12:28'),
(82, 'DarkTurquoise', '#00CED1', '2018-11-05 02:12:28', '2018-11-05 02:12:28'),
(83, 'CadetBlue', '#5F9EA0', '2018-11-05 02:12:28', '2018-11-05 02:12:28'),
(84, 'SteelBlue', '#4682B4', '2018-11-05 02:12:28', '2018-11-05 02:12:28'),
(85, 'LightSteelBlue', '#B0C4DE', '2018-11-05 02:12:28', '2018-11-05 02:12:28'),
(86, 'PowderBlue', '#B0E0E6', '2018-11-05 02:12:28', '2018-11-05 02:12:28'),
(87, 'LightBlue', '#ADD8E6', '2018-11-05 02:12:28', '2018-11-05 02:12:28'),
(88, 'SkyBlue', '#87CEEB', '2018-11-05 02:12:28', '2018-11-05 02:12:28'),
(89, 'LightSkyBlue', '#87CEFA', '2018-11-05 02:12:28', '2018-11-05 02:12:28'),
(90, 'DeepSkyBlue', '#00BFFF', '2018-11-05 02:12:28', '2018-11-05 02:12:28'),
(91, 'DodgerBlue', '#1E90FF', '2018-11-05 02:12:28', '2018-11-05 02:12:28'),
(92, 'CornflowerBlue', '#6495ED', '2018-11-05 02:12:28', '2018-11-05 02:12:28'),
(94, 'RoyalBlue', '#4169E1', '2018-11-05 02:12:28', '2018-11-05 02:12:28'),
(95, 'Blue', '#0000FF', '2018-11-05 02:12:28', '2018-11-05 02:12:28'),
(96, 'MediumBlue', '#0000CD', '2018-11-05 02:12:28', '2018-11-05 02:12:28'),
(97, 'DarkBlue', '#00008B', '2018-11-05 02:12:28', '2018-11-05 02:12:28'),
(98, 'Navy', '#000080', '2018-11-05 02:12:28', '2018-11-05 02:12:28'),
(99, 'MidnightBlue', '#191970', '2018-11-05 02:12:29', '2018-11-05 02:12:29'),
(100, 'Cornsilk', '#FFF8DC', '2018-11-05 02:12:29', '2018-11-05 02:12:29'),
(101, 'BlanchedAlmond', '#FFEBCD', '2018-11-05 02:12:29', '2018-11-05 02:12:29'),
(102, 'Bisque', '#FFE4C4', '2018-11-05 02:12:29', '2018-11-05 02:12:29'),
(103, 'NavajoWhite', '#FFDEAD', '2018-11-05 02:12:29', '2018-11-05 02:12:29'),
(104, 'Wheat', '#F5DEB3', '2018-11-05 02:12:29', '2018-11-05 02:12:29'),
(105, 'BurlyWood', '#DEB887', '2018-11-05 02:12:29', '2018-11-05 02:12:29'),
(106, 'Tan', '#D2B48C', '2018-11-05 02:12:29', '2018-11-05 02:12:29'),
(107, 'RosyBrown', '#BC8F8F', '2018-11-05 02:12:29', '2018-11-05 02:12:29'),
(108, 'SandyBrown', '#F4A460', '2018-11-05 02:12:29', '2018-11-05 02:12:29'),
(109, 'Goldenrod', '#DAA520', '2018-11-05 02:12:29', '2018-11-05 02:12:29'),
(110, 'DarkGoldenrod', '#B8860B', '2018-11-05 02:12:29', '2018-11-05 02:12:29'),
(111, 'Peru', '#CD853F', '2018-11-05 02:12:29', '2018-11-05 02:12:29'),
(112, 'Chocolate', '#D2691E', '2018-11-05 02:12:29', '2018-11-05 02:12:29'),
(113, 'SaddleBrown', '#8B4513', '2018-11-05 02:12:29', '2018-11-05 02:12:29'),
(114, 'Sienna', '#A0522D', '2018-11-05 02:12:29', '2018-11-05 02:12:29'),
(115, 'Brown', '#A52A2A', '2018-11-05 02:12:29', '2018-11-05 02:12:29'),
(116, 'Maroon', '#800000', '2018-11-05 02:12:29', '2018-11-05 02:12:29'),
(117, 'White', '#FFFFFF', '2018-11-05 02:12:29', '2018-11-05 02:12:29'),
(118, 'Snow', '#FFFAFA', '2018-11-05 02:12:29', '2018-11-05 02:12:29'),
(119, 'Honeydew', '#F0FFF0', '2018-11-05 02:12:29', '2018-11-05 02:12:29'),
(120, 'MintCream', '#F5FFFA', '2018-11-05 02:12:29', '2018-11-05 02:12:29'),
(121, 'Azure', '#F0FFFF', '2018-11-05 02:12:29', '2018-11-05 02:12:29'),
(122, 'AliceBlue', '#F0F8FF', '2018-11-05 02:12:29', '2018-11-05 02:12:29'),
(123, 'GhostWhite', '#F8F8FF', '2018-11-05 02:12:29', '2018-11-05 02:12:29'),
(124, 'WhiteSmoke', '#F5F5F5', '2018-11-05 02:12:29', '2018-11-05 02:12:29'),
(125, 'Seashell', '#FFF5EE', '2018-11-05 02:12:29', '2018-11-05 02:12:29'),
(126, 'Beige', '#F5F5DC', '2018-11-05 02:12:29', '2018-11-05 02:12:29'),
(127, 'OldLace', '#FDF5E6', '2018-11-05 02:12:29', '2018-11-05 02:12:29'),
(128, 'FloralWhite', '#FFFAF0', '2018-11-05 02:12:29', '2018-11-05 02:12:29'),
(129, 'Ivory', '#FFFFF0', '2018-11-05 02:12:30', '2018-11-05 02:12:30'),
(130, 'AntiqueWhite', '#FAEBD7', '2018-11-05 02:12:30', '2018-11-05 02:12:30'),
(131, 'Linen', '#FAF0E6', '2018-11-05 02:12:30', '2018-11-05 02:12:30'),
(132, 'LavenderBlush', '#FFF0F5', '2018-11-05 02:12:30', '2018-11-05 02:12:30'),
(133, 'MistyRose', '#FFE4E1', '2018-11-05 02:12:30', '2018-11-05 02:12:30'),
(134, 'Gainsboro', '#DCDCDC', '2018-11-05 02:12:30', '2018-11-05 02:12:30'),
(135, 'LightGrey', '#D3D3D3', '2018-11-05 02:12:30', '2018-11-05 02:12:30'),
(136, 'Silver', '#C0C0C0', '2018-11-05 02:12:30', '2018-11-05 02:12:30'),
(137, 'DarkGray', '#A9A9A9', '2018-11-05 02:12:30', '2018-11-05 02:12:30'),
(138, 'Gray', '#808080', '2018-11-05 02:12:30', '2018-11-05 02:12:30'),
(139, 'DimGray', '#696969', '2018-11-05 02:12:30', '2018-11-05 02:12:30'),
(140, 'LightSlateGray', '#778899', '2018-11-05 02:12:30', '2018-11-05 02:12:30'),
(141, 'SlateGray', '#708090', '2018-11-05 02:12:30', '2018-11-05 02:12:30'),
(142, 'DarkSlateGray', '#2F4F4F', '2018-11-05 02:12:30', '2018-11-05 02:12:30'),
(143, 'Black', '#000000', '2018-11-05 02:12:30', '2018-11-05 02:12:30');

-- --------------------------------------------------------

--
-- Table structure for table `contacts`
--

CREATE TABLE `contacts` (
  `id` bigint(20) UNSIGNED NOT NULL,
  `name` varchar(191) DEFAULT NULL,
  `email` varchar(191) DEFAULT NULL,
  `mobile_number` varchar(191) NOT NULL,
  `subject` varchar(191) NOT NULL,
  `message` text NOT NULL,
  `seen` tinyint(1) NOT NULL DEFAULT 0,
  `feedback` varchar(191) NOT NULL DEFAULT '0',
  `created_at` timestamp NULL DEFAULT NULL,
  `updated_at` timestamp NULL DEFAULT NULL,
  `reply` longtext DEFAULT NULL
) ENGINE=InnoDB DEFAULT CHARSET=utf8mb4 COLLATE=utf8mb4_unicode_ci;

--
-- Dumping data for table `contacts`
--

INSERT INTO `contacts` (`id`, `name`, `email`, `mobile_number`, `subject`, `message`, `seen`, `feedback`, `created_at`, `updated_at`, `reply`) VALUES
(1, 'Tanzeel', 'employee@gmail.com', '+92789787567', 'English', 'English', 1, '0', '2024-10-18 06:29:05', '2024-10-18 06:30:40', NULL);

-- --------------------------------------------------------

--
-- Table structure for table `coupons`
--

CREATE TABLE `coupons` (
  `id` bigint(20) UNSIGNED NOT NULL,
  `added_by` varchar(191) NOT NULL DEFAULT 'admin',
  `coupon_type` varchar(50) DEFAULT NULL,
  `coupon_bearer` varchar(191) NOT NULL DEFAULT 'inhouse',
  `seller_id` bigint(20) DEFAULT NULL COMMENT 'NULL=in-house, 0=all seller',
  `customer_id` bigint(20) DEFAULT NULL COMMENT '0 = all customer',
  `title` varchar(100) DEFAULT NULL,
  `code` varchar(15) DEFAULT NULL,
  `start_date` date DEFAULT NULL,
  `expire_date` date DEFAULT NULL,
  `min_purchase` decimal(8,2) NOT NULL DEFAULT 0.00,
  `max_discount` decimal(8,2) NOT NULL DEFAULT 0.00,
  `discount` decimal(8,2) NOT NULL DEFAULT 0.00,
  `discount_type` varchar(15) NOT NULL DEFAULT 'percentage',
  `status` tinyint(1) NOT NULL DEFAULT 1,
  `created_at` timestamp NULL DEFAULT NULL,
  `updated_at` timestamp NULL DEFAULT NULL,
  `limit` int(11) DEFAULT NULL
) ENGINE=InnoDB DEFAULT CHARSET=utf8mb4 COLLATE=utf8mb4_unicode_ci;

-- --------------------------------------------------------

--
-- Table structure for table `currencies`
--

CREATE TABLE `currencies` (
  `id` bigint(20) UNSIGNED NOT NULL,
  `name` varchar(191) NOT NULL,
  `symbol` varchar(191) NOT NULL,
  `code` varchar(191) NOT NULL,
  `exchange_rate` varchar(191) NOT NULL,
  `status` tinyint(1) NOT NULL DEFAULT 0,
  `created_at` timestamp NULL DEFAULT NULL,
  `updated_at` timestamp NULL DEFAULT NULL
) ENGINE=InnoDB DEFAULT CHARSET=utf8mb4 COLLATE=utf8mb4_unicode_ci;

--
-- Dumping data for table `currencies`
--

INSERT INTO `currencies` (`id`, `name`, `symbol`, `code`, `exchange_rate`, `status`, `created_at`, `updated_at`) VALUES
(1, 'USD', '$', 'USD', '1', 1, NULL, '2021-06-27 13:39:37'),
(2, 'BDT', '', 'BDT', '84', 1, NULL, '2021-07-06 11:52:58'),
(3, 'Indian Rupi', '', 'INR', '60', 1, '2020-10-15 17:23:04', '2021-06-04 18:26:38'),
(4, 'Euro', '', 'EUR', '100', 1, '2021-05-25 21:00:23', '2021-06-04 18:25:29'),
(5, 'YEN', '', 'JPY', '110', 1, '2021-06-10 22:08:31', '2021-06-26 14:21:10'),
(6, 'Ringgit', 'RM', 'MYR', '4.16', 1, '2021-07-03 11:08:33', '2021-07-03 11:10:37'),
(7, 'Rand', 'R', 'ZAR', '14.26', 1, '2021-07-03 11:12:38', '2021-07-03 11:12:42');

-- --------------------------------------------------------

--
-- Table structure for table `customer_wallets`
--

CREATE TABLE `customer_wallets` (
  `id` bigint(20) UNSIGNED NOT NULL,
  `customer_id` bigint(20) DEFAULT NULL,
  `balance` decimal(8,2) NOT NULL DEFAULT 0.00,
  `royality_points` decimal(8,2) NOT NULL DEFAULT 0.00,
  `created_at` timestamp NULL DEFAULT NULL,
  `updated_at` timestamp NULL DEFAULT NULL
) ENGINE=InnoDB DEFAULT CHARSET=utf8mb4 COLLATE=utf8mb4_unicode_ci;

-- --------------------------------------------------------

--
-- Table structure for table `customer_wallet_histories`
--

CREATE TABLE `customer_wallet_histories` (
  `id` bigint(20) UNSIGNED NOT NULL,
  `customer_id` bigint(20) DEFAULT NULL,
  `transaction_amount` decimal(8,2) NOT NULL DEFAULT 0.00,
  `transaction_type` varchar(20) DEFAULT NULL,
  `transaction_method` varchar(30) DEFAULT NULL,
  `transaction_id` varchar(20) DEFAULT NULL,
  `created_at` timestamp NULL DEFAULT NULL,
  `updated_at` timestamp NULL DEFAULT NULL
) ENGINE=InnoDB DEFAULT CHARSET=utf8mb4 COLLATE=utf8mb4_unicode_ci;

-- --------------------------------------------------------

--
-- Table structure for table `deal_of_the_days`
--

CREATE TABLE `deal_of_the_days` (
  `id` bigint(20) UNSIGNED NOT NULL,
  `title` varchar(150) DEFAULT NULL,
  `product_id` bigint(20) DEFAULT NULL,
  `discount` decimal(8,2) NOT NULL DEFAULT 0.00,
  `discount_type` varchar(12) NOT NULL DEFAULT 'amount',
  `status` tinyint(1) NOT NULL DEFAULT 0,
  `created_at` timestamp NULL DEFAULT NULL,
  `updated_at` timestamp NULL DEFAULT NULL
) ENGINE=InnoDB DEFAULT CHARSET=utf8mb4 COLLATE=utf8mb4_unicode_ci;

-- --------------------------------------------------------

--
-- Table structure for table `deliveryman_notifications`
--

CREATE TABLE `deliveryman_notifications` (
  `id` bigint(20) UNSIGNED NOT NULL,
  `delivery_man_id` bigint(20) NOT NULL,
  `order_id` bigint(20) NOT NULL,
  `description` varchar(191) NOT NULL,
  `created_at` timestamp NULL DEFAULT NULL,
  `updated_at` timestamp NULL DEFAULT NULL
) ENGINE=InnoDB DEFAULT CHARSET=utf8mb4 COLLATE=utf8mb4_unicode_ci;

-- --------------------------------------------------------

--
-- Table structure for table `deliveryman_wallets`
--

CREATE TABLE `deliveryman_wallets` (
  `id` bigint(20) UNSIGNED NOT NULL,
  `delivery_man_id` bigint(20) NOT NULL,
  `current_balance` decimal(50,2) NOT NULL DEFAULT 0.00,
  `cash_in_hand` decimal(50,2) NOT NULL DEFAULT 0.00,
  `pending_withdraw` decimal(50,2) NOT NULL DEFAULT 0.00,
  `total_withdraw` decimal(50,2) NOT NULL DEFAULT 0.00,
  `created_at` timestamp NULL DEFAULT NULL,
  `updated_at` timestamp NULL DEFAULT NULL
) ENGINE=InnoDB DEFAULT CHARSET=utf8mb4 COLLATE=utf8mb4_unicode_ci;

-- --------------------------------------------------------

--
-- Table structure for table `delivery_country_codes`
--

CREATE TABLE `delivery_country_codes` (
  `id` bigint(20) UNSIGNED NOT NULL,
  `country_code` varchar(191) NOT NULL,
  `created_at` timestamp NULL DEFAULT NULL,
  `updated_at` timestamp NULL DEFAULT NULL
) ENGINE=InnoDB DEFAULT CHARSET=utf8mb4 COLLATE=utf8mb4_unicode_ci;

-- --------------------------------------------------------

--
-- Table structure for table `delivery_histories`
--

CREATE TABLE `delivery_histories` (
  `id` bigint(20) UNSIGNED NOT NULL,
  `order_id` bigint(20) DEFAULT NULL,
  `deliveryman_id` bigint(20) DEFAULT NULL,
  `time` datetime DEFAULT NULL,
  `longitude` varchar(191) DEFAULT NULL,
  `latitude` varchar(191) DEFAULT NULL,
  `location` varchar(191) DEFAULT NULL,
  `created_at` timestamp NULL DEFAULT NULL,
  `updated_at` timestamp NULL DEFAULT NULL
) ENGINE=InnoDB DEFAULT CHARSET=utf8mb4 COLLATE=utf8mb4_unicode_ci;

-- --------------------------------------------------------

--
-- Table structure for table `delivery_man_transactions`
--

CREATE TABLE `delivery_man_transactions` (
  `id` bigint(20) UNSIGNED NOT NULL,
  `delivery_man_id` bigint(20) NOT NULL,
  `user_id` bigint(20) NOT NULL,
  `user_type` varchar(20) NOT NULL,
  `transaction_id` char(36) NOT NULL,
  `debit` decimal(50,2) NOT NULL DEFAULT 0.00,
  `credit` decimal(50,2) NOT NULL DEFAULT 0.00,
  `transaction_type` varchar(20) NOT NULL,
  `created_at` timestamp NULL DEFAULT NULL,
  `updated_at` timestamp NULL DEFAULT NULL
) ENGINE=InnoDB DEFAULT CHARSET=utf8mb4 COLLATE=utf8mb4_unicode_ci;

-- --------------------------------------------------------

--
-- Table structure for table `delivery_men`
--

CREATE TABLE `delivery_men` (
  `id` bigint(20) UNSIGNED NOT NULL,
  `seller_id` bigint(20) DEFAULT NULL,
  `f_name` varchar(100) DEFAULT NULL,
  `l_name` varchar(100) DEFAULT NULL,
  `address` text DEFAULT NULL,
  `country_code` varchar(20) DEFAULT NULL,
  `phone` varchar(20) NOT NULL,
  `email` varchar(100) DEFAULT NULL,
  `identity_number` varchar(30) DEFAULT NULL,
  `identity_type` varchar(50) DEFAULT NULL,
  `identity_image` varchar(191) DEFAULT NULL,
  `image` varchar(100) DEFAULT NULL,
  `password` varchar(100) NOT NULL,
  `bank_name` varchar(191) DEFAULT NULL,
  `branch` varchar(191) DEFAULT NULL,
  `account_no` varchar(191) DEFAULT NULL,
  `holder_name` varchar(191) DEFAULT NULL,
  `is_active` tinyint(1) NOT NULL DEFAULT 1,
  `is_online` tinyint(4) NOT NULL DEFAULT 1,
  `created_at` timestamp NULL DEFAULT NULL,
  `updated_at` timestamp NULL DEFAULT NULL,
  `auth_token` varchar(191) NOT NULL DEFAULT '6yIRXJRRfp78qJsAoKZZ6TTqhzuNJ3TcdvPBmk6n',
  `fcm_token` varchar(191) DEFAULT NULL,
  `app_language` varchar(191) NOT NULL DEFAULT 'en'
) ENGINE=InnoDB DEFAULT CHARSET=utf8mb4 COLLATE=utf8mb4_unicode_ci;

-- --------------------------------------------------------

--
-- Table structure for table `delivery_zip_codes`
--

CREATE TABLE `delivery_zip_codes` (
  `id` bigint(20) UNSIGNED NOT NULL,
  `zipcode` varchar(191) NOT NULL,
  `created_at` timestamp NULL DEFAULT NULL,
  `updated_at` timestamp NULL DEFAULT NULL
) ENGINE=InnoDB DEFAULT CHARSET=utf8mb4 COLLATE=utf8mb4_unicode_ci;

-- --------------------------------------------------------

--
-- Table structure for table `digital_product_otp_verifications`
--

CREATE TABLE `digital_product_otp_verifications` (
  `id` bigint(20) UNSIGNED NOT NULL,
  `order_details_id` varchar(255) DEFAULT NULL,
  `identity` varchar(255) DEFAULT NULL,
  `token` varchar(255) DEFAULT NULL,
  `otp_hit_count` tinyint(4) NOT NULL DEFAULT 0,
  `is_temp_blocked` tinyint(1) NOT NULL DEFAULT 0,
  `temp_block_time` timestamp NULL DEFAULT NULL,
  `expires_at` timestamp NULL DEFAULT NULL,
  `created_at` timestamp NULL DEFAULT NULL,
  `updated_at` timestamp NULL DEFAULT NULL
) ENGINE=InnoDB DEFAULT CHARSET=utf8mb4 COLLATE=utf8mb4_unicode_ci;

-- --------------------------------------------------------

--
-- Table structure for table `digital_product_variations`
--

CREATE TABLE `digital_product_variations` (
  `id` bigint(20) UNSIGNED NOT NULL,
  `product_id` int(11) NOT NULL,
  `variant_key` varchar(255) DEFAULT NULL,
  `sku` varchar(255) DEFAULT NULL,
  `price` decimal(24,8) DEFAULT NULL,
  `file` varchar(255) DEFAULT NULL,
  `created_at` timestamp NULL DEFAULT NULL,
  `updated_at` timestamp NULL DEFAULT NULL
) ENGINE=InnoDB DEFAULT CHARSET=utf8mb4 COLLATE=utf8mb4_unicode_ci;

-- --------------------------------------------------------

--
-- Table structure for table `email_templates`
--

CREATE TABLE `email_templates` (
  `id` bigint(20) UNSIGNED NOT NULL,
  `template_name` varchar(191) NOT NULL,
  `user_type` varchar(191) NOT NULL,
  `template_design_name` varchar(191) NOT NULL,
  `title` varchar(191) DEFAULT NULL,
  `body` text DEFAULT NULL,
  `banner_image` varchar(191) DEFAULT NULL,
  `image` varchar(191) DEFAULT NULL,
  `logo` varchar(191) DEFAULT NULL,
  `button_name` varchar(191) DEFAULT NULL,
  `button_url` varchar(191) DEFAULT NULL,
  `footer_text` varchar(191) DEFAULT NULL,
  `copyright_text` varchar(191) DEFAULT NULL,
  `pages` longtext CHARACTER SET utf8mb4 COLLATE utf8mb4_bin DEFAULT NULL CHECK (json_valid(`pages`)),
  `social_media` longtext CHARACTER SET utf8mb4 COLLATE utf8mb4_bin DEFAULT NULL CHECK (json_valid(`social_media`)),
  `hide_field` longtext CHARACTER SET utf8mb4 COLLATE utf8mb4_bin DEFAULT NULL CHECK (json_valid(`hide_field`)),
  `button_content_status` tinyint(4) NOT NULL DEFAULT 1,
  `product_information_status` tinyint(4) NOT NULL DEFAULT 1,
  `order_information_status` tinyint(4) NOT NULL DEFAULT 1,
  `status` tinyint(4) NOT NULL DEFAULT 1,
  `created_at` timestamp NULL DEFAULT NULL,
  `updated_at` timestamp NULL DEFAULT NULL
) ENGINE=InnoDB DEFAULT CHARSET=utf8mb4 COLLATE=utf8mb4_unicode_ci;

--
-- Dumping data for table `email_templates`
--

INSERT INTO `email_templates` (`id`, `template_name`, `user_type`, `template_design_name`, `title`, `body`, `banner_image`, `image`, `logo`, `button_name`, `button_url`, `footer_text`, `copyright_text`, `pages`, `social_media`, `hide_field`, `button_content_status`, `product_information_status`, `order_information_status`, `status`, `created_at`, `updated_at`) VALUES
(1, 'order-received', 'admin', 'order-received', 'New Order Received', '<p><b>Hi {adminName},</b></p><p>We have sent you this email to notify that you have a new order.You will be able to see your orders after login to your panel.</p>', NULL, NULL, NULL, NULL, NULL, 'Please contact us for any queries, were always happy to help.', 'Copyright 2024 Atech media. All right reserved.', NULL, NULL, '[\"icon\",\"product_information\",\"button_content\",\"banner_image\"]', 1, 1, 1, 1, '2024-08-18 20:04:05', '2024-08-18 20:04:05'),
(2, 'order-place', 'customer', 'order-place', 'Order # {orderId} Has Been Placed Successfully!', '<p><b>Hi {userName},</b></p><p>Your order from {shopName} has been placed to know the current status of your order click track order</p>', NULL, NULL, NULL, NULL, NULL, 'Please contact us for any queries, were always happy to help.', 'Copyright 2024 Atech media. All right reserved.', NULL, NULL, '[\"icon\",\"product_information\",\"banner_image\"]', 1, 1, 1, 1, '2024-08-18 20:04:05', '2024-08-18 20:04:05'),
(3, 'forgot-password', 'customer', 'forgot-password', 'Change Password Request', '<p><b>Hi {userName},</b></p><p>Please click the link below to change your password.</p>', NULL, NULL, NULL, NULL, NULL, 'Please contact us for any queries, were always happy to help.', 'Copyright 2024 Atech media. All right reserved.', NULL, NULL, '[\"product_information\",\"order_information\",\"button_content\",\"banner_image\"]', 1, 1, 1, 1, '2024-08-18 20:04:05', '2024-08-18 20:04:05'),
(4, 'registration-verification', 'customer', 'registration-verification', 'Registration Verification', '<p><b>Hi {userName},</b></p><p>Your verification code is</p>', NULL, NULL, NULL, NULL, NULL, 'Please contact us for any queries, were always happy to help.', 'Copyright 2024 Atech media. All right reserved.', NULL, NULL, '[\"product_information\",\"order_information\",\"button_content\",\"banner_image\"]', 1, 1, 1, 1, '2024-08-18 20:04:05', '2024-08-18 20:04:05'),
(5, 'registration-from-pos', 'customer', 'registration-from-pos', 'Registration Complete', '<p><b>Hi {userName},</b></p><p>Thank you for joining Atech media Shop.If you want to become a registered customer then reset your password below by using this email. Then youll be able to explore the website and app as a registered customer.</p>', NULL, NULL, NULL, NULL, NULL, 'Please contact us for any queries, were always happy to help.', 'Copyright 2024 Atech media. All right reserved.', NULL, NULL, '[\"product_information\",\"order_information\",\"button_url\",\"button_content_status\",\"banner_image\"]', 1, 1, 1, 1, '2024-08-18 20:04:05', '2024-08-18 20:04:05'),
(6, 'account-block', 'customer', 'account-block', 'Account Blocked', '<div><b>Hi {userName},</b></div><div><b><br></b></div><div>Your account has been blocked due to suspicious activity by the admin .To resolve this issue please contact with admin or support center. We apologize for any inconvenience caused.</div><div><br></div><div>Meanwhile, click here to visit theAtech mediashop website</div><div><font color=\"#0000ff\"> <a href=\"https://multivendor.atechmedia.live\" target=\"_blank\">https://multivendor.atechmedia.live</a></font></div>', NULL, NULL, NULL, NULL, NULL, 'Please contact us for any queries, were always happy to help.', 'Copyright 2024 Atech media. All right reserved.', NULL, NULL, '[\"product_information\",\"order_information\",\"button_content\",\"banner_image\"]', 1, 1, 1, 1, '2024-08-18 20:04:05', '2024-08-18 20:04:05'),
(7, 'account-unblock', 'customer', 'account-unblock', 'Account Unblocked', '<div><b>Hi {userName},</b></div><div><b><br></b></div><div>Your account has been successfully unblocked. We appreciate your cooperation in resolving this issue. Thank you for your understanding and patience. </div><div><br></div><div>Meanwhile, click here to visit theAtech media shop website</div><div><font color=\"#0000ff\"> <a href=\"https://multivendor.atechmedia.live\" target=\"_blank\">https://multivendor.atechmedia.live</a></font></div>', NULL, NULL, NULL, NULL, NULL, 'Please contact us for any queries, were always happy to help.', 'Copyright 2024 Atech media. All right reserved.', NULL, NULL, '[\"product_information\",\"order_information\",\"button_content\",\"banner_image\"]', 1, 1, 1, 1, '2024-08-18 20:04:05', '2024-08-18 20:04:05'),
(8, 'digital-product-download', 'customer', 'digital-product-download', 'Congratulations', '<p>Thank you for choosing Atech media shop! Your digital product is ready for download. To download your product use your email <b>{emailId}</b> and order # {orderId} below.</b><br></p>', NULL, NULL, NULL, NULL, NULL, 'Please contact us for any queries, were always happy to help.', 'Copyright 2024 Atech media. All right reserved.', NULL, NULL, '[\"product_information\",\"button_content\",\"banner_image\"]', 1, 1, 1, 1, '2024-08-18 20:04:05', '2024-08-18 20:04:05'),
(9, 'digital-product-otp', 'customer', 'digital-product-otp', 'Digital Product Download OTP Verification', '<p><b>Hi {userName},</b></p><p>Your verification code is</p>', NULL, NULL, NULL, NULL, NULL, 'Please contact us for any queries, were always happy to help.', 'Copyright 2024 Atech media. All right reserved.', NULL, NULL, '[\"product_information\",\"order_information\",\"button_content\",\"banner_image\"]', 1, 1, 1, 1, '2024-08-18 20:04:05', '2024-08-18 20:04:05'),
(10, 'add-fund-to-wallet', 'customer', 'add-fund-to-wallet', 'Transaction Successful', '<div style=\"text-align: center; \">Amount successfully credited to your wallet .</div><div style=\"text-align: center; \"><br></div>', NULL, NULL, NULL, NULL, NULL, 'Please contact us for any queries, were always happy to help.', 'Copyright 2024 Atech media. All right reserved.', NULL, NULL, '[\"product_information\",\"order_information\",\"button_content\",\"banner_image\"]', 1, 1, 1, 1, '2024-08-18 20:04:05', '2024-08-18 20:04:05'),
(11, 'registration', 'vendor', 'registration', 'Registration Complete', '<div><b>Hi {vendorName},</b></div><div><b><br></b></div><div>Congratulation! Your registration request has been send to admin successfully! Please wait until admin reviewal. </div><div><br></div><div>meanwhile click here to visit the Atech media Shop Website</div><div><font color=\"#0000ff\"> <a href=\"https://multivendor.atechmedia.live\" target=\"_blank\">https://multivendor.atechmedia.live</a></font></div>', NULL, NULL, NULL, NULL, NULL, 'Please contact us for any queries, were always happy to help.', 'Copyright 2024 Atech media. All right reserved.', NULL, NULL, '[\"product_information\",\"order_information\",\"button_content\",\"banner_image\"]', 1, 1, 1, 1, '2024-08-18 20:04:05', '2024-08-18 20:04:05'),
(12, 'registration-approved', 'vendor', 'registration-approved', 'Registration Approved', '<div><b>Hi {vendorName},</b></div><div><b><br></b></div><div>Your registration request has been approved by admin. Now you can complete your store setting and start selling your product on Atech media Shop. </div><div><br></div><div>Meanwhile, click here to visit theAtech media shop website</div><div><font color=\"#0000ff\"> <a href=\"https://multivendor.atechmedia.live\" target=\"_blank\">https://multivendor.atechmedia.live</a></font></div>', NULL, NULL, NULL, NULL, NULL, 'Please contact us for any queries, were always happy to help.', 'Copyright 2024 Atech media. All right reserved.', NULL, NULL, '[\"product_information\",\"order_information\",\"button_content\",\"banner_image\"]', 1, 1, 1, 1, '2024-08-18 20:04:05', '2024-08-18 20:04:05'),
(13, 'registration-denied', 'vendor', 'registration-denied', 'Registration Denied', '<div><b>Hi {vendorName},</b></div><div><b><br></b></div><div>Your registration request has been denied by admin. Please contact with admin or support center if you have any queries.</div><div><br></div><div>Meanwhile, click here to visit theAtech media shop website</div><div><font color=\"#0000ff\"> <a href=\"https://multivendor.atechmedia.live\" target=\"_blank\">https://multivendor.atechmedia.live</a></font></div>', NULL, NULL, NULL, NULL, NULL, 'Please contact us for any queries, were always happy to help.', 'Copyright 2024 Atech media. All right reserved.', NULL, NULL, '[\"product_information\",\"order_information\",\"button_content\",\"banner_image\"]', 1, 1, 1, 1, '2024-08-18 20:04:05', '2024-08-18 20:04:05'),
(14, 'account-suspended', 'vendor', 'account-suspended', 'Account Suspended', '<div><b>Hi {vendorName},</b></div><div><b><br></b></div><div>Your account access has been suspended by admin.From now you can access your app and panel again Please contact us for any queries were always happy to help.</div><div><br></div><div>Meanwhile, click here to visit theAtech media shop website</div><div><font color=\"#0000ff\"> <a href=\"https://multivendor.atechmedia.live\" target=\"_blank\">https://multivendor.atechmedia.live</a></font></div>', NULL, NULL, NULL, NULL, NULL, 'Please contact us for any queries, were always happy to help.', 'Copyright 2024 Atech media. All right reserved.', NULL, NULL, '[\"product_information\",\"order_information\",\"button_content\",\"banner_image\"]', 1, 1, 1, 1, '2024-08-18 20:04:05', '2024-08-18 20:04:05'),
(15, 'account-activation', 'vendor', 'account-activation', 'Account Activation', '<div><b>Hi {vendorName},</b></div><div><b><br></b></div><div>Your account suspension has been revoked by admin. From now you can access your app and panel again Please contact us for any queries were always happy to help.</div><div><br></div><div>Meanwhile, click here to visit theAtech media shop website</div><div><font color=\"#0000ff\"> <a href=\"https://multivendor.atechmedia.live\" target=\"_blank\">https://multivendor.atechmedia.live</a></font></div>', NULL, NULL, NULL, NULL, NULL, 'Please contact us for any queries, were always happy to help.', 'Copyright 2024 Atech media. All right reserved.', NULL, NULL, '[\"product_information\",\"order_information\",\"button_content\",\"banner_image\"]', 1, 1, 1, 1, '2024-08-18 20:04:05', '2024-08-18 20:04:05'),
(16, 'forgot-password', 'vendor', 'forgot-password', 'Change Password Request', '<p><b>Hi {vendorName},</b></p><p>Please click the link below to change your password.</p>', NULL, NULL, NULL, NULL, NULL, 'Please contact us for any queries, were always happy to help.', 'Copyright 2024 Atech media. All right reserved.', NULL, NULL, '[\"product_information\",\"order_information\",\"button_content\",\"banner_image\"]', 1, 1, 1, 1, '2024-08-18 20:04:05', '2024-08-18 20:04:05'),
(17, 'order-received', 'vendor', 'order-received', 'New Order Received', '<p><b>Hi {vendorName},</b></p><p>We have sent you this email to notify that you have a new order.You will be able to see your orders after login to your panel.</p>', NULL, NULL, NULL, NULL, NULL, 'Please contact us for any queries, were always happy to help.', 'Copyright 2024 Atech media. All right reserved.', NULL, NULL, '[\"icon\",\"product_information\",\"button_content\",\"banner_image\"]', 1, 1, 1, 1, '2024-08-18 20:04:05', '2024-08-18 20:04:05'),
(18, 'reset-password-verification', 'delivery-man', 'reset-password-verification', 'OTP Verification For Password Reset', '<p><b>Hi {deliveryManName},</b></p><p>Your verification code is</p>', NULL, NULL, NULL, NULL, NULL, 'Please contact us for any queries, were always happy to help.', 'Copyright 2024 Atech media. All right reserved.', NULL, NULL, '[\"product_information\",\"order_information\",\"button_content\",\"banner_image\"]', 1, 1, 1, 1, '2024-08-18 20:04:05', '2024-08-18 20:04:05');

-- --------------------------------------------------------

--
-- Table structure for table `emergency_contacts`
--

CREATE TABLE `emergency_contacts` (
  `id` bigint(20) UNSIGNED NOT NULL,
  `user_id` bigint(20) NOT NULL,
  `name` varchar(191) NOT NULL,
  `country_code` varchar(20) DEFAULT NULL,
  `phone` varchar(25) NOT NULL,
  `status` tinyint(1) NOT NULL,
  `created_at` timestamp NULL DEFAULT NULL,
  `updated_at` timestamp NULL DEFAULT NULL
) ENGINE=InnoDB DEFAULT CHARSET=utf8mb4 COLLATE=utf8mb4_unicode_ci;

-- --------------------------------------------------------

--
-- Table structure for table `error_logs`
--

CREATE TABLE `error_logs` (
  `id` bigint(20) UNSIGNED NOT NULL,
  `status_code` int(11) NOT NULL,
  `url` varchar(255) NOT NULL,
  `hit_counts` int(11) NOT NULL DEFAULT 0,
  `redirect_url` varchar(255) DEFAULT NULL,
  `redirect_status` varchar(255) DEFAULT NULL,
  `created_at` timestamp NULL DEFAULT NULL,
  `updated_at` timestamp NULL DEFAULT NULL
) ENGINE=InnoDB DEFAULT CHARSET=utf8mb4 COLLATE=utf8mb4_unicode_ci;

--
-- Dumping data for table `error_logs`
--

INSERT INTO `error_logs` (`id`, `status_code`, `url`, `hit_counts`, `redirect_url`, `redirect_status`, `created_at`, `updated_at`) VALUES
(1, 404, 'https://multivendor.atechmedia.live/assets/img/media/form-bg.png', 1, NULL, NULL, '2024-08-18 20:05:31', '2024-08-18 20:05:31'),
(2, 404, 'https://multivendor.atechmedia.live/admin/messages/new-notification', 64, NULL, NULL, '2024-08-18 20:12:00', '2024-08-18 20:46:47'),
(3, 404, 'https://multivendor.atechmedia.live/admin/orders/get-order-data', 131, NULL, NULL, '2024-08-18 20:12:00', '2024-08-18 20:46:47'),
(4, 404, 'https://multivendor.atechmedia.live/admin/products/stock-limit-status/in_house', 5, NULL, NULL, '2024-08-18 20:15:03', '2024-08-18 20:45:47'),
(5, 404, 'https://multivendor.atechmedia.live/admin/dashboard', 3, NULL, NULL, '2024-08-18 22:00:58', '2024-08-18 22:28:44'),
(6, 404, 'https://multivendor.atechmedia.live/ads.txt', 2, NULL, NULL, '2024-08-24 22:57:09', '2024-09-30 17:19:54'),
(7, 404, 'https://multivendor.atechmedia.live/public/assets/front-end/vendor/drift-zoom/dist/Drift.min.js.map', 1, NULL, NULL, '2024-09-19 11:51:19', '2024-09-19 11:51:19'),
(8, 404, 'https://multivendor.atechmedia.live/public/assets/back-end/js/toastr.js.map', 1, NULL, NULL, '2024-09-19 11:51:20', '2024-09-19 11:51:20'),
(9, 404, 'https://multivendor.atechmedia.live/public/assets/front-end/vendor/bootstrap/dist/js/bootstrap.bundle.min.js.map', 1, NULL, NULL, '2024-09-19 11:51:21', '2024-09-19 11:51:21'),
(10, 404, 'https://multivendor.atechmedia.live/public/assets/front-end/vendor/tiny-slider/dist/sourcemaps/tiny-slider.js.map', 1, NULL, NULL, '2024-09-19 11:51:22', '2024-09-19 11:51:22'),
(11, 404, 'https://multivendor.atechmedia.live/public/assets/front-end/vendor/bs-custom-file-input/dist/bs-custom-file-input.min.js.map', 1, NULL, NULL, '2024-09-19 11:51:22', '2024-09-19 11:51:22'),
(12, 404, 'https://multivendor.atechmedia.live/public/js/lightbox.min.map', 1, NULL, NULL, '2024-09-19 11:51:23', '2024-09-19 11:51:23'),
(13, 404, 'https://multivendor.atechmedia.live/admin/products/dummy', 2, NULL, NULL, '2024-09-25 05:23:36', '2024-09-25 05:26:32'),
(14, 404, 'https://multivendor.atechmedia.live/public/assets/back-end/img/icons/product-upload-icon.svg-dummy', 2, NULL, NULL, '2024-09-25 05:23:36', '2024-09-25 05:26:32'),
(15, 404, 'https://multivendor.atechmedia.live/metrics', 1, NULL, NULL, '2024-10-16 09:42:52', '2024-10-16 09:42:52'),
(16, 404, 'https://multivendor.atechmedia.live//multivendor.atechmedia.live/public/assets/front-end/js/theme.js', 16, NULL, NULL, '2024-10-18 06:58:48', '2024-10-20 03:19:16'),
(17, 404, 'https://multivendor.atechmedia.live//multivendor.atechmedia.live/public/assets/front-end/js/sweet_alert.js', 16, NULL, NULL, '2024-10-18 06:58:48', '2024-10-20 03:19:17'),
(18, 404, 'https://multivendor.atechmedia.live//multivendor.atechmedia.live/public/assets/back-end/js/toastr.js', 16, NULL, NULL, '2024-10-18 06:58:48', '2024-10-20 03:19:17'),
(19, 404, 'https://multivendor.atechmedia.live//multivendor.atechmedia.live/public/assets/front-end/js/slick.js', 16, NULL, NULL, '2024-10-18 06:58:48', '2024-10-20 03:19:16'),
(20, 404, 'https://multivendor.atechmedia.live//multivendor.atechmedia.live/public/assets/front-end/vendor/bootstrap/dist/js/bootstrap.bundle.min.js', 16, NULL, NULL, '2024-10-18 06:58:48', '2024-10-20 03:19:16'),
(21, 404, 'https://multivendor.atechmedia.live//multivendor.atechmedia.live/public/assets/front-end/vendor/bs-custom-file-input/dist/bs-custom-file-input.min.js', 16, NULL, NULL, '2024-10-18 06:58:48', '2024-10-20 03:19:17'),
(22, 404, 'https://multivendor.atechmedia.live//multivendor.atechmedia.live/public/assets/front-end/vendor/drift-zoom/dist/Drift.min.js', 16, NULL, NULL, '2024-10-18 06:58:48', '2024-10-20 03:19:16'),
(23, 404, 'https://multivendor.atechmedia.live//multivendor.atechmedia.live/public/assets/front-end/vendor/jquery/dist/jquery-2.2.4.min.js', 16, NULL, NULL, '2024-10-18 06:58:48', '2024-10-20 03:19:17'),
(24, 404, 'https://multivendor.atechmedia.live//multivendor.atechmedia.live/public/assets/front-end/vendor/lg-video.js/dist/lg-video.min.js', 16, NULL, NULL, '2024-10-18 06:58:48', '2024-10-20 03:19:17'),
(25, 404, 'https://multivendor.atechmedia.live//multivendor.atechmedia.live/public/assets/front-end/vendor/tiny-slider/dist/min/tiny-slider.js', 16, NULL, NULL, '2024-10-18 06:58:48', '2024-10-20 03:19:17'),
(26, 404, 'https://multivendor.atechmedia.live//multivendor.atechmedia.live/public/assets/front-end/vendor/lightgallery.js', 16, NULL, NULL, '2024-10-18 06:58:48', '2024-10-20 03:19:17'),
(27, 404, 'https://multivendor.atechmedia.live//multivendor.atechmedia.live/public/js/lightbox.min.js', 16, NULL, NULL, '2024-10-18 06:58:48', '2024-10-20 03:19:17'),
(28, 404, 'https://multivendor.atechmedia.live//multivendor.atechmedia.live/public/assets/front-end/vendor/simplebar/dist/simplebar.min.js', 16, NULL, NULL, '2024-10-18 06:58:48', '2024-10-20 03:19:17'),
(29, 404, 'https://multivendor.atechmedia.live//multivendor.atechmedia.live/public/assets/front-end/vendor/smooth-scroll/dist/smooth-scroll.polyfills.min.js', 16, NULL, NULL, '2024-10-18 06:58:48', '2024-10-20 03:19:17'),
(30, 404, 'https://multivendor.atechmedia.live//multivendor.atechmedia.live/public/assets/front-end/vendor/lightgallery.js/dist/js/lightgallery.min.js', 16, NULL, NULL, '2024-10-18 06:58:48', '2024-10-20 03:19:17'),
(31, 404, 'https://multivendor.atechmedia.live//multivendor.atechmedia.live/public/assets/front-end/js/custom.js', 16, NULL, NULL, '2024-10-18 06:58:48', '2024-10-20 03:19:18'),
(32, 404, 'https://multivendor.atechmedia.live//multivendor.atechmedia.live/public/assets/front-end/js/home.js', 16, NULL, NULL, '2024-10-18 06:58:48', '2024-10-20 03:19:17'),
(33, 404, 'https://multivendor.atechmedia.live//multivendor.atechmedia.live/public/assets/front-end/js/owl.carousel.min.js', 16, NULL, NULL, '2024-10-18 06:58:48', '2024-10-20 03:19:17'),
(34, 404, 'https://multivendor.atechmedia.live/customer/auth/facebook.com', 1, NULL, NULL, '2024-10-18 05:40:41', '2024-10-18 05:40:41'),
(35, 404, 'https://multivendor.atechmedia.live/wp-admin/setup-config.php?step=1', 1, NULL, NULL, '2024-10-18 22:57:09', '2024-10-18 22:57:09'),
(36, 404, 'https://multivendor.atechmedia.live/wordpress/wp-admin/setup-config.php?step=1', 1, NULL, NULL, '2024-10-18 22:57:10', '2024-10-18 22:57:10'),
(37, 404, 'http://127.0.0.1:8000/admin', 1, NULL, NULL, '2024-11-25 08:51:21', '2024-11-25 08:51:21'),
(38, 404, 'http://127.0.0.1:8000/assets/img/media/form-bg.png', 1, NULL, NULL, '2024-11-25 09:20:32', '2024-11-25 09:20:32');

-- --------------------------------------------------------

--
-- Table structure for table `failed_jobs`
--

CREATE TABLE `failed_jobs` (
  `id` bigint(20) UNSIGNED NOT NULL,
  `connection` text NOT NULL,
  `queue` text NOT NULL,
  `payload` longtext NOT NULL,
  `exception` longtext NOT NULL,
  `failed_at` timestamp NOT NULL DEFAULT current_timestamp()
) ENGINE=InnoDB DEFAULT CHARSET=utf8mb4 COLLATE=utf8mb4_unicode_ci;

-- --------------------------------------------------------

--
-- Table structure for table `feature_deals`
--

CREATE TABLE `feature_deals` (
  `id` bigint(20) UNSIGNED NOT NULL,
  `url` varchar(191) DEFAULT NULL,
  `photo` varchar(191) DEFAULT NULL,
  `status` tinyint(1) NOT NULL DEFAULT 0,
  `created_at` timestamp NULL DEFAULT NULL,
  `updated_at` timestamp NULL DEFAULT NULL
) ENGINE=InnoDB DEFAULT CHARSET=utf8mb4 COLLATE=utf8mb4_unicode_ci;

-- --------------------------------------------------------

--
-- Table structure for table `flash_deals`
--

CREATE TABLE `flash_deals` (
  `id` bigint(20) UNSIGNED NOT NULL,
  `title` varchar(150) DEFAULT NULL,
  `start_date` date DEFAULT NULL,
  `end_date` date DEFAULT NULL,
  `status` tinyint(1) NOT NULL DEFAULT 0,
  `featured` tinyint(1) NOT NULL DEFAULT 0,
  `background_color` varchar(255) DEFAULT NULL,
  `text_color` varchar(255) DEFAULT NULL,
  `banner` varchar(100) DEFAULT NULL,
  `slug` varchar(255) DEFAULT NULL,
  `created_at` timestamp NULL DEFAULT NULL,
  `updated_at` timestamp NULL DEFAULT NULL,
  `product_id` int(11) DEFAULT NULL,
  `deal_type` varchar(191) DEFAULT NULL
) ENGINE=InnoDB DEFAULT CHARSET=utf8mb4 COLLATE=utf8mb4_unicode_ci;

-- --------------------------------------------------------

--
-- Table structure for table `flash_deal_products`
--

CREATE TABLE `flash_deal_products` (
  `id` bigint(20) UNSIGNED NOT NULL,
  `flash_deal_id` bigint(20) DEFAULT NULL,
  `product_id` bigint(20) DEFAULT NULL,
  `discount` decimal(8,2) NOT NULL DEFAULT 0.00,
  `discount_type` varchar(20) DEFAULT NULL,
  `created_at` timestamp NULL DEFAULT NULL,
  `updated_at` timestamp NULL DEFAULT NULL
) ENGINE=InnoDB DEFAULT CHARSET=utf8mb4 COLLATE=utf8mb4_unicode_ci;

-- --------------------------------------------------------

--
-- Table structure for table `guest_users`
--

CREATE TABLE `guest_users` (
  `id` bigint(20) UNSIGNED NOT NULL,
  `ip_address` varchar(255) DEFAULT NULL,
  `fcm_token` varchar(255) DEFAULT NULL,
  `created_at` timestamp NULL DEFAULT NULL,
  `updated_at` timestamp NULL DEFAULT NULL
) ENGINE=InnoDB DEFAULT CHARSET=utf8mb4 COLLATE=utf8mb4_unicode_ci;

--
-- Dumping data for table `guest_users`
--

INSERT INTO `guest_users` (`id`, `ip_address`, `fcm_token`, `created_at`, `updated_at`) VALUES
(1, '::1', NULL, '2024-02-19 08:35:50', NULL),
(2, '::1', NULL, '2024-03-27 03:10:49', NULL),
(3, '::1', NULL, '2024-03-27 03:12:35', NULL),
(4, '::1', NULL, '2024-05-18 10:57:05', NULL),
(5, '103.103.43.161', NULL, '2024-08-18 20:04:18', '2024-08-18 20:04:18'),
(6, '103.103.43.161', NULL, '2024-08-18 20:12:03', '2024-08-18 20:12:03'),
(7, '64.15.129.124', NULL, '2024-08-18 20:32:30', '2024-08-18 20:32:30'),
(8, '192.175.111.238', NULL, '2024-08-18 20:32:33', '2024-08-18 20:32:33'),
(9, '192.175.111.233', NULL, '2024-08-18 20:32:36', '2024-08-18 20:32:36'),
(10, '192.175.111.235', NULL, '2024-08-18 20:32:38', '2024-08-18 20:32:38'),
(11, '69.4.87.74', NULL, '2024-08-18 22:05:37', '2024-08-18 22:05:37'),
(12, '93.119.227.91', NULL, '2024-08-18 22:27:24', '2024-08-18 22:27:24'),
(13, '52.16.245.145', NULL, '2024-08-18 22:29:04', '2024-08-18 22:29:04'),
(14, '52.16.245.145', NULL, '2024-08-18 22:29:05', '2024-08-18 22:29:05'),
(15, '52.16.245.145', NULL, '2024-08-18 22:29:10', '2024-08-18 22:29:10'),
(16, '47.242.224.70', NULL, '2024-08-19 03:29:23', '2024-08-19 03:29:23'),
(17, '2a02:4780:11:c0de::21', NULL, '2024-08-19 06:02:18', '2024-08-19 06:02:18'),
(18, '2a06:4880:d000::fc', NULL, '2024-08-20 00:26:11', '2024-08-20 00:26:11'),
(19, '2a02:4780:11:c0de::21', NULL, '2024-08-20 06:02:18', '2024-08-20 06:02:18'),
(20, '183.129.153.157', NULL, '2024-08-20 07:54:46', '2024-08-20 07:54:46'),
(21, '2a01:4f9:c012:6365::1', NULL, '2024-08-20 20:33:34', '2024-08-20 20:33:34'),
(22, '2a02:4780:11:c0de::21', NULL, '2024-08-21 06:02:18', '2024-08-21 06:02:18'),
(23, '209.97.133.29', NULL, '2024-08-21 13:21:11', '2024-08-21 13:21:11'),
(24, '2a02:4780:11:c0de::21', NULL, '2024-08-22 06:02:18', '2024-08-22 06:02:18'),
(25, '207.241.225.114', NULL, '2024-08-22 07:03:52', '2024-08-22 07:03:52'),
(26, '2a02:4780:11:c0de::21', NULL, '2024-08-23 06:02:18', '2024-08-23 06:02:18'),
(27, '2a02:4780:11:c0de::21', NULL, '2024-08-24 06:02:18', '2024-08-24 06:02:18'),
(28, '35.206.90.132', NULL, '2024-08-24 22:56:53', '2024-08-24 22:56:53'),
(29, '35.206.90.132', NULL, '2024-08-24 22:57:02', '2024-08-24 22:57:02'),
(30, '35.206.90.132', NULL, '2024-08-24 22:57:02', '2024-08-24 22:57:02'),
(31, '2a02:4780:11:c0de::21', NULL, '2024-08-25 08:25:41', '2024-08-25 08:25:41'),
(32, '46.17.174.173', NULL, '2024-08-26 03:59:03', '2024-08-26 03:59:03'),
(33, '2a02:4780:11:c0de::21', NULL, '2024-08-26 08:25:40', '2024-08-26 08:25:40'),
(34, '2a02:4780:11:c0de::21', NULL, '2024-08-27 08:25:40', '2024-08-27 08:25:40'),
(35, '2a02:4780:11:c0de::21', NULL, '2024-08-28 08:25:40', '2024-08-28 08:25:40'),
(36, '138.68.171.119', NULL, '2024-08-28 10:46:12', '2024-08-28 10:46:12'),
(37, '2a02:4780:11:c0de::21', NULL, '2024-08-29 08:25:40', '2024-08-29 08:25:40'),
(38, '2a02:4780:11:c0de::21', NULL, '2024-09-01 06:14:00', '2024-09-01 06:14:00'),
(39, '46.17.174.193', NULL, '2024-09-01 09:02:35', '2024-09-01 09:02:35'),
(40, '2a02:4780:11:c0de::21', NULL, '2024-09-02 06:14:00', '2024-09-02 06:14:00'),
(41, '2a02:4780:11:c0de::21', NULL, '2024-09-03 06:14:01', '2024-09-03 06:14:01'),
(42, '3.250.145.124', NULL, '2024-09-03 23:40:58', '2024-09-03 23:40:58'),
(43, '2a02:4780:11:c0de::21', NULL, '2024-09-04 06:14:01', '2024-09-04 06:14:01'),
(44, '2a02:4780:11:c0de::21', NULL, '2024-09-05 06:14:01', '2024-09-05 06:14:01'),
(45, '2a02:4780:11:c0de::21', NULL, '2024-09-07 06:14:00', '2024-09-07 06:14:00'),
(46, '46.17.174.174', NULL, '2024-09-08 06:04:53', '2024-09-08 06:04:53'),
(47, '104.236.197.136', NULL, '2024-09-08 14:14:52', '2024-09-08 14:14:52'),
(48, '2a02:4780:11:c0de::21', NULL, '2024-09-08 17:41:24', '2024-09-08 17:41:24'),
(49, '205.169.39.22', NULL, '2024-09-08 19:09:15', '2024-09-08 19:09:15'),
(50, '3.16.50.169', NULL, '2024-09-09 00:47:57', '2024-09-09 00:47:57'),
(51, '3.16.50.169', NULL, '2024-09-09 07:10:46', '2024-09-09 07:10:46'),
(52, '46.17.174.193', NULL, '2024-09-09 14:11:26', '2024-09-09 14:11:26'),
(53, '2a02:4780:11:c0de::21', NULL, '2024-09-09 17:41:25', '2024-09-09 17:41:25'),
(54, '134.209.150.148', NULL, '2024-09-10 12:30:06', '2024-09-10 12:30:06'),
(55, '143.198.145.254', NULL, '2024-09-10 14:18:28', '2024-09-10 14:18:28'),
(56, '2a02:4780:11:c0de::21', NULL, '2024-09-11 17:41:24', '2024-09-11 17:41:24'),
(57, '137.184.179.76', NULL, '2024-09-11 18:15:54', '2024-09-11 18:15:54'),
(58, '2a02:4780:11:c0de::21', NULL, '2024-09-12 17:41:24', '2024-09-12 17:41:24'),
(59, '2a02:4780:11:c0de::21', NULL, '2024-09-13 17:41:24', '2024-09-13 17:41:24'),
(60, '2a02:4780:11:c0de::21', NULL, '2024-09-14 17:41:24', '2024-09-14 17:41:24'),
(61, '2a02:4780:11:c0de::21', NULL, '2024-09-15 11:11:45', '2024-09-15 11:11:45'),
(62, '2a02:4780:11:c0de::21', NULL, '2024-09-16 11:11:45', '2024-09-16 11:11:45'),
(63, '2a02:4780:11:c0de::21', NULL, '2024-09-17 11:11:44', '2024-09-17 11:11:44'),
(64, '2a02:4780:11:c0de::21', NULL, '2024-09-19 11:11:45', '2024-09-19 11:11:45'),
(65, '35.226.10.50', NULL, '2024-09-19 11:51:17', '2024-09-19 11:51:17'),
(66, '2a02:4780:11:c0de::21', NULL, '2024-09-20 11:11:45', '2024-09-20 11:11:45'),
(67, '2a02:4780:11:c0de::21', NULL, '2024-09-22 17:51:30', '2024-09-22 17:51:30'),
(68, '2a02:4780:11:c0de::21', NULL, '2024-09-23 17:51:30', '2024-09-23 17:51:30'),
(69, '2a02:4780:11:c0de::21', NULL, '2024-09-24 17:51:31', '2024-09-24 17:51:31'),
(70, '103.163.254.118', NULL, '2024-09-25 05:21:09', '2024-09-25 05:21:09'),
(71, '159.65.240.11', NULL, '2024-09-25 08:16:31', '2024-09-25 08:16:31'),
(72, '2a02:4780:11:c0de::21', NULL, '2024-09-25 17:51:31', '2024-09-25 17:51:31'),
(73, '2a02:4780:11:c0de::21', NULL, '2024-09-26 17:51:31', '2024-09-26 17:51:31'),
(74, '2a02:4780:11:c0de::21', NULL, '2024-09-27 17:51:31', '2024-09-27 17:51:31'),
(75, '192.200.113.156', NULL, '2024-09-28 10:29:17', '2024-09-28 10:29:17'),
(76, '2a02:4780:11:c0de::21', NULL, '2024-09-28 17:51:30', '2024-09-28 17:51:30'),
(77, '2a06:4880:1000::e', NULL, '2024-09-29 16:31:00', '2024-09-29 16:31:00'),
(78, '2a02:4780:11:c0de::21', NULL, '2024-09-29 19:58:54', '2024-09-29 19:58:54'),
(79, '2a06:4880:7000::8f', NULL, '2024-09-30 07:29:25', '2024-09-30 07:29:25'),
(80, '35.207.5.150', NULL, '2024-09-30 17:19:37', '2024-09-30 17:19:37'),
(81, '35.207.5.150', NULL, '2024-09-30 17:19:47', '2024-09-30 17:19:47'),
(82, '35.207.5.150', NULL, '2024-09-30 17:19:47', '2024-09-30 17:19:47'),
(83, '2a02:4780:11:c0de::21', NULL, '2024-09-30 19:58:53', '2024-09-30 19:58:53'),
(84, '2a02:4780:11:c0de::21', NULL, '2024-10-01 19:58:54', '2024-10-01 19:58:54'),
(85, '2a02:4780:11:c0de::21', NULL, '2024-10-02 19:58:55', '2024-10-02 19:58:55'),
(86, '2a02:4780:11:c0de::21', NULL, '2024-10-03 19:58:56', '2024-10-03 19:58:56'),
(87, '2a02:4780:11:c0de::21', NULL, '2024-10-04 19:58:56', '2024-10-04 19:58:56'),
(88, '2a02:4780:11:c0de::21', NULL, '2024-10-05 19:58:57', '2024-10-05 19:58:57'),
(89, '35.171.144.152', NULL, '2024-10-05 22:25:43', '2024-10-05 22:25:43'),
(90, '2a02:4780:11:c0de::21', NULL, '2024-10-06 11:00:56', '2024-10-06 11:00:56'),
(91, '2a02:4780:11:c0de::21', NULL, '2024-10-07 11:00:55', '2024-10-07 11:00:55'),
(92, '3.253.160.47', NULL, '2024-10-07 16:06:13', '2024-10-07 16:06:13'),
(93, '2a02:4780:11:c0de::21', NULL, '2024-10-07 19:42:41', '2024-10-07 19:42:41'),
(94, '3.249.136.114', NULL, '2024-10-08 00:27:14', '2024-10-08 00:27:14'),
(95, '2a02:4780:11:c0de::21', NULL, '2024-10-08 00:45:03', '2024-10-08 00:45:03'),
(96, '2a02:4780:11:c0de::21', NULL, '2024-10-09 00:45:06', '2024-10-09 00:45:06'),
(97, '2a02:4780:11:c0de::21', NULL, '2024-10-09 11:30:43', '2024-10-09 11:30:43'),
(98, '2a02:4780:11:c0de::21', NULL, '2024-10-09 13:42:23', '2024-10-09 13:42:23'),
(99, '2a02:4780:11:c0de::21', NULL, '2024-10-09 15:44:29', '2024-10-09 15:44:29'),
(100, '138.197.150.19', NULL, '2024-10-09 16:02:51', '2024-10-09 16:02:51'),
(101, '2a02:4780:11:c0de::21', NULL, '2024-10-10 01:53:19', '2024-10-10 01:53:19'),
(102, '46.17.174.193', NULL, '2024-10-10 04:08:04', '2024-10-10 04:08:04'),
(103, '2a02:4780:11:c0de::21', NULL, '2024-10-11 01:53:18', '2024-10-11 01:53:18'),
(104, '2a02:4780:11:c0de::21', NULL, '2024-10-11 04:50:14', '2024-10-11 04:50:14'),
(105, '2a02:4780:11:c0de::21', NULL, '2024-10-11 22:13:15', '2024-10-11 22:13:15'),
(106, '2a02:4780:11:c0de::21', NULL, '2024-10-12 08:14:14', '2024-10-12 08:14:14'),
(107, '2a02:4780:11:c0de::21', NULL, '2024-10-13 15:07:54', '2024-10-13 15:07:54'),
(108, '2a02:4780:11:c0de::21', NULL, '2024-10-14 07:21:14', '2024-10-14 07:21:14'),
(109, '2a02:4780:11:c0de::21', NULL, '2024-10-15 18:27:33', '2024-10-15 18:27:33'),
(110, '2a02:4780:11:c0de::21', NULL, '2024-10-16 08:42:13', '2024-10-16 08:42:13'),
(111, '2a02:4780:11:c0de::21', NULL, '2024-10-17 14:33:24', '2024-10-17 14:33:24'),
(112, '2a03:b0c0:3:d0::12f7:9001', NULL, '2024-10-17 18:35:39', '2024-10-17 18:35:39'),
(113, '154.28.229.184', NULL, '2024-10-17 18:35:55', '2024-10-17 18:35:55'),
(114, '154.28.229.91', NULL, '2024-10-17 18:35:55', '2024-10-17 18:35:55'),
(115, '34.123.170.104', NULL, '2024-10-17 18:37:26', '2024-10-17 18:37:26'),
(116, '205.169.39.140', NULL, '2024-10-17 18:37:36', '2024-10-17 18:37:36'),
(117, '205.169.39.140', NULL, '2024-10-17 18:38:20', '2024-10-17 18:38:20'),
(118, '2a01:4f8:10a:2d6::2', NULL, '2024-10-17 18:40:11', '2024-10-17 18:40:11'),
(119, '205.169.39.29', NULL, '2024-10-17 20:47:00', '2024-10-17 20:47:00'),
(120, '133.242.174.119', NULL, '2024-10-17 21:36:13', '2024-10-17 21:36:13'),
(121, '47.242.224.70', NULL, '2024-10-18 02:36:08', '2024-10-18 02:36:08'),
(122, '66.115.189.219', NULL, '2024-10-18 05:02:16', '2024-10-18 05:02:16'),
(123, '171.244.43.14', NULL, '2024-10-18 06:36:55', '2024-10-18 06:36:55'),
(124, '18.212.136.31', NULL, '2024-10-18 06:58:32', '2024-10-18 06:58:32'),
(125, '103.163.254.118', NULL, '2024-10-18 05:38:32', '2024-10-18 05:38:32'),
(126, '104.164.173.112', NULL, '2024-10-18 06:45:40', '2024-10-18 06:45:40'),
(127, '104.164.173.175', NULL, '2024-10-18 06:45:40', '2024-10-18 06:45:40'),
(128, '171.244.43.14', NULL, '2024-10-18 15:24:33', '2024-10-18 15:24:33'),
(129, '34.222.215.164', NULL, '2024-10-18 16:52:57', '2024-10-18 16:52:57'),
(130, '2a02:4780:11:c0de::21', NULL, '2024-10-18 17:28:52', '2024-10-18 17:28:52'),
(131, '18.216.163.211', NULL, '2024-10-18 23:38:47', '2024-10-18 23:38:47'),
(132, '5.255.231.78', NULL, '2024-10-19 06:46:23', '2024-10-19 06:46:23'),
(133, '2a02:4780:11:c0de::21', NULL, '2024-10-19 08:38:14', '2024-10-19 08:38:14'),
(134, '95.108.213.137', NULL, '2024-10-19 12:47:39', '2024-10-19 12:47:39'),
(135, '35.171.144.152', NULL, '2024-10-19 13:19:50', '2024-10-19 13:19:50'),
(136, '35.171.144.152', NULL, '2024-10-19 13:19:51', '2024-10-19 13:19:51'),
(137, '18.212.136.31', NULL, '2024-10-20 03:15:41', '2024-10-20 03:15:41'),
(138, '205.169.39.5', NULL, '2024-10-20 05:01:17', '2024-10-20 05:01:17'),
(139, '209.38.68.86', NULL, '2024-10-20 08:05:03', '2024-10-20 08:05:03'),
(140, '2a02:4780:11:c0de::21', NULL, '2024-10-20 11:06:32', '2024-10-20 11:06:32'),
(141, '2a02:4780:11:c0de::21', NULL, '2024-10-21 17:18:55', '2024-10-21 17:18:55'),
(142, '138.68.75.112', NULL, '2024-10-22 07:05:38', '2024-10-22 07:05:38'),
(143, '2a02:4780:11:c0de::21', NULL, '2024-10-22 08:21:43', '2024-10-22 08:21:43'),
(144, '2a02:4780:11:c0de::21', NULL, '2024-10-23 01:35:01', '2024-10-23 01:35:01'),
(145, '64.23.148.218', NULL, '2024-10-23 06:38:31', '2024-10-23 06:38:31'),
(146, '2a02:4780:11:c0de::21', NULL, '2024-10-24 01:02:11', '2024-10-24 01:02:11'),
(147, '159.223.195.216', NULL, '2024-10-24 07:38:38', '2024-10-24 07:38:38'),
(148, '2a02:4780:11:c0de::21', NULL, '2024-10-25 00:07:42', '2024-10-25 00:07:42'),
(149, '18.220.24.69', NULL, '2024-10-26 13:05:55', '2024-10-26 13:05:55'),
(150, '103.163.254.118', NULL, '2024-10-26 15:51:15', '2024-10-26 15:51:15'),
(151, '127.0.0.1', NULL, '2024-11-25 08:48:55', '2024-11-25 08:48:55'),
(152, '127.0.0.1', NULL, '2024-11-25 09:06:25', '2024-11-25 09:06:25'),
(153, '127.0.0.1', NULL, '2024-11-25 10:36:38', '2024-11-25 10:36:38'),
(154, '127.0.0.1', NULL, '2024-11-25 10:50:39', '2024-11-25 10:50:39');

-- --------------------------------------------------------

--
-- Table structure for table `help_topics`
--

CREATE TABLE `help_topics` (
  `id` bigint(20) UNSIGNED NOT NULL,
  `type` varchar(191) NOT NULL DEFAULT 'default',
  `question` text DEFAULT NULL,
  `answer` text DEFAULT NULL,
  `ranking` int(11) NOT NULL DEFAULT 1,
  `status` tinyint(1) NOT NULL DEFAULT 1,
  `created_at` timestamp NULL DEFAULT NULL,
  `updated_at` timestamp NULL DEFAULT NULL
) ENGINE=InnoDB DEFAULT CHARSET=utf8mb4 COLLATE=utf8mb4_unicode_ci;

--
-- Dumping data for table `help_topics`
--

INSERT INTO `help_topics` (`id`, `type`, `question`, `answer`, `ranking`, `status`, `created_at`, `updated_at`) VALUES
(1, 'vendor_registration', 'How do I register as a seller?', 'To register, click on the \"Sign Up\" button, fill in your details, and verify your account via email.', 1, 1, NULL, NULL),
(2, 'vendor_registration', 'What are the fees for selling?', 'Our platform charges a small commission on each sale. There are no upfront listing fees.', 2, 1, NULL, NULL),
(3, 'vendor_registration', 'How do I upload products?', 'Log in to your seller account, go to the \"Upload Products\" section, and fill in the product details and images.', 3, 1, NULL, NULL),
(4, 'vendor_registration', 'How do I handle customer inquiries?', 'You can manage customer inquiries directly through our platform\'s messaging system, ensuring quick and efficient communication.', 4, 1, NULL, NULL),
(5, 'vendor_registration', 'How do I register as a seller?', 'To register, click on the \"Sign Up\" button, fill in your details, and verify your account via email.', 1, 1, NULL, NULL),
(6, 'vendor_registration', 'What are the fees for selling?', 'Our platform charges a small commission on each sale. There are no upfront listing fees.', 2, 1, NULL, NULL),
(7, 'vendor_registration', 'How do I upload products?', 'Log in to your seller account, go to the \"Upload Products\" section, and fill in the product details and images.', 3, 1, NULL, NULL),
(8, 'vendor_registration', 'How do I handle customer inquiries?', 'You can manage customer inquiries directly through our platform\'s messaging system, ensuring quick and efficient communication.', 4, 1, NULL, NULL);

-- --------------------------------------------------------

--
-- Table structure for table `jobs`
--

CREATE TABLE `jobs` (
  `id` bigint(20) UNSIGNED NOT NULL,
  `queue` varchar(191) NOT NULL,
  `payload` longtext NOT NULL,
  `attempts` tinyint(3) UNSIGNED NOT NULL,
  `reserved_at` int(10) UNSIGNED DEFAULT NULL,
  `available_at` int(10) UNSIGNED NOT NULL,
  `created_at` int(10) UNSIGNED NOT NULL
) ENGINE=InnoDB DEFAULT CHARSET=utf8mb4 COLLATE=utf8mb4_unicode_ci;

-- --------------------------------------------------------

--
-- Table structure for table `loyalty_point_transactions`
--

CREATE TABLE `loyalty_point_transactions` (
  `id` bigint(20) UNSIGNED NOT NULL,
  `user_id` bigint(20) UNSIGNED DEFAULT NULL,
  `transaction_id` char(36) NOT NULL,
  `credit` decimal(24,3) NOT NULL DEFAULT 0.000,
  `debit` decimal(24,3) NOT NULL DEFAULT 0.000,
  `balance` decimal(24,3) NOT NULL DEFAULT 0.000,
  `reference` varchar(191) DEFAULT NULL,
  `transaction_type` varchar(191) DEFAULT NULL,
  `created_at` timestamp NULL DEFAULT NULL,
  `updated_at` timestamp NULL DEFAULT NULL
) ENGINE=InnoDB DEFAULT CHARSET=utf8mb4 COLLATE=utf8mb4_unicode_ci;

-- --------------------------------------------------------

--
-- Table structure for table `migrations`
--

CREATE TABLE `migrations` (
  `id` int(10) UNSIGNED NOT NULL,
  `migration` varchar(191) NOT NULL,
  `batch` int(11) NOT NULL
) ENGINE=InnoDB DEFAULT CHARSET=utf8mb4 COLLATE=utf8mb4_unicode_ci;

--
-- Dumping data for table `migrations`
--

INSERT INTO `migrations` (`id`, `migration`, `batch`) VALUES
(1, '2014_10_12_000000_create_users_table', 1),
(2, '2014_10_12_100000_create_password_resets_table', 1),
(3, '2019_08_19_000000_create_failed_jobs_table', 1),
(4, '2020_09_08_105159_create_admins_table', 1),
(5, '2020_09_08_111837_create_admin_roles_table', 1),
(6, '2020_09_16_142451_create_categories_table', 2),
(7, '2020_09_16_181753_create_categories_table', 3),
(8, '2020_09_17_134238_create_brands_table', 4),
(9, '2020_09_17_203054_create_attributes_table', 5),
(10, '2020_09_19_112509_create_coupons_table', 6),
(11, '2020_09_19_161802_create_curriencies_table', 7),
(12, '2020_09_20_114509_create_sellers_table', 8),
(13, '2020_09_23_113454_create_shops_table', 9),
(14, '2020_09_23_115615_create_shops_table', 10),
(15, '2020_09_23_153822_create_shops_table', 11),
(16, '2020_09_21_122817_create_products_table', 12),
(17, '2020_09_22_140800_create_colors_table', 12),
(18, '2020_09_28_175020_create_products_table', 13),
(19, '2020_09_28_180311_create_products_table', 14),
(20, '2020_10_04_105041_create_search_functions_table', 15),
(21, '2020_10_05_150730_create_customers_table', 15),
(22, '2020_10_08_133548_create_wishlists_table', 16),
(23, '2016_06_01_000001_create_oauth_auth_codes_table', 17),
(24, '2016_06_01_000002_create_oauth_access_tokens_table', 17),
(25, '2016_06_01_000003_create_oauth_refresh_tokens_table', 17),
(26, '2016_06_01_000004_create_oauth_clients_table', 17),
(27, '2016_06_01_000005_create_oauth_personal_access_clients_table', 17),
(28, '2020_10_06_133710_create_product_stocks_table', 17),
(29, '2020_10_06_134636_create_flash_deals_table', 17),
(30, '2020_10_06_134719_create_flash_deal_products_table', 17),
(31, '2020_10_08_115439_create_orders_table', 17),
(32, '2020_10_08_115453_create_order_details_table', 17),
(33, '2020_10_08_121135_create_shipping_addresses_table', 17),
(34, '2020_10_10_171722_create_business_settings_table', 17),
(35, '2020_09_19_161802_create_currencies_table', 18),
(36, '2020_10_12_152350_create_reviews_table', 18),
(37, '2020_10_12_161834_create_reviews_table', 19),
(38, '2020_10_12_180510_create_support_tickets_table', 20),
(39, '2020_10_14_140130_create_transactions_table', 21),
(40, '2020_10_14_143553_create_customer_wallets_table', 21),
(41, '2020_10_14_143607_create_customer_wallet_histories_table', 21),
(42, '2020_10_22_142212_create_support_ticket_convs_table', 21),
(43, '2020_10_24_234813_create_banners_table', 22),
(44, '2020_10_27_111557_create_shipping_methods_table', 23),
(45, '2020_10_27_114154_add_url_to_banners_table', 24),
(46, '2020_10_28_170308_add_shipping_id_to_order_details', 25),
(47, '2020_11_02_140528_add_discount_to_order_table', 26),
(48, '2020_11_03_162723_add_column_to_order_details', 27),
(49, '2020_11_08_202351_add_url_to_banners_table', 28),
(50, '2020_11_10_112713_create_help_topic', 29),
(51, '2020_11_10_141513_create_contacts_table', 29),
(52, '2020_11_15_180036_add_address_column_user_table', 30),
(53, '2020_11_18_170209_add_status_column_to_product_table', 31),
(54, '2020_11_19_115453_add_featured_status_product', 32),
(55, '2020_11_21_133302_create_deal_of_the_days_table', 33),
(56, '2020_11_20_172332_add_product_id_to_products', 34),
(57, '2020_11_27_234439_add__state_to_shipping_addresses', 34),
(58, '2020_11_28_091929_create_chattings_table', 35),
(59, '2020_12_02_011815_add_bank_info_to_sellers', 36),
(60, '2020_12_08_193234_create_social_medias_table', 37),
(61, '2020_12_13_122649_shop_id_to_chattings', 37),
(62, '2020_12_14_145116_create_seller_wallet_histories_table', 38),
(63, '2020_12_14_145127_create_seller_wallets_table', 38),
(64, '2020_12_15_174804_create_admin_wallets_table', 39),
(65, '2020_12_15_174821_create_admin_wallet_histories_table', 39),
(66, '2020_12_15_214312_create_feature_deals_table', 40),
(67, '2020_12_17_205712_create_withdraw_requests_table', 41),
(68, '2021_02_22_161510_create_notifications_table', 42),
(69, '2021_02_24_154706_add_deal_type_to_flash_deals', 43),
(70, '2021_03_03_204349_add_cm_firebase_token_to_users', 44),
(71, '2021_04_17_134848_add_column_to_order_details_stock', 45),
(72, '2021_05_12_155401_add_auth_token_seller', 46),
(73, '2021_06_03_104531_ex_rate_update', 47),
(74, '2021_06_03_222413_amount_withdraw_req', 48),
(75, '2021_06_04_154501_seller_wallet_withdraw_bal', 49),
(76, '2021_06_04_195853_product_dis_tax', 50),
(77, '2021_05_27_103505_create_product_translations_table', 51),
(78, '2021_06_17_054551_create_soft_credentials_table', 51),
(79, '2021_06_29_212549_add_active_col_user_table', 52),
(80, '2021_06_30_212619_add_col_to_contact', 53),
(81, '2021_07_01_160828_add_col_daily_needs_products', 54),
(82, '2021_07_04_182331_add_col_seller_sales_commission', 55),
(83, '2021_08_07_190655_add_seo_columns_to_products', 56),
(84, '2021_08_07_205913_add_col_to_category_table', 56),
(85, '2021_08_07_210808_add_col_to_shops_table', 56),
(86, '2021_08_14_205216_change_product_price_col_type', 56),
(87, '2021_08_16_201505_change_order_price_col', 56),
(88, '2021_08_16_201552_change_order_details_price_col', 56),
(89, '2019_09_29_154000_create_payment_cards_table', 57),
(90, '2021_08_17_213934_change_col_type_seller_earning_history', 57),
(91, '2021_08_17_214109_change_col_type_admin_earning_history', 57),
(92, '2021_08_17_214232_change_col_type_admin_wallet', 57),
(93, '2021_08_17_214405_change_col_type_seller_wallet', 57),
(94, '2021_08_22_184834_add_publish_to_products_table', 57),
(95, '2021_09_08_211832_add_social_column_to_users_table', 57),
(96, '2021_09_13_165535_add_col_to_user', 57),
(97, '2021_09_19_061647_add_limit_to_coupons_table', 57),
(98, '2021_09_20_020716_add_coupon_code_to_orders_table', 57),
(99, '2021_09_23_003059_add_gst_to_sellers_table', 57),
(100, '2021_09_28_025411_create_order_transactions_table', 57),
(101, '2021_10_02_185124_create_carts_table', 57),
(102, '2021_10_02_190207_create_cart_shippings_table', 57),
(103, '2021_10_03_194334_add_col_order_table', 57),
(104, '2021_10_03_200536_add_shipping_cost', 57),
(105, '2021_10_04_153201_add_col_to_order_table', 57),
(106, '2021_10_07_172701_add_col_cart_shop_info', 57),
(107, '2021_10_07_184442_create_phone_or_email_verifications_table', 57),
(108, '2021_10_07_185416_add_user_table_email_verified', 57),
(109, '2021_10_11_192739_add_transaction_amount_table', 57),
(110, '2021_10_11_200850_add_order_verification_code', 57),
(111, '2021_10_12_083241_add_col_to_order_transaction', 57),
(112, '2021_10_12_084440_add_seller_id_to_order', 57),
(113, '2021_10_12_102853_change_col_type', 57),
(114, '2021_10_12_110434_add_col_to_admin_wallet', 57),
(115, '2021_10_12_110829_add_col_to_seller_wallet', 57),
(116, '2021_10_13_091801_add_col_to_admin_wallets', 57),
(117, '2021_10_13_092000_add_col_to_seller_wallets_tax', 57),
(118, '2021_10_13_165947_rename_and_remove_col_seller_wallet', 57),
(119, '2021_10_13_170258_rename_and_remove_col_admin_wallet', 57),
(120, '2021_10_14_061603_column_update_order_transaction', 57),
(121, '2021_10_15_103339_remove_col_from_seller_wallet', 57),
(122, '2021_10_15_104419_add_id_col_order_tran', 57),
(123, '2021_10_15_213454_update_string_limit', 57),
(124, '2021_10_16_234037_change_col_type_translation', 57),
(125, '2021_10_16_234329_change_col_type_translation_1', 57),
(126, '2021_10_27_091250_add_shipping_address_in_order', 58),
(127, '2021_01_24_205114_create_paytabs_invoices_table', 59),
(128, '2021_11_20_043814_change_pass_reset_email_col', 59),
(129, '2021_11_25_043109_create_delivery_men_table', 60),
(130, '2021_11_25_062242_add_auth_token_delivery_man', 60),
(131, '2021_11_27_043405_add_deliveryman_in_order_table', 60),
(132, '2021_11_27_051432_create_delivery_histories_table', 60),
(133, '2021_11_27_051512_add_fcm_col_for_delivery_man', 60),
(134, '2021_12_15_123216_add_columns_to_banner', 60),
(135, '2022_01_04_100543_add_order_note_to_orders_table', 60),
(136, '2022_01_10_034952_add_lat_long_to_shipping_addresses_table', 60),
(137, '2022_01_10_045517_create_billing_addresses_table', 60),
(138, '2022_01_11_040755_add_is_billing_to_shipping_addresses_table', 60),
(139, '2022_01_11_053404_add_billing_to_orders_table', 60),
(140, '2022_01_11_234310_add_firebase_toke_to_sellers_table', 60),
(141, '2022_01_16_121801_change_colu_type', 60),
(142, '2022_01_22_101601_change_cart_col_type', 61),
(143, '2022_01_23_031359_add_column_to_orders_table', 61),
(144, '2022_01_28_235054_add_status_to_admins_table', 61),
(145, '2022_02_01_214654_add_pos_status_to_sellers_table', 61),
(146, '2019_12_14_000001_create_personal_access_tokens_table', 62),
(147, '2022_02_11_225355_add_checked_to_orders_table', 62),
(148, '2022_02_14_114359_create_refund_requests_table', 62),
(149, '2022_02_14_115757_add_refund_request_to_order_details_table', 62),
(150, '2022_02_15_092604_add_order_details_id_to_transactions_table', 62),
(151, '2022_02_15_121410_create_refund_transactions_table', 62),
(152, '2022_02_24_091236_add_multiple_column_to_refund_requests_table', 62),
(153, '2022_02_24_103827_create_refund_statuses_table', 62),
(154, '2022_03_01_121420_add_refund_id_to_refund_transactions_table', 62),
(155, '2022_03_10_091943_add_priority_to_categories_table', 63),
(156, '2022_03_13_111914_create_shipping_types_table', 63),
(157, '2022_03_13_121514_create_category_shipping_costs_table', 63),
(158, '2022_03_14_074413_add_four_column_to_products_table', 63),
(159, '2022_03_15_105838_add_shipping_to_carts_table', 63),
(160, '2022_03_16_070327_add_shipping_type_to_orders_table', 63),
(161, '2022_03_17_070200_add_delivery_info_to_orders_table', 63),
(162, '2022_03_18_143339_add_shipping_type_to_carts_table', 63),
(163, '2022_04_06_020313_create_subscriptions_table', 64),
(164, '2022_04_12_233704_change_column_to_products_table', 64),
(165, '2022_04_19_095926_create_jobs_table', 64),
(166, '2022_05_12_104247_create_wallet_transactions_table', 65),
(167, '2022_05_12_104511_add_two_column_to_users_table', 65),
(168, '2022_05_14_063309_create_loyalty_point_transactions_table', 65),
(169, '2022_05_26_044016_add_user_type_to_password_resets_table', 65),
(170, '2022_04_15_235820_add_provider', 66),
(171, '2022_07_21_101659_add_code_to_products_table', 66),
(172, '2022_07_26_103744_add_notification_count_to_notifications_table', 66),
(173, '2022_07_31_031541_add_minimum_order_qty_to_products_table', 66),
(174, '2022_08_11_172839_add_product_type_and_digital_product_type_and_digital_file_ready_to_products', 67),
(175, '2022_08_11_173941_add_product_type_and_digital_product_type_and_digital_file_to_order_details', 67),
(176, '2022_08_20_094225_add_product_type_and_digital_product_type_and_digital_file_ready_to_carts_table', 67),
(177, '2022_10_04_160234_add_banking_columns_to_delivery_men_table', 68),
(178, '2022_10_04_161339_create_deliveryman_wallets_table', 68),
(179, '2022_10_04_184506_add_deliverymanid_column_to_withdraw_requests_table', 68),
(180, '2022_10_11_103011_add_deliverymans_columns_to_chattings_table', 68),
(181, '2022_10_11_144902_add_deliverman_id_cloumn_to_reviews_table', 68),
(182, '2022_10_17_114744_create_order_status_histories_table', 68),
(183, '2022_10_17_120840_create_order_expected_delivery_histories_table', 68),
(184, '2022_10_18_084245_add_deliveryman_charge_and_expected_delivery_date', 68),
(185, '2022_10_18_130938_create_delivery_zip_codes_table', 68),
(186, '2022_10_18_130956_create_delivery_country_codes_table', 68),
(187, '2022_10_20_164712_create_delivery_man_transactions_table', 68),
(188, '2022_10_27_145604_create_emergency_contacts_table', 68),
(189, '2022_10_29_182930_add_is_pause_cause_to_orders_table', 68),
(190, '2022_10_31_150604_add_address_phone_country_code_column_to_delivery_men_table', 68),
(191, '2022_11_05_185726_add_order_id_to_reviews_table', 68),
(192, '2022_11_07_190749_create_deliveryman_notifications_table', 68),
(193, '2022_11_08_132745_change_transaction_note_type_to_withdraw_requests_table', 68),
(194, '2022_11_10_193747_chenge_order_amount_seller_amount_admin_commission_delivery_charge_tax_toorder_transactions_table', 68),
(195, '2022_12_17_035723_few_field_add_to_coupons_table', 69),
(196, '2022_12_26_231606_add_coupon_discount_bearer_and_admin_commission_to_orders', 69),
(197, '2023_01_04_003034_alter_billing_addresses_change_zip', 69),
(198, '2023_01_05_121600_change_id_to_transactions_table', 69),
(199, '2023_02_02_113330_create_product_tag_table', 70),
(200, '2023_02_02_114518_create_tags_table', 70),
(201, '2023_02_02_152248_add_tax_model_to_products_table', 70),
(202, '2023_02_02_152718_add_tax_model_to_order_details_table', 70),
(203, '2023_02_02_171034_add_tax_type_to_carts', 70),
(204, '2023_02_06_124447_add_color_image_column_to_products_table', 70),
(205, '2023_02_07_120136_create_withdrawal_methods_table', 70),
(206, '2023_02_07_175939_add_withdrawal_method_id_and_withdrawal_method_fields_to_withdraw_requests_table', 70),
(207, '2023_02_08_143314_add_vacation_start_and_vacation_end_and_vacation_not_column_to_shops_table', 70),
(208, '2023_02_09_104656_add_payment_by_and_payment_not_to_orders_table', 70),
(209, '2023_03_27_150723_add_expires_at_to_phone_or_email_verifications', 71),
(210, '2023_04_17_095721_create_shop_followers_table', 71),
(211, '2023_04_17_111249_add_bottom_banner_to_shops_table', 71),
(212, '2023_04_20_125423_create_product_compares_table', 71),
(213, '2023_04_30_165642_add_category_sub_category_and_sub_sub_category_add_in_product_table', 71),
(214, '2023_05_16_131006_add_expires_at_to_password_resets', 71),
(215, '2023_05_17_044243_add_visit_count_to_tags_table', 71),
(216, '2023_05_18_000403_add_title_and_subtitle_and_background_color_and_button_text_to_banners_table', 71),
(217, '2023_05_21_111300_add_login_hit_count_and_is_temp_blocked_and_temp_block_time_to_users_table', 71),
(218, '2023_05_21_111600_add_login_hit_count_and_is_temp_blocked_and_temp_block_time_to_phone_or_email_verifications_table', 71),
(219, '2023_05_21_112215_add_login_hit_count_and_is_temp_blocked_and_temp_block_time_to_password_resets_table', 71),
(220, '2023_06_04_210726_attachment_lenght_change_to_reviews_table', 71),
(221, '2023_06_05_115153_add_referral_code_and_referred_by_to_users_table', 72),
(222, '2023_06_21_002658_add_offer_banner_to_shops_table', 72),
(223, '2023_07_08_210747_create_most_demandeds_table', 72),
(224, '2023_07_31_111419_add_minimum_order_amount_to_sellers_table', 72),
(225, '2023_08_03_105256_create_offline_payment_methods_table', 72),
(226, '2023_08_07_131013_add_is_guest_column_to_carts_table', 72),
(227, '2023_08_07_170601_create_offline_payments_table', 72),
(228, '2023_08_12_102355_create_add_fund_bonus_categories_table', 72),
(229, '2023_08_12_215346_create_guest_users_table', 72),
(230, '2023_08_12_215659_add_is_guest_column_to_orders_table', 72),
(231, '2023_08_12_215933_add_is_guest_column_to_shipping_addresses_table', 72),
(232, '2023_08_15_000957_add_email_column_toshipping_address_table', 72),
(233, '2023_08_17_222330_add_identify_related_columns_to_admins_table', 72),
(234, '2023_08_20_230624_add_sent_by_and_send_to_in_notifications_table', 72),
(235, '2023_08_20_230911_create_notification_seens_table', 72),
(236, '2023_08_21_042331_add_theme_to_banners_table', 72),
(237, '2023_08_24_150009_add_free_delivery_over_amount_and_status_to_seller_table', 72),
(238, '2023_08_26_161214_add_is_shipping_free_to_orders_table', 72),
(239, '2023_08_26_173523_add_payment_method_column_to_wallet_transactions_table', 72),
(240, '2023_08_26_204653_add_verification_status_column_to_orders_table', 72),
(241, '2023_08_26_225113_create_order_delivery_verifications_table', 72),
(242, '2023_09_03_212200_add_free_delivery_responsibility_column_to_orders_table', 72),
(243, '2023_09_23_153314_add_shipping_responsibility_column_to_orders_table', 72),
(244, '2023_09_25_152733_create_digital_product_otp_verifications_table', 72),
(245, '2023_09_27_191638_add_attachment_column_to_support_ticket_convs_table', 73),
(246, '2023_10_01_205117_add_attachment_column_to_chattings_table', 73),
(247, '2023_10_07_182714_create_notification_messages_table', 73),
(248, '2023_10_21_113354_add_app_language_column_to_users_table', 73),
(249, '2023_10_21_123433_add_app_language_column_to_sellers_table', 73),
(250, '2023_10_21_124657_add_app_language_column_to_delivery_men_table', 73),
(251, '2023_10_22_130225_add_attachment_to_support_tickets_table', 73),
(252, '2023_10_25_113233_make_message_nullable_in_chattings_table', 73),
(253, '2023_10_30_152005_make_attachment_column_type_change_to_reviews_table', 73),
(254, '2024_01_14_192546_add_slug_to_shops_table', 74),
(255, '2024_01_25_175421_add_country_code_to_emergency_contacts_table', 75),
(256, '2024_02_01_200417_add_denied_count_and_approved_count_to_refund_requests_table', 75),
(257, '2024_03_11_130425_add_seen_notification_and_notification_receiver_to_chattings_table', 76),
(258, '2024_03_12_123322_update_images_column_in_refund_requests_table', 76),
(259, '2024_03_21_134659_change_denied_note_column_type_to_text', 76),
(260, '2024_04_03_093637_create_email_templates_table', 77),
(261, '2024_04_17_102137_add_is_checked_column_to_carts_table', 77),
(262, '2024_04_23_130436_create_vendor_registration_reasons_table', 77),
(263, '2024_04_24_093932_add_type_to_help_topics_table', 77),
(264, '2024_05_20_133216_create_review_replies_table', 78),
(265, '2024_05_20_163043_add_image_alt_text_to_brands_table', 78),
(266, '2024_05_26_152030_create_digital_product_variations_table', 78),
(267, '2024_05_26_152339_create_product_seos_table', 78),
(268, '2024_05_27_184401_add_digital_product_file_types_and_digital_product_extensions_to_products_table', 78),
(269, '2024_05_30_101603_create_storages_table', 78),
(270, '2024_06_10_174952_create_robots_meta_contents_table', 78),
(271, '2024_06_12_105137_create_error_logs_table', 78),
(272, '2024_07_03_130217_add_storage_type_columns_to_product_table', 78),
(273, '2024_07_03_153301_add_icon_storage_type_to_catogory_table', 78),
(274, '2024_07_03_171214_add_image_storage_type_to_brands_table', 78),
(275, '2024_07_03_185048_add_storage_type_columns_to_shop_table', 78);

-- --------------------------------------------------------

--
-- Table structure for table `most_demandeds`
--

CREATE TABLE `most_demandeds` (
  `id` bigint(20) UNSIGNED NOT NULL,
  `banner` varchar(255) NOT NULL,
  `product_id` bigint(20) UNSIGNED NOT NULL,
  `status` tinyint(4) NOT NULL DEFAULT 0,
  `created_at` timestamp NULL DEFAULT NULL,
  `updated_at` timestamp NULL DEFAULT NULL
) ENGINE=InnoDB DEFAULT CHARSET=utf8mb4 COLLATE=utf8mb4_unicode_ci;

-- --------------------------------------------------------

--
-- Table structure for table `notifications`
--

CREATE TABLE `notifications` (
  `id` bigint(20) UNSIGNED NOT NULL,
  `sent_by` varchar(255) NOT NULL DEFAULT 'system',
  `sent_to` varchar(255) NOT NULL DEFAULT 'customer',
  `title` varchar(100) DEFAULT NULL,
  `description` varchar(191) DEFAULT NULL,
  `notification_count` int(11) NOT NULL DEFAULT 0,
  `image` varchar(50) DEFAULT NULL,
  `status` tinyint(1) NOT NULL DEFAULT 1,
  `created_at` timestamp NULL DEFAULT NULL,
  `updated_at` timestamp NULL DEFAULT NULL
) ENGINE=InnoDB DEFAULT CHARSET=utf8mb4 COLLATE=utf8mb4_unicode_ci;

-- --------------------------------------------------------

--
-- Table structure for table `notification_messages`
--

CREATE TABLE `notification_messages` (
  `id` bigint(20) UNSIGNED NOT NULL,
  `user_type` varchar(191) DEFAULT NULL,
  `key` varchar(191) DEFAULT NULL,
  `message` text DEFAULT NULL,
  `status` tinyint(1) NOT NULL DEFAULT 1,
  `created_at` timestamp NULL DEFAULT NULL,
  `updated_at` timestamp NULL DEFAULT NULL
) ENGINE=InnoDB DEFAULT CHARSET=utf8mb4 COLLATE=utf8mb4_unicode_ci;

--
-- Dumping data for table `notification_messages`
--

INSERT INTO `notification_messages` (`id`, `user_type`, `key`, `message`, `status`, `created_at`, `updated_at`) VALUES
(1, 'customer', 'order_pending_message', 'order pen message', 1, '2023-10-30 11:02:55', '2023-10-30 11:02:55'),
(2, 'customer', 'order_confirmation_message', 'Order con Message', 1, '2023-10-30 11:02:55', '2023-10-30 11:02:55'),
(3, 'customer', 'order_processing_message', 'Order pro Message', 1, '2023-10-30 11:02:55', '2023-10-30 11:02:55'),
(4, 'customer', 'out_for_delivery_message', 'Order ouut Message', 1, '2023-10-30 11:02:55', '2023-10-30 11:02:55'),
(5, 'customer', 'order_delivered_message', 'Order del Message', 1, '2023-10-30 11:02:55', '2023-10-30 11:02:55'),
(6, 'customer', 'order_returned_message', 'Order hh Message', 1, '2023-10-30 11:02:55', '2023-10-30 11:02:55'),
(7, 'customer', 'order_failed_message', 'Order fa Message', 0, '2023-10-30 11:02:55', '2024-05-18 10:57:03'),
(8, 'customer', 'order_canceled', '', 0, '2023-10-30 11:02:55', '2023-10-30 11:02:55'),
(9, 'customer', 'order_refunded_message', 'customize your order refunded message message', 1, '2023-10-30 11:02:55', '2023-10-30 11:02:55'),
(10, 'customer', 'refund_request_canceled_message', 'customize your refund request canceled message message', 1, '2023-10-30 11:02:55', '2023-10-30 11:02:55'),
(11, 'customer', 'message_from_delivery_man', 'customize your message from delivery man message', 1, '2023-10-30 11:02:55', '2023-10-30 11:02:55'),
(12, 'customer', 'message_from_seller', 'customize your message from seller message', 1, '2023-10-30 11:02:55', '2023-10-30 11:02:55'),
(13, 'customer', 'fund_added_by_admin_message', 'customize your fund added by admin message message', 1, '2023-10-30 11:02:55', '2023-10-30 11:02:55'),
(14, 'seller', 'new_order_message', 'customize your new order message message', 1, '2023-10-30 11:02:55', '2023-10-30 11:02:55'),
(15, 'seller', 'refund_request_message', 'customize your refund request message message', 1, '2023-10-30 11:02:55', '2023-10-30 11:02:55'),
(16, 'seller', 'order_edit_message', 'customize your order edit message message', 1, '2023-10-30 11:02:55', '2023-10-30 11:02:55'),
(17, 'seller', 'withdraw_request_status_message', 'customize your withdraw request status message message', 1, '2023-10-30 11:02:55', '2023-10-30 11:02:55'),
(18, 'seller', 'message_from_customer', 'customize your message from customer message', 1, '2023-10-30 11:02:55', '2023-10-30 11:02:55'),
(19, 'seller', 'delivery_man_assign_by_admin_message', 'customize your delivery man assign by admin message message', 1, '2023-10-30 11:02:55', '2023-10-30 11:02:55'),
(20, 'seller', 'order_delivered_message', 'customize your order delivered message message', 1, '2023-10-30 11:02:55', '2023-10-30 11:02:55'),
(21, 'seller', 'order_canceled', 'customize your order canceled message', 1, '2023-10-30 11:02:55', '2023-10-30 11:02:55'),
(22, 'seller', 'order_refunded_message', 'customize your order refunded message message', 1, '2023-10-30 11:02:55', '2023-10-30 11:02:55'),
(23, 'seller', 'refund_request_canceled_message', 'customize your refund request canceled message message', 1, '2023-10-30 11:02:55', '2023-10-30 11:02:55'),
(24, 'seller', 'refund_request_status_changed_by_admin', 'customize your refund request status changed by admin message', 1, '2023-10-30 11:02:55', '2023-10-30 11:02:55'),
(25, 'delivery_man', 'new_order_assigned_message', '', 0, '2023-10-30 11:02:55', '2023-10-30 11:02:55'),
(26, 'delivery_man', 'expected_delivery_date', '', 0, '2023-10-30 11:02:55', '2023-10-30 11:02:55'),
(27, 'delivery_man', 'delivery_man_charge', 'customize your delivery man charge message', 1, '2023-10-30 11:02:55', '2023-10-30 11:02:55'),
(28, 'delivery_man', 'order_canceled', 'customize your order canceled message', 1, '2023-10-30 11:02:55', '2023-10-30 11:02:55'),
(29, 'delivery_man', 'order_rescheduled_message', 'customize your order rescheduled message message', 1, '2023-10-30 11:02:55', '2023-10-30 11:02:55'),
(30, 'delivery_man', 'order_edit_message', 'customize your order edit message message', 1, '2023-10-30 11:02:55', '2023-10-30 11:02:55'),
(31, 'delivery_man', 'message_from_seller', 'customize your message from seller message', 1, '2023-10-30 11:02:55', '2023-10-30 11:02:55'),
(32, 'delivery_man', 'message_from_admin', 'customize your message from admin message', 1, '2023-10-30 11:02:55', '2023-10-30 11:02:55'),
(33, 'delivery_man', 'message_from_customer', 'customize your message from customer message', 1, '2023-10-30 11:02:55', '2023-10-30 11:02:55'),
(34, 'delivery_man', 'cash_collect_by_admin_message', 'customize your cash collect by admin message message', 1, '2023-10-30 11:02:55', '2023-10-30 11:02:55'),
(35, 'delivery_man', 'cash_collect_by_seller_message', 'customize your cash collect by seller message message', 1, '2023-10-30 11:02:55', '2023-10-30 11:02:55'),
(36, 'delivery_man', 'withdraw_request_status_message', 'customize your withdraw request status message message', 1, '2023-10-30 11:02:55', '2023-10-30 11:02:55'),
(37, 'seller', 'product_request_approved_message', 'customize your product request approved message message', 1, '2024-02-19 08:35:38', '2024-02-19 08:35:38'),
(38, 'seller', 'product_request_rejected_message', 'customize your product request rejected message message', 1, '2024-02-19 08:35:38', '2024-02-19 08:35:38');

-- --------------------------------------------------------

--
-- Table structure for table `notification_seens`
--

CREATE TABLE `notification_seens` (
  `id` bigint(20) UNSIGNED NOT NULL,
  `seller_id` int(11) DEFAULT NULL,
  `user_id` int(11) DEFAULT NULL,
  `notification_id` int(11) NOT NULL,
  `created_at` timestamp NULL DEFAULT NULL,
  `updated_at` timestamp NULL DEFAULT NULL
) ENGINE=InnoDB DEFAULT CHARSET=utf8mb4 COLLATE=utf8mb4_unicode_ci;

-- --------------------------------------------------------

--
-- Table structure for table `oauth_access_tokens`
--

CREATE TABLE `oauth_access_tokens` (
  `id` varchar(100) NOT NULL,
  `user_id` bigint(20) DEFAULT NULL,
  `client_id` int(10) UNSIGNED NOT NULL,
  `name` varchar(191) DEFAULT NULL,
  `scopes` text DEFAULT NULL,
  `revoked` tinyint(1) NOT NULL,
  `created_at` timestamp NULL DEFAULT NULL,
  `updated_at` timestamp NULL DEFAULT NULL,
  `expires_at` datetime DEFAULT NULL
) ENGINE=InnoDB DEFAULT CHARSET=utf8mb4 COLLATE=utf8mb4_unicode_ci;

--
-- Dumping data for table `oauth_access_tokens`
--

INSERT INTO `oauth_access_tokens` (`id`, `user_id`, `client_id`, `name`, `scopes`, `revoked`, `created_at`, `updated_at`, `expires_at`) VALUES
('6840b7d4ed685bf2e0dc593affa0bd3b968065f47cc226d39ab09f1422b5a1d9666601f3f60a79c1', 98, 1, 'LaravelAuthApp', '[]', 1, '2021-07-05 09:25:41', '2021-07-05 09:25:41', '2022-07-05 15:25:41'),
('c42cdd5ae652b8b2cbac4f2f4b496e889e1a803b08672954c8bbe06722b54160e71dce3e02331544', 98, 1, 'LaravelAuthApp', '[]', 1, '2021-07-05 09:24:36', '2021-07-05 09:24:36', '2022-07-05 15:24:36');

-- --------------------------------------------------------

--
-- Table structure for table `oauth_auth_codes`
--

CREATE TABLE `oauth_auth_codes` (
  `id` varchar(100) NOT NULL,
  `user_id` bigint(20) NOT NULL,
  `client_id` int(10) UNSIGNED NOT NULL,
  `scopes` text DEFAULT NULL,
  `revoked` tinyint(1) NOT NULL,
  `expires_at` datetime DEFAULT NULL
) ENGINE=InnoDB DEFAULT CHARSET=utf8mb4 COLLATE=utf8mb4_unicode_ci;

-- --------------------------------------------------------

--
-- Table structure for table `oauth_clients`
--

CREATE TABLE `oauth_clients` (
  `id` int(10) UNSIGNED NOT NULL,
  `user_id` bigint(20) DEFAULT NULL,
  `name` varchar(191) NOT NULL,
  `secret` varchar(100) NOT NULL,
  `redirect` text NOT NULL,
  `personal_access_client` tinyint(1) NOT NULL,
  `password_client` tinyint(1) NOT NULL,
  `revoked` tinyint(1) NOT NULL,
  `created_at` timestamp NULL DEFAULT NULL,
  `updated_at` timestamp NULL DEFAULT NULL,
  `provider` varchar(191) DEFAULT NULL
) ENGINE=InnoDB DEFAULT CHARSET=utf8mb4 COLLATE=utf8mb4_unicode_ci;

--
-- Dumping data for table `oauth_clients`
--

INSERT INTO `oauth_clients` (`id`, `user_id`, `name`, `secret`, `redirect`, `personal_access_client`, `password_client`, `revoked`, `created_at`, `updated_at`, `provider`) VALUES
(1, NULL, '6amtech', 'GEUx5tqkviM6AAQcz4oi1dcm1KtRdJPgw41lj0eI', 'http://localhost', 1, 0, 0, '2020-10-21 18:27:22', '2020-10-21 18:27:22', NULL);

-- --------------------------------------------------------

--
-- Table structure for table `oauth_personal_access_clients`
--

CREATE TABLE `oauth_personal_access_clients` (
  `id` int(10) UNSIGNED NOT NULL,
  `client_id` int(10) UNSIGNED NOT NULL,
  `created_at` timestamp NULL DEFAULT NULL,
  `updated_at` timestamp NULL DEFAULT NULL
) ENGINE=InnoDB DEFAULT CHARSET=utf8mb4 COLLATE=utf8mb4_unicode_ci;

--
-- Dumping data for table `oauth_personal_access_clients`
--

INSERT INTO `oauth_personal_access_clients` (`id`, `client_id`, `created_at`, `updated_at`) VALUES
(1, 1, '2020-10-21 18:27:23', '2020-10-21 18:27:23');

-- --------------------------------------------------------

--
-- Table structure for table `oauth_refresh_tokens`
--

CREATE TABLE `oauth_refresh_tokens` (
  `id` varchar(100) NOT NULL,
  `access_token_id` varchar(100) NOT NULL,
  `revoked` tinyint(1) NOT NULL,
  `expires_at` datetime DEFAULT NULL
) ENGINE=InnoDB DEFAULT CHARSET=utf8mb4 COLLATE=utf8mb4_unicode_ci;

-- --------------------------------------------------------

--
-- Table structure for table `offline_payments`
--

CREATE TABLE `offline_payments` (
  `id` bigint(20) UNSIGNED NOT NULL,
  `order_id` int(11) NOT NULL,
  `payment_info` longtext CHARACTER SET utf8mb4 COLLATE utf8mb4_bin DEFAULT NULL CHECK (json_valid(`payment_info`)),
  `created_at` timestamp NULL DEFAULT NULL,
  `updated_at` timestamp NULL DEFAULT NULL
) ENGINE=InnoDB DEFAULT CHARSET=utf8mb4 COLLATE=utf8mb4_unicode_ci;

-- --------------------------------------------------------

--
-- Table structure for table `offline_payment_methods`
--

CREATE TABLE `offline_payment_methods` (
  `id` bigint(20) UNSIGNED NOT NULL,
  `method_name` varchar(255) NOT NULL,
  `method_fields` text NOT NULL,
  `method_informations` text NOT NULL,
  `status` tinyint(4) NOT NULL DEFAULT 0,
  `created_at` timestamp NULL DEFAULT NULL,
  `updated_at` timestamp NULL DEFAULT NULL
) ENGINE=InnoDB DEFAULT CHARSET=utf8mb4 COLLATE=utf8mb4_unicode_ci;

-- --------------------------------------------------------

--
-- Table structure for table `orders`
--

CREATE TABLE `orders` (
  `id` bigint(20) UNSIGNED NOT NULL,
  `customer_id` varchar(15) DEFAULT NULL,
  `is_guest` tinyint(4) NOT NULL DEFAULT 0,
  `customer_type` varchar(10) DEFAULT NULL,
  `payment_status` varchar(15) NOT NULL DEFAULT 'unpaid',
  `order_status` varchar(50) NOT NULL DEFAULT 'pending',
  `payment_method` varchar(100) DEFAULT NULL,
  `transaction_ref` varchar(30) DEFAULT NULL,
  `payment_by` varchar(191) DEFAULT NULL,
  `payment_note` text DEFAULT NULL,
  `order_amount` double NOT NULL DEFAULT 0,
  `admin_commission` decimal(8,2) NOT NULL DEFAULT 0.00,
  `is_pause` varchar(20) NOT NULL DEFAULT '0',
  `cause` varchar(191) DEFAULT NULL,
  `shipping_address` text DEFAULT NULL,
  `created_at` timestamp NULL DEFAULT NULL,
  `updated_at` timestamp NULL DEFAULT NULL,
  `discount_amount` double NOT NULL DEFAULT 0,
  `discount_type` varchar(30) DEFAULT NULL,
  `coupon_code` varchar(191) DEFAULT NULL,
  `coupon_discount_bearer` varchar(191) NOT NULL DEFAULT 'inhouse',
  `shipping_responsibility` varchar(255) DEFAULT NULL,
  `shipping_method_id` bigint(20) NOT NULL DEFAULT 0,
  `shipping_cost` double(8,2) NOT NULL DEFAULT 0.00,
  `is_shipping_free` tinyint(1) NOT NULL DEFAULT 0,
  `order_group_id` varchar(191) NOT NULL DEFAULT 'def-order-group',
  `verification_code` varchar(191) NOT NULL DEFAULT '0',
  `verification_status` tinyint(4) NOT NULL DEFAULT 0,
  `seller_id` bigint(20) DEFAULT NULL,
  `seller_is` varchar(191) DEFAULT NULL,
  `shipping_address_data` text DEFAULT NULL,
  `delivery_man_id` bigint(20) DEFAULT NULL,
  `deliveryman_charge` double NOT NULL DEFAULT 0,
  `expected_delivery_date` date DEFAULT NULL,
  `order_note` text DEFAULT NULL,
  `billing_address` bigint(20) UNSIGNED DEFAULT NULL,
  `billing_address_data` text DEFAULT NULL,
  `order_type` varchar(191) NOT NULL DEFAULT 'default_type',
  `extra_discount` double(8,2) NOT NULL DEFAULT 0.00,
  `extra_discount_type` varchar(191) DEFAULT NULL,
  `free_delivery_bearer` varchar(255) DEFAULT NULL,
  `checked` tinyint(1) NOT NULL DEFAULT 0,
  `shipping_type` varchar(191) DEFAULT NULL,
  `delivery_type` varchar(191) DEFAULT NULL,
  `delivery_service_name` varchar(191) DEFAULT NULL,
  `third_party_delivery_tracking_id` varchar(191) DEFAULT NULL
) ENGINE=InnoDB DEFAULT CHARSET=utf8mb4 COLLATE=utf8mb4_unicode_ci;

-- --------------------------------------------------------

--
-- Table structure for table `order_delivery_verifications`
--

CREATE TABLE `order_delivery_verifications` (
  `id` bigint(20) UNSIGNED NOT NULL,
  `order_id` bigint(20) UNSIGNED NOT NULL,
  `image` text NOT NULL,
  `created_at` timestamp NULL DEFAULT NULL,
  `updated_at` timestamp NULL DEFAULT NULL
) ENGINE=InnoDB DEFAULT CHARSET=utf8mb4 COLLATE=utf8mb4_unicode_ci;

-- --------------------------------------------------------

--
-- Table structure for table `order_details`
--

CREATE TABLE `order_details` (
  `id` bigint(20) UNSIGNED NOT NULL,
  `order_id` bigint(20) DEFAULT NULL,
  `product_id` bigint(20) DEFAULT NULL,
  `seller_id` bigint(20) DEFAULT NULL,
  `digital_file_after_sell` varchar(191) DEFAULT NULL,
  `product_details` text DEFAULT NULL,
  `qty` int(11) NOT NULL DEFAULT 0,
  `price` double NOT NULL DEFAULT 0,
  `tax` double NOT NULL DEFAULT 0,
  `discount` double NOT NULL DEFAULT 0,
  `tax_model` varchar(20) NOT NULL DEFAULT 'exclude',
  `delivery_status` varchar(15) NOT NULL DEFAULT 'pending',
  `payment_status` varchar(15) NOT NULL DEFAULT 'unpaid',
  `created_at` timestamp NULL DEFAULT NULL,
  `updated_at` timestamp NULL DEFAULT NULL,
  `shipping_method_id` bigint(20) DEFAULT NULL,
  `variant` varchar(255) DEFAULT NULL,
  `variation` varchar(255) DEFAULT NULL,
  `discount_type` varchar(30) DEFAULT NULL,
  `is_stock_decreased` tinyint(1) NOT NULL DEFAULT 1,
  `refund_request` int(11) NOT NULL DEFAULT 0
) ENGINE=InnoDB DEFAULT CHARSET=utf8mb4 COLLATE=utf8mb4_unicode_ci;

-- --------------------------------------------------------

--
-- Table structure for table `order_expected_delivery_histories`
--

CREATE TABLE `order_expected_delivery_histories` (
  `id` bigint(20) UNSIGNED NOT NULL,
  `order_id` bigint(20) NOT NULL,
  `user_id` bigint(20) NOT NULL,
  `user_type` varchar(191) NOT NULL,
  `expected_delivery_date` date NOT NULL,
  `cause` varchar(191) DEFAULT NULL,
  `created_at` timestamp NULL DEFAULT NULL,
  `updated_at` timestamp NULL DEFAULT NULL
) ENGINE=InnoDB DEFAULT CHARSET=utf8mb4 COLLATE=utf8mb4_unicode_ci;

-- --------------------------------------------------------

--
-- Table structure for table `order_status_histories`
--

CREATE TABLE `order_status_histories` (
  `id` bigint(20) UNSIGNED NOT NULL,
  `order_id` bigint(20) NOT NULL,
  `user_id` bigint(20) NOT NULL,
  `user_type` varchar(191) NOT NULL,
  `status` varchar(191) NOT NULL,
  `cause` varchar(191) DEFAULT NULL,
  `created_at` timestamp NULL DEFAULT NULL,
  `updated_at` timestamp NULL DEFAULT NULL
) ENGINE=InnoDB DEFAULT CHARSET=utf8mb4 COLLATE=utf8mb4_unicode_ci;

-- --------------------------------------------------------

--
-- Table structure for table `order_transactions`
--

CREATE TABLE `order_transactions` (
  `seller_id` bigint(20) NOT NULL,
  `order_id` bigint(20) NOT NULL,
  `order_amount` decimal(50,2) NOT NULL DEFAULT 0.00,
  `seller_amount` decimal(50,2) NOT NULL DEFAULT 0.00,
  `admin_commission` decimal(50,2) NOT NULL DEFAULT 0.00,
  `received_by` varchar(191) NOT NULL,
  `status` varchar(191) DEFAULT NULL,
  `delivery_charge` decimal(50,2) NOT NULL DEFAULT 0.00,
  `tax` decimal(50,2) NOT NULL DEFAULT 0.00,
  `created_at` timestamp NULL DEFAULT NULL,
  `updated_at` timestamp NULL DEFAULT NULL,
  `customer_id` bigint(20) DEFAULT NULL,
  `seller_is` varchar(191) DEFAULT NULL,
  `delivered_by` varchar(191) NOT NULL DEFAULT 'admin',
  `payment_method` varchar(191) DEFAULT NULL,
  `transaction_id` varchar(191) DEFAULT NULL,
  `id` bigint(20) UNSIGNED NOT NULL
) ENGINE=InnoDB DEFAULT CHARSET=utf8mb4 COLLATE=utf8mb4_unicode_ci;

-- --------------------------------------------------------

--
-- Table structure for table `password_resets`
--

CREATE TABLE `password_resets` (
  `identity` varchar(191) NOT NULL,
  `token` varchar(191) NOT NULL,
  `otp_hit_count` tinyint(4) NOT NULL DEFAULT 0,
  `is_temp_blocked` tinyint(1) NOT NULL DEFAULT 0,
  `temp_block_time` timestamp NULL DEFAULT NULL,
  `expires_at` timestamp NULL DEFAULT NULL,
  `created_at` timestamp NULL DEFAULT NULL,
  `updated_at` timestamp NULL DEFAULT NULL,
  `user_type` varchar(191) NOT NULL DEFAULT 'customer',
  `id` bigint(20) UNSIGNED NOT NULL
) ENGINE=InnoDB DEFAULT CHARSET=utf8mb4 COLLATE=utf8mb4_unicode_ci;

-- --------------------------------------------------------

--
-- Table structure for table `payment_requests`
--

CREATE TABLE `payment_requests` (
  `id` char(36) NOT NULL,
  `payer_id` varchar(64) DEFAULT NULL,
  `receiver_id` varchar(64) DEFAULT NULL,
  `payment_amount` decimal(24,2) NOT NULL DEFAULT 0.00,
  `gateway_callback_url` varchar(191) DEFAULT NULL,
  `success_hook` varchar(100) DEFAULT NULL,
  `failure_hook` varchar(100) DEFAULT NULL,
  `transaction_id` varchar(100) DEFAULT NULL,
  `currency_code` varchar(20) NOT NULL DEFAULT 'USD',
  `payment_method` varchar(50) DEFAULT NULL,
  `additional_data` longtext CHARACTER SET utf8mb4 COLLATE utf8mb4_bin DEFAULT NULL,
  `is_paid` tinyint(1) NOT NULL DEFAULT 0,
  `created_at` timestamp NULL DEFAULT NULL,
  `updated_at` timestamp NULL DEFAULT NULL,
  `payer_information` longtext CHARACTER SET utf8mb4 COLLATE utf8mb4_bin DEFAULT NULL,
  `external_redirect_link` varchar(255) DEFAULT NULL,
  `receiver_information` longtext CHARACTER SET utf8mb4 COLLATE utf8mb4_bin DEFAULT NULL,
  `attribute_id` varchar(64) DEFAULT NULL,
  `attribute` varchar(255) DEFAULT NULL,
  `payment_platform` varchar(255) DEFAULT NULL
) ENGINE=InnoDB DEFAULT CHARSET=utf8mb4 COLLATE=utf8mb4_unicode_ci;

-- --------------------------------------------------------

--
-- Table structure for table `paytabs_invoices`
--

CREATE TABLE `paytabs_invoices` (
  `id` bigint(20) UNSIGNED NOT NULL,
  `order_id` bigint(20) UNSIGNED NOT NULL,
  `result` text NOT NULL,
  `response_code` int(10) UNSIGNED NOT NULL,
  `pt_invoice_id` int(10) UNSIGNED DEFAULT NULL,
  `amount` double(8,2) DEFAULT NULL,
  `currency` varchar(191) DEFAULT NULL,
  `transaction_id` int(10) UNSIGNED DEFAULT NULL,
  `card_brand` varchar(191) DEFAULT NULL,
  `card_first_six_digits` int(10) UNSIGNED DEFAULT NULL,
  `card_last_four_digits` int(10) UNSIGNED DEFAULT NULL,
  `created_at` timestamp NULL DEFAULT NULL,
  `updated_at` timestamp NULL DEFAULT NULL
) ENGINE=InnoDB DEFAULT CHARSET=utf8mb4 COLLATE=utf8mb4_unicode_ci;

-- --------------------------------------------------------

--
-- Table structure for table `personal_access_tokens`
--

CREATE TABLE `personal_access_tokens` (
  `id` bigint(20) UNSIGNED NOT NULL,
  `tokenable_type` varchar(191) NOT NULL,
  `tokenable_id` bigint(20) UNSIGNED NOT NULL,
  `name` varchar(191) NOT NULL,
  `token` varchar(64) NOT NULL,
  `abilities` text DEFAULT NULL,
  `last_used_at` timestamp NULL DEFAULT NULL,
  `created_at` timestamp NULL DEFAULT NULL,
  `updated_at` timestamp NULL DEFAULT NULL
) ENGINE=InnoDB DEFAULT CHARSET=utf8mb4 COLLATE=utf8mb4_unicode_ci;

-- --------------------------------------------------------

--
-- Table structure for table `phone_or_email_verifications`
--

CREATE TABLE `phone_or_email_verifications` (
  `id` bigint(20) UNSIGNED NOT NULL,
  `phone_or_email` varchar(191) DEFAULT NULL,
  `token` varchar(191) DEFAULT NULL,
  `otp_hit_count` tinyint(4) NOT NULL DEFAULT 0,
  `is_temp_blocked` tinyint(1) NOT NULL DEFAULT 0,
  `temp_block_time` timestamp NULL DEFAULT NULL,
  `expires_at` timestamp NULL DEFAULT NULL,
  `created_at` timestamp NULL DEFAULT NULL,
  `updated_at` timestamp NULL DEFAULT NULL
) ENGINE=InnoDB DEFAULT CHARSET=utf8mb4 COLLATE=utf8mb4_unicode_ci;

--
-- Dumping data for table `phone_or_email_verifications`
--

INSERT INTO `phone_or_email_verifications` (`id`, `phone_or_email`, `token`, `otp_hit_count`, `is_temp_blocked`, `temp_block_time`, `expires_at`, `created_at`, `updated_at`) VALUES
(1, 'customer@gmail.com', '9921', 0, 0, NULL, NULL, '2024-10-18 06:16:33', '2024-10-18 06:16:33');

-- --------------------------------------------------------

--
-- Table structure for table `products`
--

CREATE TABLE `products` (
  `id` bigint(20) UNSIGNED NOT NULL,
  `added_by` varchar(191) DEFAULT NULL,
  `user_id` bigint(20) DEFAULT NULL,
  `name` varchar(80) DEFAULT NULL,
  `slug` varchar(120) DEFAULT NULL,
  `product_type` varchar(20) NOT NULL DEFAULT 'physical',
  `category_ids` varchar(80) DEFAULT NULL,
  `category_id` varchar(191) DEFAULT NULL,
  `sub_category_id` varchar(191) DEFAULT NULL,
  `sub_sub_category_id` varchar(191) DEFAULT NULL,
  `brand_id` bigint(20) DEFAULT NULL,
  `unit` varchar(191) DEFAULT NULL,
  `min_qty` int(11) NOT NULL DEFAULT 1,
  `refundable` tinyint(1) NOT NULL DEFAULT 1,
  `digital_product_type` varchar(30) DEFAULT NULL,
  `digital_file_ready` varchar(191) DEFAULT NULL,
  `digital_file_ready_storage_type` varchar(10) DEFAULT 'public',
  `images` longtext DEFAULT NULL,
  `color_image` text NOT NULL,
  `thumbnail` varchar(255) DEFAULT NULL,
  `thumbnail_storage_type` varchar(10) DEFAULT 'public',
  `featured` varchar(255) DEFAULT NULL,
  `flash_deal` varchar(255) DEFAULT NULL,
  `video_provider` varchar(30) DEFAULT NULL,
  `video_url` varchar(150) DEFAULT NULL,
  `colors` varchar(150) DEFAULT NULL,
  `variant_product` tinyint(1) NOT NULL DEFAULT 0,
  `attributes` varchar(255) DEFAULT NULL,
  `choice_options` text DEFAULT NULL,
  `variation` text DEFAULT NULL,
  `digital_product_file_types` longtext DEFAULT NULL,
  `digital_product_extensions` longtext DEFAULT NULL,
  `published` tinyint(1) NOT NULL DEFAULT 0,
  `unit_price` double NOT NULL DEFAULT 0,
  `purchase_price` double NOT NULL DEFAULT 0,
  `tax` varchar(191) NOT NULL DEFAULT '0.00',
  `tax_type` varchar(80) DEFAULT NULL,
  `tax_model` varchar(20) NOT NULL DEFAULT 'exclude',
  `discount` varchar(191) NOT NULL DEFAULT '0.00',
  `discount_type` varchar(80) DEFAULT NULL,
  `current_stock` int(11) DEFAULT NULL,
  `minimum_order_qty` int(11) NOT NULL DEFAULT 1,
  `details` text DEFAULT NULL,
  `free_shipping` tinyint(1) NOT NULL DEFAULT 0,
  `attachment` varchar(191) DEFAULT NULL,
  `created_at` timestamp NULL DEFAULT NULL,
  `updated_at` timestamp NULL DEFAULT NULL,
  `status` tinyint(1) NOT NULL DEFAULT 1,
  `featured_status` tinyint(1) NOT NULL DEFAULT 1,
  `meta_title` varchar(191) DEFAULT NULL,
  `meta_description` varchar(191) DEFAULT NULL,
  `meta_image` varchar(191) DEFAULT NULL,
  `request_status` tinyint(1) NOT NULL DEFAULT 0,
  `denied_note` text DEFAULT NULL,
  `shipping_cost` double(8,2) DEFAULT NULL,
  `multiply_qty` tinyint(1) DEFAULT NULL,
  `temp_shipping_cost` double(8,2) DEFAULT NULL,
  `is_shipping_cost_updated` tinyint(1) DEFAULT NULL,
  `code` varchar(191) DEFAULT NULL
) ENGINE=InnoDB DEFAULT CHARSET=utf8mb4 COLLATE=utf8mb4_unicode_ci;

-- --------------------------------------------------------

--
-- Table structure for table `product_compares`
--

CREATE TABLE `product_compares` (
  `id` bigint(20) UNSIGNED NOT NULL,
  `user_id` bigint(20) UNSIGNED NOT NULL COMMENT 'customer_id',
  `product_id` bigint(20) UNSIGNED NOT NULL,
  `created_at` timestamp NULL DEFAULT NULL,
  `updated_at` timestamp NULL DEFAULT NULL
) ENGINE=InnoDB DEFAULT CHARSET=utf8mb4 COLLATE=utf8mb4_unicode_ci;

-- --------------------------------------------------------

--
-- Table structure for table `product_seos`
--

CREATE TABLE `product_seos` (
  `id` bigint(20) UNSIGNED NOT NULL,
  `product_id` int(11) NOT NULL,
  `title` varchar(255) DEFAULT NULL,
  `description` varchar(255) DEFAULT NULL,
  `index` varchar(255) DEFAULT NULL,
  `no_follow` varchar(255) DEFAULT NULL,
  `no_image_index` varchar(255) DEFAULT NULL,
  `no_archive` varchar(255) DEFAULT NULL,
  `no_snippet` varchar(255) DEFAULT NULL,
  `max_snippet` varchar(255) DEFAULT NULL,
  `max_snippet_value` varchar(255) DEFAULT NULL,
  `max_video_preview` varchar(255) DEFAULT NULL,
  `max_video_preview_value` varchar(255) DEFAULT NULL,
  `max_image_preview` varchar(255) DEFAULT NULL,
  `max_image_preview_value` varchar(255) DEFAULT NULL,
  `image` varchar(255) DEFAULT NULL,
  `created_at` timestamp NULL DEFAULT NULL,
  `updated_at` timestamp NULL DEFAULT NULL
) ENGINE=InnoDB DEFAULT CHARSET=utf8mb4 COLLATE=utf8mb4_unicode_ci;

-- --------------------------------------------------------

--
-- Table structure for table `product_stocks`
--

CREATE TABLE `product_stocks` (
  `id` bigint(20) UNSIGNED NOT NULL,
  `product_id` bigint(20) DEFAULT NULL,
  `variant` varchar(255) DEFAULT NULL,
  `sku` varchar(255) DEFAULT NULL,
  `price` decimal(8,2) NOT NULL DEFAULT 0.00,
  `qty` int(11) NOT NULL DEFAULT 0,
  `created_at` timestamp NULL DEFAULT NULL,
  `updated_at` timestamp NULL DEFAULT NULL
) ENGINE=InnoDB DEFAULT CHARSET=utf8mb4 COLLATE=utf8mb4_unicode_ci;

-- --------------------------------------------------------

--
-- Table structure for table `product_tag`
--

CREATE TABLE `product_tag` (
  `id` bigint(20) UNSIGNED NOT NULL,
  `product_id` bigint(20) UNSIGNED NOT NULL,
  `tag_id` bigint(20) UNSIGNED NOT NULL,
  `created_at` timestamp NULL DEFAULT NULL,
  `updated_at` timestamp NULL DEFAULT NULL
) ENGINE=InnoDB DEFAULT CHARSET=utf8mb4 COLLATE=utf8mb4_unicode_ci;

-- --------------------------------------------------------

--
-- Table structure for table `refund_requests`
--

CREATE TABLE `refund_requests` (
  `id` bigint(20) UNSIGNED NOT NULL,
  `order_details_id` bigint(20) UNSIGNED NOT NULL,
  `customer_id` bigint(20) UNSIGNED NOT NULL,
  `status` varchar(191) NOT NULL,
  `approved_count` tinyint(4) NOT NULL DEFAULT 0,
  `denied_count` tinyint(4) NOT NULL DEFAULT 0,
  `amount` double(8,2) NOT NULL,
  `product_id` bigint(20) UNSIGNED NOT NULL,
  `order_id` bigint(20) UNSIGNED NOT NULL,
  `refund_reason` longtext NOT NULL,
  `images` text DEFAULT NULL,
  `created_at` timestamp NULL DEFAULT NULL,
  `updated_at` timestamp NULL DEFAULT NULL,
  `approved_note` longtext DEFAULT NULL,
  `rejected_note` longtext DEFAULT NULL,
  `payment_info` longtext DEFAULT NULL,
  `change_by` varchar(191) DEFAULT NULL
) ENGINE=InnoDB DEFAULT CHARSET=utf8mb4 COLLATE=utf8mb4_unicode_ci;

-- --------------------------------------------------------

--
-- Table structure for table `refund_statuses`
--

CREATE TABLE `refund_statuses` (
  `id` bigint(20) UNSIGNED NOT NULL,
  `refund_request_id` bigint(20) UNSIGNED DEFAULT NULL,
  `change_by` varchar(191) DEFAULT NULL,
  `change_by_id` bigint(20) UNSIGNED DEFAULT NULL,
  `status` varchar(191) DEFAULT NULL,
  `message` longtext DEFAULT NULL,
  `created_at` timestamp NULL DEFAULT NULL,
  `updated_at` timestamp NULL DEFAULT NULL
) ENGINE=InnoDB DEFAULT CHARSET=utf8mb4 COLLATE=utf8mb4_unicode_ci;

-- --------------------------------------------------------

--
-- Table structure for table `refund_transactions`
--

CREATE TABLE `refund_transactions` (
  `id` bigint(20) UNSIGNED NOT NULL,
  `order_id` bigint(20) UNSIGNED DEFAULT NULL,
  `payment_for` varchar(191) DEFAULT NULL,
  `payer_id` bigint(20) UNSIGNED DEFAULT NULL,
  `payment_receiver_id` bigint(20) UNSIGNED DEFAULT NULL,
  `paid_by` varchar(191) DEFAULT NULL,
  `paid_to` varchar(191) DEFAULT NULL,
  `payment_method` varchar(191) DEFAULT NULL,
  `payment_status` varchar(191) DEFAULT NULL,
  `amount` double(8,2) DEFAULT NULL,
  `transaction_type` varchar(191) DEFAULT NULL,
  `order_details_id` bigint(20) UNSIGNED DEFAULT NULL,
  `created_at` timestamp NULL DEFAULT NULL,
  `updated_at` timestamp NULL DEFAULT NULL,
  `refund_id` bigint(20) UNSIGNED DEFAULT NULL
) ENGINE=InnoDB DEFAULT CHARSET=utf8mb4 COLLATE=utf8mb4_unicode_ci;

-- --------------------------------------------------------

--
-- Table structure for table `reviews`
--

CREATE TABLE `reviews` (
  `id` bigint(20) UNSIGNED NOT NULL,
  `product_id` bigint(20) NOT NULL,
  `customer_id` bigint(20) NOT NULL,
  `delivery_man_id` bigint(20) DEFAULT NULL,
  `order_id` bigint(20) DEFAULT NULL,
  `comment` mediumtext DEFAULT NULL,
  `attachment` longtext CHARACTER SET utf8mb4 COLLATE utf8mb4_bin DEFAULT NULL CHECK (json_valid(`attachment`)),
  `rating` int(11) NOT NULL DEFAULT 0,
  `status` int(11) NOT NULL DEFAULT 1,
  `is_saved` tinyint(1) NOT NULL DEFAULT 0,
  `created_at` timestamp NULL DEFAULT NULL,
  `updated_at` timestamp NULL DEFAULT NULL
) ENGINE=InnoDB DEFAULT CHARSET=utf8mb4 COLLATE=utf8mb4_unicode_ci;

-- --------------------------------------------------------

--
-- Table structure for table `review_replies`
--

CREATE TABLE `review_replies` (
  `id` bigint(20) UNSIGNED NOT NULL,
  `review_id` int(11) NOT NULL,
  `added_by_id` int(11) DEFAULT NULL,
  `added_by` varchar(255) NOT NULL COMMENT 'customer, seller, admin, deliveryman',
  `reply_text` text DEFAULT NULL,
  `created_at` timestamp NULL DEFAULT NULL,
  `updated_at` timestamp NULL DEFAULT NULL
) ENGINE=InnoDB DEFAULT CHARSET=utf8mb4 COLLATE=utf8mb4_unicode_ci;

-- --------------------------------------------------------

--
-- Table structure for table `robots_meta_contents`
--

CREATE TABLE `robots_meta_contents` (
  `id` bigint(20) UNSIGNED NOT NULL,
  `page_title` varchar(255) DEFAULT NULL,
  `page_name` varchar(255) DEFAULT NULL,
  `page_url` varchar(255) DEFAULT NULL,
  `meta_title` varchar(255) DEFAULT NULL,
  `meta_description` text DEFAULT NULL,
  `meta_image` varchar(255) DEFAULT NULL,
  `canonicals_url` varchar(255) DEFAULT NULL,
  `index` varchar(255) DEFAULT NULL,
  `no_follow` varchar(255) DEFAULT NULL,
  `no_image_index` varchar(255) DEFAULT NULL,
  `no_archive` varchar(255) DEFAULT NULL,
  `no_snippet` varchar(255) DEFAULT NULL,
  `max_snippet` varchar(255) DEFAULT NULL,
  `max_snippet_value` varchar(255) DEFAULT NULL,
  `max_video_preview` varchar(255) DEFAULT NULL,
  `max_video_preview_value` varchar(255) DEFAULT NULL,
  `max_image_preview` varchar(255) DEFAULT NULL,
  `max_image_preview_value` varchar(255) DEFAULT NULL,
  `created_at` timestamp NULL DEFAULT NULL,
  `updated_at` timestamp NULL DEFAULT NULL
) ENGINE=InnoDB DEFAULT CHARSET=utf8mb4 COLLATE=utf8mb4_unicode_ci;

-- --------------------------------------------------------

--
-- Table structure for table `search_functions`
--

CREATE TABLE `search_functions` (
  `id` bigint(20) UNSIGNED NOT NULL,
  `key` varchar(150) DEFAULT NULL,
  `url` varchar(250) DEFAULT NULL,
  `visible_for` varchar(191) NOT NULL DEFAULT 'admin',
  `created_at` timestamp NULL DEFAULT NULL,
  `updated_at` timestamp NULL DEFAULT NULL
) ENGINE=InnoDB DEFAULT CHARSET=utf8mb4 COLLATE=utf8mb4_unicode_ci;

--
-- Dumping data for table `search_functions`
--

INSERT INTO `search_functions` (`id`, `key`, `url`, `visible_for`, `created_at`, `updated_at`) VALUES
(1, 'Dashboard', 'admin/dashboard', 'admin', NULL, NULL),
(2, 'Order All', 'admin/orders/list/all', 'admin', NULL, NULL),
(3, 'Order Pending', 'admin/orders/list/pending', 'admin', NULL, NULL),
(4, 'Order Processed', 'admin/orders/list/processed', 'admin', NULL, NULL),
(5, 'Order Delivered', 'admin/orders/list/delivered', 'admin', NULL, NULL),
(6, 'Order Returned', 'admin/orders/list/returned', 'admin', NULL, NULL),
(7, 'Order Failed', 'admin/orders/list/failed', 'admin', NULL, NULL),
(8, 'Brand Add', 'admin/brand/add-new', 'admin', NULL, NULL),
(9, 'Brand List', 'admin/brand/list', 'admin', NULL, NULL),
(10, 'Banner', 'admin/banner/list', 'admin', NULL, NULL),
(11, 'Category', 'admin/category/view', 'admin', NULL, NULL),
(12, 'Sub Category', 'admin/category/sub-category/view', 'admin', NULL, NULL),
(13, 'Sub sub category', 'admin/category/sub-sub-category/view', 'admin', NULL, NULL),
(14, 'Attribute', 'admin/attribute/view', 'admin', NULL, NULL),
(15, 'Product', 'admin/product/list', 'admin', NULL, NULL),
(16, 'Promotion', 'admin/coupon/add-new', 'admin', NULL, NULL),
(17, 'Custom Role', 'admin/custom-role/create', 'admin', NULL, NULL),
(18, 'Employee', 'admin/employee/add-new', 'admin', NULL, NULL),
(19, 'Seller', 'admin/sellers/seller-list', 'admin', NULL, NULL),
(20, 'Contacts', 'admin/contact/list', 'admin', NULL, NULL),
(21, 'Flash Deal', 'admin/deal/flash', 'admin', NULL, NULL),
(22, 'Deal of the day', 'admin/deal/day', 'admin', NULL, NULL),
(23, 'Language', 'admin/business-settings/language', 'admin', NULL, NULL),
(24, 'Mail', 'admin/business-settings/mail', 'admin', NULL, NULL),
(25, 'Shipping method', 'admin/business-settings/shipping-method/add', 'admin', NULL, NULL),
(26, 'Currency', 'admin/currency/view', 'admin', NULL, NULL),
(27, 'Payment method', 'admin/business-settings/payment-method', 'admin', NULL, NULL),
(28, 'SMS Gateway', 'admin/business-settings/sms-gateway', 'admin', NULL, NULL),
(29, 'Support Ticket', 'admin/support-ticket/view', 'admin', NULL, NULL),
(30, 'FAQ', 'admin/helpTopic/list', 'admin', NULL, NULL),
(31, 'About Us', 'admin/business-settings/about-us', 'admin', NULL, NULL),
(32, 'Terms and Conditions', 'admin/business-settings/terms-condition', 'admin', NULL, NULL),
(33, 'Web Config', 'admin/business-settings/web-config', 'admin', NULL, NULL);

-- --------------------------------------------------------

--
-- Table structure for table `sellers`
--

CREATE TABLE `sellers` (
  `id` bigint(20) UNSIGNED NOT NULL,
  `f_name` varchar(30) DEFAULT NULL,
  `l_name` varchar(30) DEFAULT NULL,
  `phone` varchar(25) DEFAULT NULL,
  `image` varchar(30) NOT NULL DEFAULT 'def.png',
  `email` varchar(80) NOT NULL,
  `password` varchar(80) DEFAULT NULL,
  `status` varchar(15) NOT NULL DEFAULT 'pending',
  `remember_token` varchar(100) DEFAULT NULL,
  `created_at` timestamp NULL DEFAULT NULL,
  `updated_at` timestamp NULL DEFAULT NULL,
  `bank_name` varchar(191) DEFAULT NULL,
  `branch` varchar(191) DEFAULT NULL,
  `account_no` varchar(191) DEFAULT NULL,
  `holder_name` varchar(191) DEFAULT NULL,
  `auth_token` text DEFAULT NULL,
  `sales_commission_percentage` double(8,2) DEFAULT NULL,
  `gst` varchar(191) DEFAULT NULL,
  `cm_firebase_token` varchar(191) DEFAULT NULL,
  `pos_status` tinyint(1) NOT NULL DEFAULT 0,
  `minimum_order_amount` double(8,2) NOT NULL DEFAULT 0.00,
  `free_delivery_status` int(11) NOT NULL DEFAULT 0,
  `free_delivery_over_amount` double(8,2) NOT NULL DEFAULT 0.00,
  `app_language` varchar(191) NOT NULL DEFAULT 'en'
) ENGINE=InnoDB DEFAULT CHARSET=utf8mb4 COLLATE=utf8mb4_unicode_ci;

--
-- Dumping data for table `sellers`
--

INSERT INTO `sellers` (`id`, `f_name`, `l_name`, `phone`, `image`, `email`, `password`, `status`, `remember_token`, `created_at`, `updated_at`, `bank_name`, `branch`, `account_no`, `holder_name`, `auth_token`, `sales_commission_percentage`, `gst`, `cm_firebase_token`, `pos_status`, `minimum_order_amount`, `free_delivery_status`, `free_delivery_over_amount`, `app_language`) VALUES
(1, 'Test Seller', 'Last', '+880877844533', '2024-08-18-66c200a53684a.webp', 'zoyan@gmail.com', '$2y$10$gN45YHdOh.GZC6bhEuUv/O1v9etZM5TYI1RmjSFLkiC4hmltcuIRy', 'approved', NULL, '2024-08-18 20:09:41', '2024-08-18 20:10:50', NULL, NULL, NULL, NULL, NULL, NULL, NULL, NULL, 0, 0.00, 0, 0.00, 'en');

-- --------------------------------------------------------

--
-- Table structure for table `seller_wallets`
--

CREATE TABLE `seller_wallets` (
  `id` bigint(20) UNSIGNED NOT NULL,
  `seller_id` bigint(20) DEFAULT NULL,
  `total_earning` double NOT NULL DEFAULT 0,
  `withdrawn` double NOT NULL DEFAULT 0,
  `created_at` timestamp NULL DEFAULT NULL,
  `updated_at` timestamp NULL DEFAULT NULL,
  `commission_given` double(8,2) NOT NULL DEFAULT 0.00,
  `pending_withdraw` double(8,2) NOT NULL DEFAULT 0.00,
  `delivery_charge_earned` double(8,2) NOT NULL DEFAULT 0.00,
  `collected_cash` double(8,2) NOT NULL DEFAULT 0.00,
  `total_tax_collected` double(8,2) NOT NULL DEFAULT 0.00
) ENGINE=InnoDB DEFAULT CHARSET=utf8mb4 COLLATE=utf8mb4_unicode_ci;

--
-- Dumping data for table `seller_wallets`
--

INSERT INTO `seller_wallets` (`id`, `seller_id`, `total_earning`, `withdrawn`, `created_at`, `updated_at`, `commission_given`, `pending_withdraw`, `delivery_charge_earned`, `collected_cash`, `total_tax_collected`) VALUES
(1, 1, 0, 0, '2024-08-18 20:09:41', '2024-08-18 20:09:41', 0.00, 0.00, 0.00, 0.00, 0.00);

-- --------------------------------------------------------

--
-- Table structure for table `seller_wallet_histories`
--

CREATE TABLE `seller_wallet_histories` (
  `id` bigint(20) UNSIGNED NOT NULL,
  `seller_id` bigint(20) DEFAULT NULL,
  `amount` double NOT NULL DEFAULT 0,
  `order_id` bigint(20) DEFAULT NULL,
  `product_id` bigint(20) DEFAULT NULL,
  `payment` varchar(191) NOT NULL DEFAULT 'received',
  `created_at` timestamp NULL DEFAULT NULL,
  `updated_at` timestamp NULL DEFAULT NULL
) ENGINE=InnoDB DEFAULT CHARSET=utf8mb4 COLLATE=utf8mb4_unicode_ci;

-- --------------------------------------------------------

--
-- Table structure for table `shipping_addresses`
--

CREATE TABLE `shipping_addresses` (
  `id` bigint(20) UNSIGNED NOT NULL,
  `customer_id` varchar(15) DEFAULT NULL,
  `is_guest` tinyint(4) NOT NULL DEFAULT 0,
  `contact_person_name` varchar(50) DEFAULT NULL,
  `email` varchar(255) DEFAULT NULL,
  `address_type` varchar(20) NOT NULL DEFAULT 'home',
  `address` varchar(255) DEFAULT NULL,
  `city` varchar(50) DEFAULT NULL,
  `zip` varchar(10) DEFAULT NULL,
  `phone` varchar(20) DEFAULT NULL,
  `created_at` timestamp NULL DEFAULT NULL,
  `updated_at` timestamp NULL DEFAULT NULL,
  `state` varchar(191) DEFAULT NULL,
  `country` varchar(191) DEFAULT NULL,
  `latitude` varchar(191) DEFAULT NULL,
  `longitude` varchar(191) DEFAULT NULL,
  `is_billing` tinyint(1) DEFAULT NULL
) ENGINE=InnoDB DEFAULT CHARSET=utf8mb4 COLLATE=utf8mb4_unicode_ci;

-- --------------------------------------------------------

--
-- Table structure for table `shipping_methods`
--

CREATE TABLE `shipping_methods` (
  `id` bigint(20) UNSIGNED NOT NULL,
  `creator_id` bigint(20) DEFAULT NULL,
  `creator_type` varchar(191) NOT NULL DEFAULT 'admin',
  `title` varchar(100) DEFAULT NULL,
  `cost` decimal(8,2) NOT NULL DEFAULT 0.00,
  `duration` varchar(20) DEFAULT NULL,
  `status` tinyint(1) NOT NULL DEFAULT 1,
  `created_at` timestamp NULL DEFAULT NULL,
  `updated_at` timestamp NULL DEFAULT NULL
) ENGINE=InnoDB DEFAULT CHARSET=utf8mb4 COLLATE=utf8mb4_unicode_ci;

--
-- Dumping data for table `shipping_methods`
--

INSERT INTO `shipping_methods` (`id`, `creator_id`, `creator_type`, `title`, `cost`, `duration`, `status`, `created_at`, `updated_at`) VALUES
(2, 1, 'admin', 'Company Vehicle', 5.00, '2 Week', 1, '2021-05-25 20:57:04', '2021-05-25 20:57:04');

-- --------------------------------------------------------

--
-- Table structure for table `shipping_types`
--

CREATE TABLE `shipping_types` (
  `id` bigint(20) UNSIGNED NOT NULL,
  `seller_id` bigint(20) UNSIGNED DEFAULT NULL,
  `shipping_type` varchar(191) DEFAULT NULL,
  `created_at` timestamp NULL DEFAULT NULL,
  `updated_at` timestamp NULL DEFAULT NULL
) ENGINE=InnoDB DEFAULT CHARSET=utf8mb4 COLLATE=utf8mb4_unicode_ci;

--
-- Dumping data for table `shipping_types`
--

INSERT INTO `shipping_types` (`id`, `seller_id`, `shipping_type`, `created_at`, `updated_at`) VALUES
(1, 0, 'order_wise', '2024-08-18 20:04:05', '2024-08-18 20:04:05');

-- --------------------------------------------------------

--
-- Table structure for table `shops`
--

CREATE TABLE `shops` (
  `id` bigint(20) UNSIGNED NOT NULL,
  `seller_id` bigint(20) NOT NULL,
  `name` varchar(100) NOT NULL,
  `slug` varchar(191) NOT NULL DEFAULT 'en',
  `address` varchar(255) NOT NULL,
  `contact` varchar(25) NOT NULL,
  `image` varchar(30) NOT NULL DEFAULT 'def.png',
  `image_storage_type` varchar(10) DEFAULT 'public',
  `bottom_banner` varchar(191) DEFAULT NULL,
  `bottom_banner_storage_type` varchar(10) DEFAULT 'public',
  `offer_banner` varchar(255) DEFAULT NULL,
  `offer_banner_storage_type` varchar(10) DEFAULT 'public',
  `vacation_start_date` date DEFAULT NULL,
  `vacation_end_date` date DEFAULT NULL,
  `vacation_note` varchar(255) DEFAULT NULL,
  `vacation_status` tinyint(4) NOT NULL DEFAULT 0,
  `temporary_close` tinyint(4) NOT NULL DEFAULT 0,
  `created_at` timestamp NULL DEFAULT NULL,
  `updated_at` timestamp NULL DEFAULT NULL,
  `banner` varchar(191) NOT NULL,
  `banner_storage_type` varchar(10) DEFAULT 'public'
) ENGINE=InnoDB DEFAULT CHARSET=utf8mb4 COLLATE=utf8mb4_unicode_ci;

--
-- Dumping data for table `shops`
--

INSERT INTO `shops` (`id`, `seller_id`, `name`, `slug`, `address`, `contact`, `image`, `image_storage_type`, `bottom_banner`, `bottom_banner_storage_type`, `offer_banner`, `offer_banner_storage_type`, `vacation_start_date`, `vacation_end_date`, `vacation_note`, `vacation_status`, `temporary_close`, `created_at`, `updated_at`, `banner`, `banner_storage_type`) VALUES
(1, 1, 'Tech Shop', 'tech-shop-lFgoRE', 'gujranwala', '+880877844533', '2024-08-18-66c200a544180.webp', 'public', 'def.png', 'public', NULL, 'public', NULL, NULL, NULL, 0, 0, '2024-08-18 20:09:41', '2024-08-18 20:09:41', '2024-08-18-66c200a5c40c3.webp', 'public');

-- --------------------------------------------------------

--
-- Table structure for table `shop_followers`
--

CREATE TABLE `shop_followers` (
  `id` bigint(20) UNSIGNED NOT NULL,
  `shop_id` int(11) NOT NULL,
  `user_id` int(11) NOT NULL COMMENT 'Customer ID',
  `created_at` timestamp NULL DEFAULT NULL,
  `updated_at` timestamp NULL DEFAULT NULL
) ENGINE=InnoDB DEFAULT CHARSET=utf8mb4 COLLATE=utf8mb4_unicode_ci;

-- --------------------------------------------------------

--
-- Table structure for table `social_medias`
--

CREATE TABLE `social_medias` (
  `id` bigint(20) UNSIGNED NOT NULL,
  `name` varchar(100) NOT NULL,
  `link` varchar(100) NOT NULL,
  `icon` varchar(100) DEFAULT NULL,
  `active_status` int(11) NOT NULL,
  `status` tinyint(1) NOT NULL DEFAULT 1,
  `created_at` timestamp NULL DEFAULT NULL,
  `updated_at` timestamp NULL DEFAULT NULL
) ENGINE=InnoDB DEFAULT CHARSET=utf8mb4 COLLATE=utf8mb4_unicode_ci;

--
-- Dumping data for table `social_medias`
--

INSERT INTO `social_medias` (`id`, `name`, `link`, `icon`, `active_status`, `status`, `created_at`, `updated_at`) VALUES
(1, 'twitter', 'https://www.w3schools.com/howto/howto_css_table_responsive.asp', 'fa fa-twitter', 1, 1, '2020-12-31 21:18:03', '2020-12-31 21:18:25'),
(2, 'linkedin', 'https://dev.6amtech.com/', 'fa fa-linkedin', 1, 1, '2021-02-27 16:23:01', '2021-02-27 16:23:05'),
(3, 'google-plus', 'https://dev.6amtech.com/', 'fa fa-google-plus-square', 1, 1, '2021-02-27 16:23:30', '2021-02-27 16:23:33'),
(4, 'pinterest', 'https://dev.6amtech.com/', 'fa fa-pinterest', 1, 1, '2021-02-27 16:24:14', '2021-02-27 16:24:26'),
(5, 'instagram', 'https://dev.6amtech.com/', 'fa fa-instagram', 1, 1, '2021-02-27 16:24:36', '2021-02-27 16:24:41'),
(6, 'facebook', 'facebook.com', 'fa fa-facebook', 1, 1, '2021-02-27 19:19:42', '2021-06-11 17:41:59');

-- --------------------------------------------------------

--
-- Table structure for table `soft_credentials`
--

CREATE TABLE `soft_credentials` (
  `id` bigint(20) UNSIGNED NOT NULL,
  `key` varchar(191) DEFAULT NULL,
  `value` longtext DEFAULT NULL,
  `created_at` timestamp NULL DEFAULT NULL,
  `updated_at` timestamp NULL DEFAULT NULL
) ENGINE=InnoDB DEFAULT CHARSET=utf8mb4 COLLATE=utf8mb4_unicode_ci;

-- --------------------------------------------------------

--
-- Table structure for table `storages`
--

CREATE TABLE `storages` (
  `id` bigint(20) UNSIGNED NOT NULL,
  `data_type` varchar(255) NOT NULL,
  `data_id` varchar(100) NOT NULL,
  `key` varchar(255) DEFAULT NULL,
  `value` varchar(255) NOT NULL,
  `created_at` timestamp NULL DEFAULT NULL,
  `updated_at` timestamp NULL DEFAULT NULL
) ENGINE=InnoDB DEFAULT CHARSET=utf8mb4 COLLATE=utf8mb4_unicode_ci;

--
-- Dumping data for table `storages`
--

INSERT INTO `storages` (`id`, `data_type`, `data_id`, `key`, `value`, `created_at`, `updated_at`) VALUES
(1, 'App\\Models\\Seller', '1', 'image', 'public', '2024-08-18 20:09:41', '2024-08-18 20:09:41'),
(2, 'App\\Models\\Admin', '2', 'image', 'public', '2024-10-18 06:02:31', '2024-10-18 06:02:31'),
(3, 'App\\Models\\Admin', '2', 'identify_image', 'public', '2024-10-18 06:02:31', '2024-10-18 06:02:31');

-- --------------------------------------------------------

--
-- Table structure for table `subscriptions`
--

CREATE TABLE `subscriptions` (
  `id` bigint(20) UNSIGNED NOT NULL,
  `email` varchar(191) DEFAULT NULL,
  `created_at` timestamp NULL DEFAULT NULL,
  `updated_at` timestamp NULL DEFAULT NULL
) ENGINE=InnoDB DEFAULT CHARSET=utf8mb4 COLLATE=utf8mb4_unicode_ci;

-- --------------------------------------------------------

--
-- Table structure for table `support_tickets`
--

CREATE TABLE `support_tickets` (
  `id` bigint(20) UNSIGNED NOT NULL,
  `customer_id` bigint(20) DEFAULT NULL,
  `subject` varchar(150) DEFAULT NULL,
  `type` varchar(50) DEFAULT NULL,
  `priority` varchar(15) NOT NULL DEFAULT 'low',
  `description` varchar(255) DEFAULT NULL,
  `attachment` longtext CHARACTER SET utf8mb4 COLLATE utf8mb4_bin DEFAULT NULL CHECK (json_valid(`attachment`)),
  `reply` varchar(255) DEFAULT NULL,
  `status` varchar(15) NOT NULL DEFAULT 'open',
  `created_at` timestamp NULL DEFAULT NULL,
  `updated_at` timestamp NULL DEFAULT NULL
) ENGINE=InnoDB DEFAULT CHARSET=utf8mb4 COLLATE=utf8mb4_unicode_ci;

-- --------------------------------------------------------

--
-- Table structure for table `support_ticket_convs`
--

CREATE TABLE `support_ticket_convs` (
  `id` bigint(20) UNSIGNED NOT NULL,
  `support_ticket_id` bigint(20) DEFAULT NULL,
  `admin_id` bigint(20) DEFAULT NULL,
  `customer_message` varchar(191) DEFAULT NULL,
  `attachment` longtext CHARACTER SET utf8mb4 COLLATE utf8mb4_bin DEFAULT NULL CHECK (json_valid(`attachment`)),
  `admin_message` varchar(191) DEFAULT NULL,
  `position` int(11) NOT NULL DEFAULT 0,
  `created_at` timestamp NULL DEFAULT NULL,
  `updated_at` timestamp NULL DEFAULT NULL
) ENGINE=InnoDB DEFAULT CHARSET=utf8mb4 COLLATE=utf8mb4_unicode_ci;

-- --------------------------------------------------------

--
-- Table structure for table `tags`
--

CREATE TABLE `tags` (
  `id` bigint(20) UNSIGNED NOT NULL,
  `tag` varchar(191) NOT NULL,
  `visit_count` bigint(20) UNSIGNED NOT NULL DEFAULT 0,
  `created_at` timestamp NULL DEFAULT NULL,
  `updated_at` timestamp NULL DEFAULT NULL
) ENGINE=InnoDB DEFAULT CHARSET=utf8mb4 COLLATE=utf8mb4_unicode_ci;

-- --------------------------------------------------------

--
-- Table structure for table `transactions`
--

CREATE TABLE `transactions` (
  `id` int(10) UNSIGNED NOT NULL,
  `order_id` bigint(20) DEFAULT NULL,
  `payment_for` varchar(100) DEFAULT NULL,
  `payer_id` bigint(20) DEFAULT NULL,
  `payment_receiver_id` bigint(20) DEFAULT NULL,
  `paid_by` varchar(15) DEFAULT NULL,
  `paid_to` varchar(15) DEFAULT NULL,
  `payment_method` varchar(15) DEFAULT NULL,
  `payment_status` varchar(10) NOT NULL DEFAULT 'success',
  `created_at` timestamp NULL DEFAULT NULL,
  `updated_at` timestamp NULL DEFAULT NULL,
  `amount` double(8,2) NOT NULL DEFAULT 0.00,
  `transaction_type` varchar(191) DEFAULT NULL,
  `order_details_id` bigint(20) UNSIGNED DEFAULT NULL
) ENGINE=InnoDB DEFAULT CHARSET=utf8mb4 COLLATE=utf8mb4_unicode_ci;

-- --------------------------------------------------------

--
-- Table structure for table `translations`
--

CREATE TABLE `translations` (
  `translationable_type` varchar(191) NOT NULL,
  `translationable_id` bigint(20) UNSIGNED NOT NULL,
  `locale` varchar(191) NOT NULL,
  `key` varchar(191) DEFAULT NULL,
  `value` text DEFAULT NULL,
  `id` bigint(20) UNSIGNED NOT NULL
) ENGINE=InnoDB DEFAULT CHARSET=utf8mb4 COLLATE=utf8mb4_unicode_ci;

-- --------------------------------------------------------

--
-- Table structure for table `users`
--

CREATE TABLE `users` (
  `id` bigint(20) UNSIGNED NOT NULL,
  `name` varchar(80) DEFAULT NULL,
  `f_name` varchar(255) DEFAULT NULL,
  `l_name` varchar(255) DEFAULT NULL,
  `phone` varchar(25) NOT NULL,
  `image` varchar(30) NOT NULL DEFAULT 'def.png',
  `email` varchar(80) NOT NULL,
  `email_verified_at` timestamp NULL DEFAULT NULL,
  `password` varchar(80) NOT NULL,
  `remember_token` varchar(100) DEFAULT NULL,
  `created_at` timestamp NULL DEFAULT NULL,
  `updated_at` timestamp NULL DEFAULT NULL,
  `street_address` varchar(250) DEFAULT NULL,
  `country` varchar(50) DEFAULT NULL,
  `city` varchar(50) DEFAULT NULL,
  `zip` varchar(20) DEFAULT NULL,
  `house_no` varchar(50) DEFAULT NULL,
  `apartment_no` varchar(50) DEFAULT NULL,
  `cm_firebase_token` varchar(191) DEFAULT NULL,
  `is_active` tinyint(1) NOT NULL DEFAULT 1,
  `payment_card_last_four` varchar(191) DEFAULT NULL,
  `payment_card_brand` varchar(191) DEFAULT NULL,
  `payment_card_fawry_token` text DEFAULT NULL,
  `login_medium` varchar(191) DEFAULT NULL,
  `social_id` varchar(191) DEFAULT NULL,
  `is_phone_verified` tinyint(1) NOT NULL DEFAULT 0,
  `temporary_token` varchar(191) DEFAULT NULL,
  `is_email_verified` tinyint(1) NOT NULL DEFAULT 0,
  `wallet_balance` double(8,2) DEFAULT NULL,
  `loyalty_point` double(8,2) DEFAULT NULL,
  `login_hit_count` tinyint(4) NOT NULL DEFAULT 0,
  `is_temp_blocked` tinyint(1) NOT NULL DEFAULT 0,
  `temp_block_time` timestamp NULL DEFAULT NULL,
  `referral_code` varchar(255) DEFAULT NULL,
  `referred_by` int(11) DEFAULT NULL,
  `app_language` varchar(191) NOT NULL DEFAULT 'en'
) ENGINE=InnoDB DEFAULT CHARSET=utf8mb4 COLLATE=utf8mb4_unicode_ci;

--
-- Dumping data for table `users`
--

INSERT INTO `users` (`id`, `name`, `f_name`, `l_name`, `phone`, `image`, `email`, `email_verified_at`, `password`, `remember_token`, `created_at`, `updated_at`, `street_address`, `country`, `city`, `zip`, `house_no`, `apartment_no`, `cm_firebase_token`, `is_active`, `payment_card_last_four`, `payment_card_brand`, `payment_card_fawry_token`, `login_medium`, `social_id`, `is_phone_verified`, `temporary_token`, `is_email_verified`, `wallet_balance`, `loyalty_point`, `login_hit_count`, `is_temp_blocked`, `temp_block_time`, `referral_code`, `referred_by`, `app_language`) VALUES
(0, 'walking customer', 'walking', 'customer', '000000000000', 'def.png', 'walking@customer.com', NULL, '', NULL, NULL, '2022-02-03 03:46:01', NULL, NULL, NULL, NULL, NULL, NULL, NULL, 1, NULL, NULL, NULL, NULL, NULL, 0, NULL, 0, NULL, NULL, 0, 0, NULL, NULL, NULL, 'en'),
(2, 'Salon Admin', 'Salon', 'Admin', '+929808793720', 'def.png', 'customer@gmail.com', NULL, '$2y$10$uKgaLKHiU1DiDLjgPkCVze62nWXvJxXqOVLKTQxScmvmK194BlgJG', NULL, '2024-10-18 06:16:33', '2024-10-18 06:21:31', NULL, NULL, NULL, NULL, NULL, NULL, NULL, 1, NULL, NULL, NULL, NULL, NULL, 0, NULL, 0, NULL, NULL, 0, 0, NULL, 'MXLQSQ1UXDEWQ0YKIUIN', NULL, 'en');

-- --------------------------------------------------------

--
-- Table structure for table `vendor_registration_reasons`
--

CREATE TABLE `vendor_registration_reasons` (
  `id` bigint(20) UNSIGNED NOT NULL,
  `title` varchar(191) NOT NULL,
  `description` text DEFAULT NULL,
  `priority` tinyint(4) NOT NULL DEFAULT 1,
  `status` tinyint(4) NOT NULL DEFAULT 1,
  `created_at` timestamp NULL DEFAULT NULL,
  `updated_at` timestamp NULL DEFAULT NULL
) ENGINE=InnoDB DEFAULT CHARSET=utf8mb4 COLLATE=utf8mb4_unicode_ci;

--
-- Dumping data for table `vendor_registration_reasons`
--

INSERT INTO `vendor_registration_reasons` (`id`, `title`, `description`, `priority`, `status`, `created_at`, `updated_at`) VALUES
(1, 'Millions of Users', 'Access a vast audience with millions of active users ready to buy your products.', 1, 1, NULL, NULL),
(2, 'Free Marketing', 'Benefit from our extensive, no-cost marketing efforts to boost your visibility and sales.', 2, 1, NULL, NULL),
(3, 'SEO Friendly', 'Enjoy enhanced search visibility with our SEO-friendly platform, driving more traffic to your listings.', 3, 1, NULL, NULL),
(4, '24/7 Support', 'Get round-the-clock support from our dedicated team to resolve any issues and assist you anytime.', 4, 1, NULL, NULL),
(5, 'Easy Onboarding', 'Start selling quickly with our user-friendly onboarding process designed to get you up and running fast.', 5, 1, NULL, NULL);

-- --------------------------------------------------------

--
-- Table structure for table `wallet_transactions`
--

CREATE TABLE `wallet_transactions` (
  `id` bigint(20) UNSIGNED NOT NULL,
  `user_id` bigint(20) UNSIGNED DEFAULT NULL,
  `transaction_id` char(36) NOT NULL,
  `credit` decimal(24,3) NOT NULL DEFAULT 0.000,
  `debit` decimal(24,3) NOT NULL DEFAULT 0.000,
  `admin_bonus` decimal(24,3) NOT NULL DEFAULT 0.000,
  `balance` decimal(24,3) NOT NULL DEFAULT 0.000,
  `transaction_type` varchar(191) DEFAULT NULL,
  `payment_method` varchar(255) DEFAULT NULL,
  `reference` varchar(191) DEFAULT NULL,
  `created_at` timestamp NULL DEFAULT NULL,
  `updated_at` timestamp NULL DEFAULT NULL
) ENGINE=InnoDB DEFAULT CHARSET=utf8mb4 COLLATE=utf8mb4_unicode_ci;

-- --------------------------------------------------------

--
-- Table structure for table `wishlists`
--

CREATE TABLE `wishlists` (
  `id` bigint(20) UNSIGNED NOT NULL,
  `customer_id` bigint(20) NOT NULL,
  `product_id` bigint(20) NOT NULL,
  `created_at` timestamp NULL DEFAULT NULL,
  `updated_at` timestamp NULL DEFAULT NULL
) ENGINE=InnoDB DEFAULT CHARSET=utf8mb4 COLLATE=utf8mb4_unicode_ci;

-- --------------------------------------------------------

--
-- Table structure for table `withdrawal_methods`
--

CREATE TABLE `withdrawal_methods` (
  `id` bigint(20) UNSIGNED NOT NULL,
  `method_name` varchar(191) NOT NULL,
  `method_fields` text NOT NULL,
  `is_default` tinyint(4) NOT NULL DEFAULT 0,
  `is_active` tinyint(4) NOT NULL DEFAULT 1,
  `created_at` timestamp NULL DEFAULT NULL,
  `updated_at` timestamp NULL DEFAULT NULL
) ENGINE=InnoDB DEFAULT CHARSET=utf8mb4 COLLATE=utf8mb4_unicode_ci;

-- --------------------------------------------------------

--
-- Table structure for table `withdraw_requests`
--

CREATE TABLE `withdraw_requests` (
  `id` bigint(20) UNSIGNED NOT NULL,
  `seller_id` bigint(20) DEFAULT NULL,
  `delivery_man_id` bigint(20) DEFAULT NULL,
  `admin_id` bigint(20) DEFAULT NULL,
  `amount` varchar(191) NOT NULL DEFAULT '0.00',
  `withdrawal_method_id` bigint(20) UNSIGNED DEFAULT NULL,
  `withdrawal_method_fields` longtext CHARACTER SET utf8mb4 COLLATE utf8mb4_bin DEFAULT NULL,
  `transaction_note` text DEFAULT NULL,
  `approved` tinyint(1) NOT NULL DEFAULT 0,
  `created_at` timestamp NULL DEFAULT NULL,
  `updated_at` timestamp NULL DEFAULT NULL
) ENGINE=InnoDB DEFAULT CHARSET=utf8mb4 COLLATE=utf8mb4_unicode_ci;

--
-- Indexes for dumped tables
--

--
-- Indexes for table `addon_settings`
--
ALTER TABLE `addon_settings`
  ADD PRIMARY KEY (`id`),
  ADD KEY `payment_settings_id_index` (`id`);

--
-- Indexes for table `add_fund_bonus_categories`
--
ALTER TABLE `add_fund_bonus_categories`
  ADD PRIMARY KEY (`id`);

--
-- Indexes for table `admins`
--
ALTER TABLE `admins`
  ADD PRIMARY KEY (`id`),
  ADD UNIQUE KEY `admins_email_unique` (`email`);

--
-- Indexes for table `admin_roles`
--
ALTER TABLE `admin_roles`
  ADD PRIMARY KEY (`id`);

--
-- Indexes for table `admin_wallets`
--
ALTER TABLE `admin_wallets`
  ADD PRIMARY KEY (`id`);

--
-- Indexes for table `admin_wallet_histories`
--
ALTER TABLE `admin_wallet_histories`
  ADD PRIMARY KEY (`id`);

--
-- Indexes for table `attributes`
--
ALTER TABLE `attributes`
  ADD PRIMARY KEY (`id`);

--
-- Indexes for table `banners`
--
ALTER TABLE `banners`
  ADD PRIMARY KEY (`id`);

--
-- Indexes for table `billing_addresses`
--
ALTER TABLE `billing_addresses`
  ADD PRIMARY KEY (`id`);

--
-- Indexes for table `brands`
--
ALTER TABLE `brands`
  ADD PRIMARY KEY (`id`);

--
-- Indexes for table `business_settings`
--
ALTER TABLE `business_settings`
  ADD PRIMARY KEY (`id`);

--
-- Indexes for table `carts`
--
ALTER TABLE `carts`
  ADD PRIMARY KEY (`id`);

--
-- Indexes for table `cart_shippings`
--
ALTER TABLE `cart_shippings`
  ADD PRIMARY KEY (`id`);

--
-- Indexes for table `categories`
--
ALTER TABLE `categories`
  ADD PRIMARY KEY (`id`);

--
-- Indexes for table `category_shipping_costs`
--
ALTER TABLE `category_shipping_costs`
  ADD PRIMARY KEY (`id`);

--
-- Indexes for table `chattings`
--
ALTER TABLE `chattings`
  ADD PRIMARY KEY (`id`);

--
-- Indexes for table `colors`
--
ALTER TABLE `colors`
  ADD PRIMARY KEY (`id`);

--
-- Indexes for table `contacts`
--
ALTER TABLE `contacts`
  ADD PRIMARY KEY (`id`);

--
-- Indexes for table `coupons`
--
ALTER TABLE `coupons`
  ADD PRIMARY KEY (`id`);

--
-- Indexes for table `currencies`
--
ALTER TABLE `currencies`
  ADD PRIMARY KEY (`id`);

--
-- Indexes for table `customer_wallets`
--
ALTER TABLE `customer_wallets`
  ADD PRIMARY KEY (`id`);

--
-- Indexes for table `customer_wallet_histories`
--
ALTER TABLE `customer_wallet_histories`
  ADD PRIMARY KEY (`id`);

--
-- Indexes for table `deal_of_the_days`
--
ALTER TABLE `deal_of_the_days`
  ADD PRIMARY KEY (`id`);

--
-- Indexes for table `deliveryman_notifications`
--
ALTER TABLE `deliveryman_notifications`
  ADD PRIMARY KEY (`id`);

--
-- Indexes for table `deliveryman_wallets`
--
ALTER TABLE `deliveryman_wallets`
  ADD PRIMARY KEY (`id`);

--
-- Indexes for table `delivery_country_codes`
--
ALTER TABLE `delivery_country_codes`
  ADD PRIMARY KEY (`id`);

--
-- Indexes for table `delivery_histories`
--
ALTER TABLE `delivery_histories`
  ADD PRIMARY KEY (`id`);

--
-- Indexes for table `delivery_man_transactions`
--
ALTER TABLE `delivery_man_transactions`
  ADD PRIMARY KEY (`id`);

--
-- Indexes for table `delivery_men`
--
ALTER TABLE `delivery_men`
  ADD PRIMARY KEY (`id`);

--
-- Indexes for table `delivery_zip_codes`
--
ALTER TABLE `delivery_zip_codes`
  ADD PRIMARY KEY (`id`);

--
-- Indexes for table `digital_product_otp_verifications`
--
ALTER TABLE `digital_product_otp_verifications`
  ADD PRIMARY KEY (`id`);

--
-- Indexes for table `digital_product_variations`
--
ALTER TABLE `digital_product_variations`
  ADD PRIMARY KEY (`id`);

--
-- Indexes for table `email_templates`
--
ALTER TABLE `email_templates`
  ADD PRIMARY KEY (`id`);

--
-- Indexes for table `emergency_contacts`
--
ALTER TABLE `emergency_contacts`
  ADD PRIMARY KEY (`id`);

--
-- Indexes for table `error_logs`
--
ALTER TABLE `error_logs`
  ADD PRIMARY KEY (`id`);

--
-- Indexes for table `failed_jobs`
--
ALTER TABLE `failed_jobs`
  ADD PRIMARY KEY (`id`);

--
-- Indexes for table `feature_deals`
--
ALTER TABLE `feature_deals`
  ADD PRIMARY KEY (`id`);

--
-- Indexes for table `flash_deals`
--
ALTER TABLE `flash_deals`
  ADD PRIMARY KEY (`id`);

--
-- Indexes for table `flash_deal_products`
--
ALTER TABLE `flash_deal_products`
  ADD PRIMARY KEY (`id`);

--
-- Indexes for table `guest_users`
--
ALTER TABLE `guest_users`
  ADD PRIMARY KEY (`id`);

--
-- Indexes for table `help_topics`
--
ALTER TABLE `help_topics`
  ADD PRIMARY KEY (`id`);

--
-- Indexes for table `jobs`
--
ALTER TABLE `jobs`
  ADD PRIMARY KEY (`id`),
  ADD KEY `jobs_queue_index` (`queue`);

--
-- Indexes for table `loyalty_point_transactions`
--
ALTER TABLE `loyalty_point_transactions`
  ADD PRIMARY KEY (`id`);

--
-- Indexes for table `migrations`
--
ALTER TABLE `migrations`
  ADD PRIMARY KEY (`id`);

--
-- Indexes for table `most_demandeds`
--
ALTER TABLE `most_demandeds`
  ADD PRIMARY KEY (`id`);

--
-- Indexes for table `notifications`
--
ALTER TABLE `notifications`
  ADD PRIMARY KEY (`id`);

--
-- Indexes for table `notification_messages`
--
ALTER TABLE `notification_messages`
  ADD PRIMARY KEY (`id`);

--
-- Indexes for table `notification_seens`
--
ALTER TABLE `notification_seens`
  ADD PRIMARY KEY (`id`);

--
-- Indexes for table `oauth_access_tokens`
--
ALTER TABLE `oauth_access_tokens`
  ADD PRIMARY KEY (`id`),
  ADD KEY `oauth_access_tokens_user_id_index` (`user_id`);

--
-- Indexes for table `oauth_auth_codes`
--
ALTER TABLE `oauth_auth_codes`
  ADD PRIMARY KEY (`id`);

--
-- Indexes for table `oauth_clients`
--
ALTER TABLE `oauth_clients`
  ADD PRIMARY KEY (`id`),
  ADD KEY `oauth_clients_user_id_index` (`user_id`);

--
-- Indexes for table `oauth_personal_access_clients`
--
ALTER TABLE `oauth_personal_access_clients`
  ADD PRIMARY KEY (`id`),
  ADD KEY `oauth_personal_access_clients_client_id_index` (`client_id`);

--
-- Indexes for table `oauth_refresh_tokens`
--
ALTER TABLE `oauth_refresh_tokens`
  ADD PRIMARY KEY (`id`),
  ADD KEY `oauth_refresh_tokens_access_token_id_index` (`access_token_id`);

--
-- Indexes for table `offline_payments`
--
ALTER TABLE `offline_payments`
  ADD PRIMARY KEY (`id`);

--
-- Indexes for table `offline_payment_methods`
--
ALTER TABLE `offline_payment_methods`
  ADD PRIMARY KEY (`id`);

--
-- Indexes for table `orders`
--
ALTER TABLE `orders`
  ADD PRIMARY KEY (`id`);

--
-- Indexes for table `order_delivery_verifications`
--
ALTER TABLE `order_delivery_verifications`
  ADD PRIMARY KEY (`id`);

--
-- Indexes for table `order_details`
--
ALTER TABLE `order_details`
  ADD PRIMARY KEY (`id`);

--
-- Indexes for table `order_expected_delivery_histories`
--
ALTER TABLE `order_expected_delivery_histories`
  ADD PRIMARY KEY (`id`);

--
-- Indexes for table `order_status_histories`
--
ALTER TABLE `order_status_histories`
  ADD PRIMARY KEY (`id`);

--
-- Indexes for table `order_transactions`
--
ALTER TABLE `order_transactions`
  ADD PRIMARY KEY (`id`);

--
-- Indexes for table `password_resets`
--
ALTER TABLE `password_resets`
  ADD PRIMARY KEY (`id`),
  ADD KEY `password_resets_email_index` (`identity`);

--
-- Indexes for table `paytabs_invoices`
--
ALTER TABLE `paytabs_invoices`
  ADD PRIMARY KEY (`id`);

--
-- Indexes for table `personal_access_tokens`
--
ALTER TABLE `personal_access_tokens`
  ADD PRIMARY KEY (`id`),
  ADD UNIQUE KEY `personal_access_tokens_token_unique` (`token`),
  ADD KEY `personal_access_tokens_tokenable_type_tokenable_id_index` (`tokenable_type`,`tokenable_id`);

--
-- Indexes for table `phone_or_email_verifications`
--
ALTER TABLE `phone_or_email_verifications`
  ADD PRIMARY KEY (`id`);

--
-- Indexes for table `products`
--
ALTER TABLE `products`
  ADD PRIMARY KEY (`id`);

--
-- Indexes for table `product_compares`
--
ALTER TABLE `product_compares`
  ADD PRIMARY KEY (`id`);

--
-- Indexes for table `product_seos`
--
ALTER TABLE `product_seos`
  ADD PRIMARY KEY (`id`);

--
-- Indexes for table `product_stocks`
--
ALTER TABLE `product_stocks`
  ADD PRIMARY KEY (`id`);

--
-- Indexes for table `product_tag`
--
ALTER TABLE `product_tag`
  ADD PRIMARY KEY (`id`);

--
-- Indexes for table `refund_requests`
--
ALTER TABLE `refund_requests`
  ADD PRIMARY KEY (`id`);

--
-- Indexes for table `refund_statuses`
--
ALTER TABLE `refund_statuses`
  ADD PRIMARY KEY (`id`);

--
-- Indexes for table `refund_transactions`
--
ALTER TABLE `refund_transactions`
  ADD PRIMARY KEY (`id`);

--
-- Indexes for table `reviews`
--
ALTER TABLE `reviews`
  ADD PRIMARY KEY (`id`);

--
-- Indexes for table `review_replies`
--
ALTER TABLE `review_replies`
  ADD PRIMARY KEY (`id`);

--
-- Indexes for table `robots_meta_contents`
--
ALTER TABLE `robots_meta_contents`
  ADD PRIMARY KEY (`id`);

--
-- Indexes for table `search_functions`
--
ALTER TABLE `search_functions`
  ADD PRIMARY KEY (`id`);

--
-- Indexes for table `sellers`
--
ALTER TABLE `sellers`
  ADD PRIMARY KEY (`id`),
  ADD UNIQUE KEY `sellers_email_unique` (`email`);

--
-- Indexes for table `seller_wallets`
--
ALTER TABLE `seller_wallets`
  ADD PRIMARY KEY (`id`);

--
-- Indexes for table `seller_wallet_histories`
--
ALTER TABLE `seller_wallet_histories`
  ADD PRIMARY KEY (`id`);

--
-- Indexes for table `shipping_addresses`
--
ALTER TABLE `shipping_addresses`
  ADD PRIMARY KEY (`id`);

--
-- Indexes for table `shipping_methods`
--
ALTER TABLE `shipping_methods`
  ADD PRIMARY KEY (`id`);

--
-- Indexes for table `shipping_types`
--
ALTER TABLE `shipping_types`
  ADD PRIMARY KEY (`id`);

--
-- Indexes for table `shops`
--
ALTER TABLE `shops`
  ADD PRIMARY KEY (`id`);

--
-- Indexes for table `shop_followers`
--
ALTER TABLE `shop_followers`
  ADD PRIMARY KEY (`id`);

--
-- Indexes for table `social_medias`
--
ALTER TABLE `social_medias`
  ADD PRIMARY KEY (`id`);

--
-- Indexes for table `soft_credentials`
--
ALTER TABLE `soft_credentials`
  ADD PRIMARY KEY (`id`);

--
-- Indexes for table `storages`
--
ALTER TABLE `storages`
  ADD PRIMARY KEY (`id`),
  ADD KEY `storages_data_id_index` (`data_id`),
  ADD KEY `storages_value_index` (`value`);

--
-- Indexes for table `subscriptions`
--
ALTER TABLE `subscriptions`
  ADD PRIMARY KEY (`id`);

--
-- Indexes for table `support_tickets`
--
ALTER TABLE `support_tickets`
  ADD PRIMARY KEY (`id`);

--
-- Indexes for table `support_ticket_convs`
--
ALTER TABLE `support_ticket_convs`
  ADD PRIMARY KEY (`id`);

--
-- Indexes for table `tags`
--
ALTER TABLE `tags`
  ADD PRIMARY KEY (`id`);

--
-- Indexes for table `transactions`
--
ALTER TABLE `transactions`
  ADD UNIQUE KEY `transactions_id_unique` (`id`);

--
-- Indexes for table `translations`
--
ALTER TABLE `translations`
  ADD PRIMARY KEY (`id`),
  ADD KEY `translations_translationable_id_index` (`translationable_id`),
  ADD KEY `translations_locale_index` (`locale`);

--
-- Indexes for table `users`
--
ALTER TABLE `users`
  ADD PRIMARY KEY (`id`),
  ADD UNIQUE KEY `users_email_unique` (`email`);

--
-- Indexes for table `vendor_registration_reasons`
--
ALTER TABLE `vendor_registration_reasons`
  ADD PRIMARY KEY (`id`);

--
-- Indexes for table `wallet_transactions`
--
ALTER TABLE `wallet_transactions`
  ADD PRIMARY KEY (`id`);

--
-- Indexes for table `wishlists`
--
ALTER TABLE `wishlists`
  ADD PRIMARY KEY (`id`);

--
-- Indexes for table `withdrawal_methods`
--
ALTER TABLE `withdrawal_methods`
  ADD PRIMARY KEY (`id`);

--
-- Indexes for table `withdraw_requests`
--
ALTER TABLE `withdraw_requests`
  ADD PRIMARY KEY (`id`);

--
-- AUTO_INCREMENT for dumped tables
--

--
-- AUTO_INCREMENT for table `add_fund_bonus_categories`
--
ALTER TABLE `add_fund_bonus_categories`
  MODIFY `id` bigint(20) UNSIGNED NOT NULL AUTO_INCREMENT;

--
-- AUTO_INCREMENT for table `admins`
--
ALTER TABLE `admins`
  MODIFY `id` bigint(20) UNSIGNED NOT NULL AUTO_INCREMENT, AUTO_INCREMENT=3;

--
-- AUTO_INCREMENT for table `admin_roles`
--
ALTER TABLE `admin_roles`
  MODIFY `id` bigint(20) UNSIGNED NOT NULL AUTO_INCREMENT, AUTO_INCREMENT=8;

--
-- AUTO_INCREMENT for table `admin_wallets`
--
ALTER TABLE `admin_wallets`
  MODIFY `id` bigint(20) UNSIGNED NOT NULL AUTO_INCREMENT, AUTO_INCREMENT=3;

--
-- AUTO_INCREMENT for table `admin_wallet_histories`
--
ALTER TABLE `admin_wallet_histories`
  MODIFY `id` bigint(20) UNSIGNED NOT NULL AUTO_INCREMENT;

--
-- AUTO_INCREMENT for table `attributes`
--
ALTER TABLE `attributes`
  MODIFY `id` bigint(20) UNSIGNED NOT NULL AUTO_INCREMENT;

--
-- AUTO_INCREMENT for table `banners`
--
ALTER TABLE `banners`
  MODIFY `id` bigint(20) UNSIGNED NOT NULL AUTO_INCREMENT;

--
-- AUTO_INCREMENT for table `billing_addresses`
--
ALTER TABLE `billing_addresses`
  MODIFY `id` bigint(20) UNSIGNED NOT NULL AUTO_INCREMENT;

--
-- AUTO_INCREMENT for table `brands`
--
ALTER TABLE `brands`
  MODIFY `id` bigint(20) UNSIGNED NOT NULL AUTO_INCREMENT;

--
-- AUTO_INCREMENT for table `business_settings`
--
ALTER TABLE `business_settings`
  MODIFY `id` bigint(20) UNSIGNED NOT NULL AUTO_INCREMENT, AUTO_INCREMENT=179;

--
-- AUTO_INCREMENT for table `carts`
--
ALTER TABLE `carts`
  MODIFY `id` bigint(20) UNSIGNED NOT NULL AUTO_INCREMENT;

--
-- AUTO_INCREMENT for table `cart_shippings`
--
ALTER TABLE `cart_shippings`
  MODIFY `id` bigint(20) UNSIGNED NOT NULL AUTO_INCREMENT;

--
-- AUTO_INCREMENT for table `categories`
--
ALTER TABLE `categories`
  MODIFY `id` bigint(20) UNSIGNED NOT NULL AUTO_INCREMENT;

--
-- AUTO_INCREMENT for table `category_shipping_costs`
--
ALTER TABLE `category_shipping_costs`
  MODIFY `id` bigint(20) UNSIGNED NOT NULL AUTO_INCREMENT;

--
-- AUTO_INCREMENT for table `chattings`
--
ALTER TABLE `chattings`
  MODIFY `id` bigint(20) UNSIGNED NOT NULL AUTO_INCREMENT;

--
-- AUTO_INCREMENT for table `colors`
--
ALTER TABLE `colors`
  MODIFY `id` int(11) NOT NULL AUTO_INCREMENT, AUTO_INCREMENT=144;

--
-- AUTO_INCREMENT for table `contacts`
--
ALTER TABLE `contacts`
  MODIFY `id` bigint(20) UNSIGNED NOT NULL AUTO_INCREMENT, AUTO_INCREMENT=2;

--
-- AUTO_INCREMENT for table `coupons`
--
ALTER TABLE `coupons`
  MODIFY `id` bigint(20) UNSIGNED NOT NULL AUTO_INCREMENT;

--
-- AUTO_INCREMENT for table `currencies`
--
ALTER TABLE `currencies`
  MODIFY `id` bigint(20) UNSIGNED NOT NULL AUTO_INCREMENT, AUTO_INCREMENT=8;

--
-- AUTO_INCREMENT for table `customer_wallets`
--
ALTER TABLE `customer_wallets`
  MODIFY `id` bigint(20) UNSIGNED NOT NULL AUTO_INCREMENT;

--
-- AUTO_INCREMENT for table `customer_wallet_histories`
--
ALTER TABLE `customer_wallet_histories`
  MODIFY `id` bigint(20) UNSIGNED NOT NULL AUTO_INCREMENT;

--
-- AUTO_INCREMENT for table `deal_of_the_days`
--
ALTER TABLE `deal_of_the_days`
  MODIFY `id` bigint(20) UNSIGNED NOT NULL AUTO_INCREMENT;

--
-- AUTO_INCREMENT for table `deliveryman_notifications`
--
ALTER TABLE `deliveryman_notifications`
  MODIFY `id` bigint(20) UNSIGNED NOT NULL AUTO_INCREMENT;

--
-- AUTO_INCREMENT for table `deliveryman_wallets`
--
ALTER TABLE `deliveryman_wallets`
  MODIFY `id` bigint(20) UNSIGNED NOT NULL AUTO_INCREMENT;

--
-- AUTO_INCREMENT for table `delivery_country_codes`
--
ALTER TABLE `delivery_country_codes`
  MODIFY `id` bigint(20) UNSIGNED NOT NULL AUTO_INCREMENT;

--
-- AUTO_INCREMENT for table `delivery_histories`
--
ALTER TABLE `delivery_histories`
  MODIFY `id` bigint(20) UNSIGNED NOT NULL AUTO_INCREMENT;

--
-- AUTO_INCREMENT for table `delivery_man_transactions`
--
ALTER TABLE `delivery_man_transactions`
  MODIFY `id` bigint(20) UNSIGNED NOT NULL AUTO_INCREMENT;

--
-- AUTO_INCREMENT for table `delivery_men`
--
ALTER TABLE `delivery_men`
  MODIFY `id` bigint(20) UNSIGNED NOT NULL AUTO_INCREMENT;

--
-- AUTO_INCREMENT for table `delivery_zip_codes`
--
ALTER TABLE `delivery_zip_codes`
  MODIFY `id` bigint(20) UNSIGNED NOT NULL AUTO_INCREMENT;

--
-- AUTO_INCREMENT for table `digital_product_otp_verifications`
--
ALTER TABLE `digital_product_otp_verifications`
  MODIFY `id` bigint(20) UNSIGNED NOT NULL AUTO_INCREMENT;

--
-- AUTO_INCREMENT for table `digital_product_variations`
--
ALTER TABLE `digital_product_variations`
  MODIFY `id` bigint(20) UNSIGNED NOT NULL AUTO_INCREMENT;

--
-- AUTO_INCREMENT for table `email_templates`
--
ALTER TABLE `email_templates`
  MODIFY `id` bigint(20) UNSIGNED NOT NULL AUTO_INCREMENT, AUTO_INCREMENT=19;

--
-- AUTO_INCREMENT for table `emergency_contacts`
--
ALTER TABLE `emergency_contacts`
  MODIFY `id` bigint(20) UNSIGNED NOT NULL AUTO_INCREMENT;

--
-- AUTO_INCREMENT for table `error_logs`
--
ALTER TABLE `error_logs`
  MODIFY `id` bigint(20) UNSIGNED NOT NULL AUTO_INCREMENT, AUTO_INCREMENT=39;

--
-- AUTO_INCREMENT for table `failed_jobs`
--
ALTER TABLE `failed_jobs`
  MODIFY `id` bigint(20) UNSIGNED NOT NULL AUTO_INCREMENT;

--
-- AUTO_INCREMENT for table `feature_deals`
--
ALTER TABLE `feature_deals`
  MODIFY `id` bigint(20) UNSIGNED NOT NULL AUTO_INCREMENT;

--
-- AUTO_INCREMENT for table `flash_deals`
--
ALTER TABLE `flash_deals`
  MODIFY `id` bigint(20) UNSIGNED NOT NULL AUTO_INCREMENT;

--
-- AUTO_INCREMENT for table `flash_deal_products`
--
ALTER TABLE `flash_deal_products`
  MODIFY `id` bigint(20) UNSIGNED NOT NULL AUTO_INCREMENT;

--
-- AUTO_INCREMENT for table `guest_users`
--
ALTER TABLE `guest_users`
  MODIFY `id` bigint(20) UNSIGNED NOT NULL AUTO_INCREMENT, AUTO_INCREMENT=155;

--
-- AUTO_INCREMENT for table `help_topics`
--
ALTER TABLE `help_topics`
  MODIFY `id` bigint(20) UNSIGNED NOT NULL AUTO_INCREMENT, AUTO_INCREMENT=9;

--
-- AUTO_INCREMENT for table `jobs`
--
ALTER TABLE `jobs`
  MODIFY `id` bigint(20) UNSIGNED NOT NULL AUTO_INCREMENT;

--
-- AUTO_INCREMENT for table `loyalty_point_transactions`
--
ALTER TABLE `loyalty_point_transactions`
  MODIFY `id` bigint(20) UNSIGNED NOT NULL AUTO_INCREMENT;

--
-- AUTO_INCREMENT for table `migrations`
--
ALTER TABLE `migrations`
  MODIFY `id` int(10) UNSIGNED NOT NULL AUTO_INCREMENT, AUTO_INCREMENT=276;

--
-- AUTO_INCREMENT for table `most_demandeds`
--
ALTER TABLE `most_demandeds`
  MODIFY `id` bigint(20) UNSIGNED NOT NULL AUTO_INCREMENT;

--
-- AUTO_INCREMENT for table `notifications`
--
ALTER TABLE `notifications`
  MODIFY `id` bigint(20) UNSIGNED NOT NULL AUTO_INCREMENT;

--
-- AUTO_INCREMENT for table `notification_messages`
--
ALTER TABLE `notification_messages`
  MODIFY `id` bigint(20) UNSIGNED NOT NULL AUTO_INCREMENT, AUTO_INCREMENT=39;

--
-- AUTO_INCREMENT for table `notification_seens`
--
ALTER TABLE `notification_seens`
  MODIFY `id` bigint(20) UNSIGNED NOT NULL AUTO_INCREMENT;

--
-- AUTO_INCREMENT for table `oauth_clients`
--
ALTER TABLE `oauth_clients`
  MODIFY `id` int(10) UNSIGNED NOT NULL AUTO_INCREMENT, AUTO_INCREMENT=2;

--
-- AUTO_INCREMENT for table `oauth_personal_access_clients`
--
ALTER TABLE `oauth_personal_access_clients`
  MODIFY `id` int(10) UNSIGNED NOT NULL AUTO_INCREMENT, AUTO_INCREMENT=2;

--
-- AUTO_INCREMENT for table `offline_payments`
--
ALTER TABLE `offline_payments`
  MODIFY `id` bigint(20) UNSIGNED NOT NULL AUTO_INCREMENT;

--
-- AUTO_INCREMENT for table `offline_payment_methods`
--
ALTER TABLE `offline_payment_methods`
  MODIFY `id` bigint(20) UNSIGNED NOT NULL AUTO_INCREMENT;

--
-- AUTO_INCREMENT for table `orders`
--
ALTER TABLE `orders`
  MODIFY `id` bigint(20) UNSIGNED NOT NULL AUTO_INCREMENT;

--
-- AUTO_INCREMENT for table `order_delivery_verifications`
--
ALTER TABLE `order_delivery_verifications`
  MODIFY `id` bigint(20) UNSIGNED NOT NULL AUTO_INCREMENT;

--
-- AUTO_INCREMENT for table `order_details`
--
ALTER TABLE `order_details`
  MODIFY `id` bigint(20) UNSIGNED NOT NULL AUTO_INCREMENT;

--
-- AUTO_INCREMENT for table `order_expected_delivery_histories`
--
ALTER TABLE `order_expected_delivery_histories`
  MODIFY `id` bigint(20) UNSIGNED NOT NULL AUTO_INCREMENT;

--
-- AUTO_INCREMENT for table `order_status_histories`
--
ALTER TABLE `order_status_histories`
  MODIFY `id` bigint(20) UNSIGNED NOT NULL AUTO_INCREMENT;

--
-- AUTO_INCREMENT for table `order_transactions`
--
ALTER TABLE `order_transactions`
  MODIFY `id` bigint(20) UNSIGNED NOT NULL AUTO_INCREMENT;

--
-- AUTO_INCREMENT for table `password_resets`
--
ALTER TABLE `password_resets`
  MODIFY `id` bigint(20) UNSIGNED NOT NULL AUTO_INCREMENT;

--
-- AUTO_INCREMENT for table `paytabs_invoices`
--
ALTER TABLE `paytabs_invoices`
  MODIFY `id` bigint(20) UNSIGNED NOT NULL AUTO_INCREMENT;

--
-- AUTO_INCREMENT for table `personal_access_tokens`
--
ALTER TABLE `personal_access_tokens`
  MODIFY `id` bigint(20) UNSIGNED NOT NULL AUTO_INCREMENT;

--
-- AUTO_INCREMENT for table `phone_or_email_verifications`
--
ALTER TABLE `phone_or_email_verifications`
  MODIFY `id` bigint(20) UNSIGNED NOT NULL AUTO_INCREMENT, AUTO_INCREMENT=2;

--
-- AUTO_INCREMENT for table `products`
--
ALTER TABLE `products`
  MODIFY `id` bigint(20) UNSIGNED NOT NULL AUTO_INCREMENT;

--
-- AUTO_INCREMENT for table `product_compares`
--
ALTER TABLE `product_compares`
  MODIFY `id` bigint(20) UNSIGNED NOT NULL AUTO_INCREMENT;

--
-- AUTO_INCREMENT for table `product_seos`
--
ALTER TABLE `product_seos`
  MODIFY `id` bigint(20) UNSIGNED NOT NULL AUTO_INCREMENT;

--
-- AUTO_INCREMENT for table `product_stocks`
--
ALTER TABLE `product_stocks`
  MODIFY `id` bigint(20) UNSIGNED NOT NULL AUTO_INCREMENT;

--
-- AUTO_INCREMENT for table `product_tag`
--
ALTER TABLE `product_tag`
  MODIFY `id` bigint(20) UNSIGNED NOT NULL AUTO_INCREMENT;

--
-- AUTO_INCREMENT for table `refund_requests`
--
ALTER TABLE `refund_requests`
  MODIFY `id` bigint(20) UNSIGNED NOT NULL AUTO_INCREMENT;

--
-- AUTO_INCREMENT for table `refund_statuses`
--
ALTER TABLE `refund_statuses`
  MODIFY `id` bigint(20) UNSIGNED NOT NULL AUTO_INCREMENT;

--
-- AUTO_INCREMENT for table `refund_transactions`
--
ALTER TABLE `refund_transactions`
  MODIFY `id` bigint(20) UNSIGNED NOT NULL AUTO_INCREMENT;

--
-- AUTO_INCREMENT for table `reviews`
--
ALTER TABLE `reviews`
  MODIFY `id` bigint(20) UNSIGNED NOT NULL AUTO_INCREMENT;

--
-- AUTO_INCREMENT for table `review_replies`
--
ALTER TABLE `review_replies`
  MODIFY `id` bigint(20) UNSIGNED NOT NULL AUTO_INCREMENT;

--
-- AUTO_INCREMENT for table `robots_meta_contents`
--
ALTER TABLE `robots_meta_contents`
  MODIFY `id` bigint(20) UNSIGNED NOT NULL AUTO_INCREMENT;

--
-- AUTO_INCREMENT for table `search_functions`
--
ALTER TABLE `search_functions`
  MODIFY `id` bigint(20) UNSIGNED NOT NULL AUTO_INCREMENT, AUTO_INCREMENT=34;

--
-- AUTO_INCREMENT for table `sellers`
--
ALTER TABLE `sellers`
  MODIFY `id` bigint(20) UNSIGNED NOT NULL AUTO_INCREMENT, AUTO_INCREMENT=2;

--
-- AUTO_INCREMENT for table `seller_wallets`
--
ALTER TABLE `seller_wallets`
  MODIFY `id` bigint(20) UNSIGNED NOT NULL AUTO_INCREMENT, AUTO_INCREMENT=2;

--
-- AUTO_INCREMENT for table `seller_wallet_histories`
--
ALTER TABLE `seller_wallet_histories`
  MODIFY `id` bigint(20) UNSIGNED NOT NULL AUTO_INCREMENT;

--
-- AUTO_INCREMENT for table `shipping_addresses`
--
ALTER TABLE `shipping_addresses`
  MODIFY `id` bigint(20) UNSIGNED NOT NULL AUTO_INCREMENT;

--
-- AUTO_INCREMENT for table `shipping_methods`
--
ALTER TABLE `shipping_methods`
  MODIFY `id` bigint(20) UNSIGNED NOT NULL AUTO_INCREMENT, AUTO_INCREMENT=9;

--
-- AUTO_INCREMENT for table `shipping_types`
--
ALTER TABLE `shipping_types`
  MODIFY `id` bigint(20) UNSIGNED NOT NULL AUTO_INCREMENT, AUTO_INCREMENT=2;

--
-- AUTO_INCREMENT for table `shops`
--
ALTER TABLE `shops`
  MODIFY `id` bigint(20) UNSIGNED NOT NULL AUTO_INCREMENT, AUTO_INCREMENT=2;

--
-- AUTO_INCREMENT for table `shop_followers`
--
ALTER TABLE `shop_followers`
  MODIFY `id` bigint(20) UNSIGNED NOT NULL AUTO_INCREMENT;

--
-- AUTO_INCREMENT for table `social_medias`
--
ALTER TABLE `social_medias`
  MODIFY `id` bigint(20) UNSIGNED NOT NULL AUTO_INCREMENT, AUTO_INCREMENT=7;

--
-- AUTO_INCREMENT for table `soft_credentials`
--
ALTER TABLE `soft_credentials`
  MODIFY `id` bigint(20) UNSIGNED NOT NULL AUTO_INCREMENT;

--
-- AUTO_INCREMENT for table `storages`
--
ALTER TABLE `storages`
  MODIFY `id` bigint(20) UNSIGNED NOT NULL AUTO_INCREMENT, AUTO_INCREMENT=4;

--
-- AUTO_INCREMENT for table `subscriptions`
--
ALTER TABLE `subscriptions`
  MODIFY `id` bigint(20) UNSIGNED NOT NULL AUTO_INCREMENT;

--
-- AUTO_INCREMENT for table `support_tickets`
--
ALTER TABLE `support_tickets`
  MODIFY `id` bigint(20) UNSIGNED NOT NULL AUTO_INCREMENT;

--
-- AUTO_INCREMENT for table `support_ticket_convs`
--
ALTER TABLE `support_ticket_convs`
  MODIFY `id` bigint(20) UNSIGNED NOT NULL AUTO_INCREMENT;

--
-- AUTO_INCREMENT for table `tags`
--
ALTER TABLE `tags`
  MODIFY `id` bigint(20) UNSIGNED NOT NULL AUTO_INCREMENT;

--
-- AUTO_INCREMENT for table `transactions`
--
ALTER TABLE `transactions`
  MODIFY `id` int(10) UNSIGNED NOT NULL AUTO_INCREMENT;

--
-- AUTO_INCREMENT for table `translations`
--
ALTER TABLE `translations`
  MODIFY `id` bigint(20) UNSIGNED NOT NULL AUTO_INCREMENT;

--
-- AUTO_INCREMENT for table `users`
--
ALTER TABLE `users`
  MODIFY `id` bigint(20) UNSIGNED NOT NULL AUTO_INCREMENT, AUTO_INCREMENT=3;

--
-- AUTO_INCREMENT for table `vendor_registration_reasons`
--
ALTER TABLE `vendor_registration_reasons`
  MODIFY `id` bigint(20) UNSIGNED NOT NULL AUTO_INCREMENT, AUTO_INCREMENT=6;

--
-- AUTO_INCREMENT for table `wallet_transactions`
--
ALTER TABLE `wallet_transactions`
  MODIFY `id` bigint(20) UNSIGNED NOT NULL AUTO_INCREMENT;

--
-- AUTO_INCREMENT for table `wishlists`
--
ALTER TABLE `wishlists`
  MODIFY `id` bigint(20) UNSIGNED NOT NULL AUTO_INCREMENT;

--
-- AUTO_INCREMENT for table `withdrawal_methods`
--
ALTER TABLE `withdrawal_methods`
  MODIFY `id` bigint(20) UNSIGNED NOT NULL AUTO_INCREMENT;

--
-- AUTO_INCREMENT for table `withdraw_requests`
--
ALTER TABLE `withdraw_requests`
  MODIFY `id` bigint(20) UNSIGNED NOT NULL AUTO_INCREMENT;
--
-- Database: `phpmyadmin`
--
CREATE DATABASE IF NOT EXISTS `phpmyadmin` DEFAULT CHARACTER SET utf8 COLLATE utf8_bin;
USE `phpmyadmin`;

-- --------------------------------------------------------

--
-- Table structure for table `pma__bookmark`
--

CREATE TABLE `pma__bookmark` (
  `id` int(10) UNSIGNED NOT NULL,
  `dbase` varchar(255) NOT NULL DEFAULT '',
  `user` varchar(255) NOT NULL DEFAULT '',
  `label` varchar(255) CHARACTER SET utf8 COLLATE utf8_general_ci NOT NULL DEFAULT '',
  `query` text NOT NULL
) ENGINE=InnoDB DEFAULT CHARSET=utf8 COLLATE=utf8_bin COMMENT='Bookmarks';

-- --------------------------------------------------------

--
-- Table structure for table `pma__central_columns`
--

CREATE TABLE `pma__central_columns` (
  `db_name` varchar(64) NOT NULL,
  `col_name` varchar(64) NOT NULL,
  `col_type` varchar(64) NOT NULL,
  `col_length` text DEFAULT NULL,
  `col_collation` varchar(64) NOT NULL,
  `col_isNull` tinyint(1) NOT NULL,
  `col_extra` varchar(255) DEFAULT '',
  `col_default` text DEFAULT NULL
) ENGINE=InnoDB DEFAULT CHARSET=utf8 COLLATE=utf8_bin COMMENT='Central list of columns';

-- --------------------------------------------------------

--
-- Table structure for table `pma__column_info`
--

CREATE TABLE `pma__column_info` (
  `id` int(5) UNSIGNED NOT NULL,
  `db_name` varchar(64) NOT NULL DEFAULT '',
  `table_name` varchar(64) NOT NULL DEFAULT '',
  `column_name` varchar(64) NOT NULL DEFAULT '',
  `comment` varchar(255) CHARACTER SET utf8 COLLATE utf8_general_ci NOT NULL DEFAULT '',
  `mimetype` varchar(255) CHARACTER SET utf8 COLLATE utf8_general_ci NOT NULL DEFAULT '',
  `transformation` varchar(255) NOT NULL DEFAULT '',
  `transformation_options` varchar(255) NOT NULL DEFAULT '',
  `input_transformation` varchar(255) NOT NULL DEFAULT '',
  `input_transformation_options` varchar(255) NOT NULL DEFAULT ''
) ENGINE=InnoDB DEFAULT CHARSET=utf8 COLLATE=utf8_bin COMMENT='Column information for phpMyAdmin';

-- --------------------------------------------------------

--
-- Table structure for table `pma__designer_settings`
--

CREATE TABLE `pma__designer_settings` (
  `username` varchar(64) NOT NULL,
  `settings_data` text NOT NULL
) ENGINE=InnoDB DEFAULT CHARSET=utf8 COLLATE=utf8_bin COMMENT='Settings related to Designer';

-- --------------------------------------------------------

--
-- Table structure for table `pma__export_templates`
--

CREATE TABLE `pma__export_templates` (
  `id` int(5) UNSIGNED NOT NULL,
  `username` varchar(64) NOT NULL,
  `export_type` varchar(10) NOT NULL,
  `template_name` varchar(64) NOT NULL,
  `template_data` text NOT NULL
) ENGINE=InnoDB DEFAULT CHARSET=utf8 COLLATE=utf8_bin COMMENT='Saved export templates';

-- --------------------------------------------------------

--
-- Table structure for table `pma__favorite`
--

CREATE TABLE `pma__favorite` (
  `username` varchar(64) NOT NULL,
  `tables` text NOT NULL
) ENGINE=InnoDB DEFAULT CHARSET=utf8 COLLATE=utf8_bin COMMENT='Favorite tables';

--
-- Dumping data for table `pma__favorite`
--

INSERT INTO `pma__favorite` (`username`, `tables`) VALUES
('root', '[{\"db\":\"academy_2.0.1\",\"table\":\"comment\"}]');

-- --------------------------------------------------------

--
-- Table structure for table `pma__history`
--

CREATE TABLE `pma__history` (
  `id` bigint(20) UNSIGNED NOT NULL,
  `username` varchar(64) NOT NULL DEFAULT '',
  `db` varchar(64) NOT NULL DEFAULT '',
  `table` varchar(64) NOT NULL DEFAULT '',
  `timevalue` timestamp NOT NULL DEFAULT current_timestamp(),
  `sqlquery` text NOT NULL
) ENGINE=InnoDB DEFAULT CHARSET=utf8 COLLATE=utf8_bin COMMENT='SQL history for phpMyAdmin';

-- --------------------------------------------------------

--
-- Table structure for table `pma__navigationhiding`
--

CREATE TABLE `pma__navigationhiding` (
  `username` varchar(64) NOT NULL,
  `item_name` varchar(64) NOT NULL,
  `item_type` varchar(64) NOT NULL,
  `db_name` varchar(64) NOT NULL,
  `table_name` varchar(64) NOT NULL
) ENGINE=InnoDB DEFAULT CHARSET=utf8 COLLATE=utf8_bin COMMENT='Hidden items of navigation tree';

-- --------------------------------------------------------

--
-- Table structure for table `pma__pdf_pages`
--

CREATE TABLE `pma__pdf_pages` (
  `db_name` varchar(64) NOT NULL DEFAULT '',
  `page_nr` int(10) UNSIGNED NOT NULL,
  `page_descr` varchar(50) CHARACTER SET utf8 COLLATE utf8_general_ci NOT NULL DEFAULT ''
) ENGINE=InnoDB DEFAULT CHARSET=utf8 COLLATE=utf8_bin COMMENT='PDF relation pages for phpMyAdmin';

-- --------------------------------------------------------

--
-- Table structure for table `pma__recent`
--

CREATE TABLE `pma__recent` (
  `username` varchar(64) NOT NULL,
  `tables` text NOT NULL
) ENGINE=InnoDB DEFAULT CHARSET=utf8 COLLATE=utf8_bin COMMENT='Recently accessed tables';

--
-- Dumping data for table `pma__recent`
--

INSERT INTO `pma__recent` (`username`, `tables`) VALUES
('root', '[{\"db\":\"ecommerce\",\"table\":\"admins\"},{\"db\":\"ecommerce\",\"table\":\"customers\"},{\"db\":\"ecommerce\",\"table\":\"orders\"},{\"db\":\"elearning_platform\",\"table\":\"enrollments\"},{\"db\":\"elearning_platform\",\"table\":\"student_submissions\"},{\"db\":\"elearning_platform\",\"table\":\"course_activities\"},{\"db\":\"elearning_platform\",\"table\":\"courses\"},{\"db\":\"elearning_platform\",\"table\":\"multiple_choice_questions\"},{\"db\":\"elearning_platform\",\"table\":\"students\"},{\"db\":\"elearning_platform\",\"table\":\"course_instructors\"}]');

-- --------------------------------------------------------

--
-- Table structure for table `pma__relation`
--

CREATE TABLE `pma__relation` (
  `master_db` varchar(64) NOT NULL DEFAULT '',
  `master_table` varchar(64) NOT NULL DEFAULT '',
  `master_field` varchar(64) NOT NULL DEFAULT '',
  `foreign_db` varchar(64) NOT NULL DEFAULT '',
  `foreign_table` varchar(64) NOT NULL DEFAULT '',
  `foreign_field` varchar(64) NOT NULL DEFAULT ''
) ENGINE=InnoDB DEFAULT CHARSET=utf8 COLLATE=utf8_bin COMMENT='Relation table';

-- --------------------------------------------------------

--
-- Table structure for table `pma__savedsearches`
--

CREATE TABLE `pma__savedsearches` (
  `id` int(5) UNSIGNED NOT NULL,
  `username` varchar(64) NOT NULL DEFAULT '',
  `db_name` varchar(64) NOT NULL DEFAULT '',
  `search_name` varchar(64) NOT NULL DEFAULT '',
  `search_data` text NOT NULL
) ENGINE=InnoDB DEFAULT CHARSET=utf8 COLLATE=utf8_bin COMMENT='Saved searches';

-- --------------------------------------------------------

--
-- Table structure for table `pma__table_coords`
--

CREATE TABLE `pma__table_coords` (
  `db_name` varchar(64) NOT NULL DEFAULT '',
  `table_name` varchar(64) NOT NULL DEFAULT '',
  `pdf_page_number` int(11) NOT NULL DEFAULT 0,
  `x` float UNSIGNED NOT NULL DEFAULT 0,
  `y` float UNSIGNED NOT NULL DEFAULT 0
) ENGINE=InnoDB DEFAULT CHARSET=utf8 COLLATE=utf8_bin COMMENT='Table coordinates for phpMyAdmin PDF output';

-- --------------------------------------------------------

--
-- Table structure for table `pma__table_info`
--

CREATE TABLE `pma__table_info` (
  `db_name` varchar(64) NOT NULL DEFAULT '',
  `table_name` varchar(64) NOT NULL DEFAULT '',
  `display_field` varchar(64) NOT NULL DEFAULT ''
) ENGINE=InnoDB DEFAULT CHARSET=utf8 COLLATE=utf8_bin COMMENT='Table information for phpMyAdmin';

-- --------------------------------------------------------

--
-- Table structure for table `pma__table_uiprefs`
--

CREATE TABLE `pma__table_uiprefs` (
  `username` varchar(64) NOT NULL,
  `db_name` varchar(64) NOT NULL,
  `table_name` varchar(64) NOT NULL,
  `prefs` text NOT NULL,
  `last_update` timestamp NOT NULL DEFAULT current_timestamp() ON UPDATE current_timestamp()
) ENGINE=InnoDB DEFAULT CHARSET=utf8 COLLATE=utf8_bin COMMENT='Tables'' UI preferences';

--
-- Dumping data for table `pma__table_uiprefs`
--

INSERT INTO `pma__table_uiprefs` (`username`, `db_name`, `table_name`, `prefs`, `last_update`) VALUES
('root', 'car_rental_management', 'customers', '{\"sorted_col\":\"`customers`.`last_logout` ASC\"}', '2024-11-30 07:52:42'),
('root', 'ecommerce', 'admins', '{\"CREATE_TIME\":\"2024-11-11 14:20:01\"}', '2024-11-20 07:34:01'),
('root', 'ecommerce', 'customers', '{\"sorted_col\":\"`customers`.`customer_id` ASC\"}', '2024-11-28 07:28:07'),
('root', 'ecommerce', 'products', '{\"CREATE_TIME\":\"2024-11-11 14:40:42\"}', '2024-11-18 13:27:40'),
('root', 'meru doctors plaza', 'appointment', '{\"sorted_col\":\"`appointment`.`comment` ASC\",\"CREATE_TIME\":\"2024-10-15 14:22:02\",\"col_order\":[0,1,2,3,4,5,6,7,8,9,10],\"col_visib\":[1,1,1,1,1,1,1,1,1,1,1]}', '2024-10-15 15:30:40'),
('root', 'meru doctors plaza', 'contact', '{\"sorted_col\":\"`id` ASC\",\"CREATE_TIME\":\"2024-10-01 14:46:58\"}', '2024-10-15 14:18:28'),
('root', 'meru doctors plaza', 'members', '{\"sorted_col\":\"`members`.`id` DESC\",\"CREATE_TIME\":\"2024-10-01 16:28:35\"}', '2024-10-15 15:34:51'),
('root', 'meru doctors plaza', 'orders', '{\"sorted_col\":\"`orders`.`id` ASC\"}', '2024-10-03 13:17:49');

-- --------------------------------------------------------

--
-- Table structure for table `pma__tracking`
--

CREATE TABLE `pma__tracking` (
  `db_name` varchar(64) NOT NULL,
  `table_name` varchar(64) NOT NULL,
  `version` int(10) UNSIGNED NOT NULL,
  `date_created` datetime NOT NULL,
  `date_updated` datetime NOT NULL,
  `schema_snapshot` text NOT NULL,
  `schema_sql` text DEFAULT NULL,
  `data_sql` longtext DEFAULT NULL,
  `tracking` set('UPDATE','REPLACE','INSERT','DELETE','TRUNCATE','CREATE DATABASE','ALTER DATABASE','DROP DATABASE','CREATE TABLE','ALTER TABLE','RENAME TABLE','DROP TABLE','CREATE INDEX','DROP INDEX','CREATE VIEW','ALTER VIEW','DROP VIEW') DEFAULT NULL,
  `tracking_active` int(1) UNSIGNED NOT NULL DEFAULT 1
) ENGINE=InnoDB DEFAULT CHARSET=utf8 COLLATE=utf8_bin COMMENT='Database changes tracking for phpMyAdmin';

-- --------------------------------------------------------

--
-- Table structure for table `pma__userconfig`
--

CREATE TABLE `pma__userconfig` (
  `username` varchar(64) NOT NULL,
  `timevalue` timestamp NOT NULL DEFAULT current_timestamp() ON UPDATE current_timestamp(),
  `config_data` text NOT NULL
) ENGINE=InnoDB DEFAULT CHARSET=utf8 COLLATE=utf8_bin COMMENT='User preferences storage for phpMyAdmin';

--
-- Dumping data for table `pma__userconfig`
--

INSERT INTO `pma__userconfig` (`username`, `timevalue`, `config_data`) VALUES
('root', '2024-12-21 07:02:05', '{\"Console\\/Mode\":\"collapse\",\"NavigationWidth\":241}');

-- --------------------------------------------------------

--
-- Table structure for table `pma__usergroups`
--

CREATE TABLE `pma__usergroups` (
  `usergroup` varchar(64) NOT NULL,
  `tab` varchar(64) NOT NULL,
  `allowed` enum('Y','N') NOT NULL DEFAULT 'N'
) ENGINE=InnoDB DEFAULT CHARSET=utf8 COLLATE=utf8_bin COMMENT='User groups with configured menu items';

-- --------------------------------------------------------

--
-- Table structure for table `pma__users`
--

CREATE TABLE `pma__users` (
  `username` varchar(64) NOT NULL,
  `usergroup` varchar(64) NOT NULL
) ENGINE=InnoDB DEFAULT CHARSET=utf8 COLLATE=utf8_bin COMMENT='Users and their assignments to user groups';

--
-- Indexes for dumped tables
--

--
-- Indexes for table `pma__bookmark`
--
ALTER TABLE `pma__bookmark`
  ADD PRIMARY KEY (`id`);

--
-- Indexes for table `pma__central_columns`
--
ALTER TABLE `pma__central_columns`
  ADD PRIMARY KEY (`db_name`,`col_name`);

--
-- Indexes for table `pma__column_info`
--
ALTER TABLE `pma__column_info`
  ADD PRIMARY KEY (`id`),
  ADD UNIQUE KEY `db_name` (`db_name`,`table_name`,`column_name`);

--
-- Indexes for table `pma__designer_settings`
--
ALTER TABLE `pma__designer_settings`
  ADD PRIMARY KEY (`username`);

--
-- Indexes for table `pma__export_templates`
--
ALTER TABLE `pma__export_templates`
  ADD PRIMARY KEY (`id`),
  ADD UNIQUE KEY `u_user_type_template` (`username`,`export_type`,`template_name`);

--
-- Indexes for table `pma__favorite`
--
ALTER TABLE `pma__favorite`
  ADD PRIMARY KEY (`username`);

--
-- Indexes for table `pma__history`
--
ALTER TABLE `pma__history`
  ADD PRIMARY KEY (`id`),
  ADD KEY `username` (`username`,`db`,`table`,`timevalue`);

--
-- Indexes for table `pma__navigationhiding`
--
ALTER TABLE `pma__navigationhiding`
  ADD PRIMARY KEY (`username`,`item_name`,`item_type`,`db_name`,`table_name`);

--
-- Indexes for table `pma__pdf_pages`
--
ALTER TABLE `pma__pdf_pages`
  ADD PRIMARY KEY (`page_nr`),
  ADD KEY `db_name` (`db_name`);

--
-- Indexes for table `pma__recent`
--
ALTER TABLE `pma__recent`
  ADD PRIMARY KEY (`username`);

--
-- Indexes for table `pma__relation`
--
ALTER TABLE `pma__relation`
  ADD PRIMARY KEY (`master_db`,`master_table`,`master_field`),
  ADD KEY `foreign_field` (`foreign_db`,`foreign_table`);

--
-- Indexes for table `pma__savedsearches`
--
ALTER TABLE `pma__savedsearches`
  ADD PRIMARY KEY (`id`),
  ADD UNIQUE KEY `u_savedsearches_username_dbname` (`username`,`db_name`,`search_name`);

--
-- Indexes for table `pma__table_coords`
--
ALTER TABLE `pma__table_coords`
  ADD PRIMARY KEY (`db_name`,`table_name`,`pdf_page_number`);

--
-- Indexes for table `pma__table_info`
--
ALTER TABLE `pma__table_info`
  ADD PRIMARY KEY (`db_name`,`table_name`);

--
-- Indexes for table `pma__table_uiprefs`
--
ALTER TABLE `pma__table_uiprefs`
  ADD PRIMARY KEY (`username`,`db_name`,`table_name`);

--
-- Indexes for table `pma__tracking`
--
ALTER TABLE `pma__tracking`
  ADD PRIMARY KEY (`db_name`,`table_name`,`version`);

--
-- Indexes for table `pma__userconfig`
--
ALTER TABLE `pma__userconfig`
  ADD PRIMARY KEY (`username`);

--
-- Indexes for table `pma__usergroups`
--
ALTER TABLE `pma__usergroups`
  ADD PRIMARY KEY (`usergroup`,`tab`,`allowed`);

--
-- Indexes for table `pma__users`
--
ALTER TABLE `pma__users`
  ADD PRIMARY KEY (`username`,`usergroup`);

--
-- AUTO_INCREMENT for dumped tables
--

--
-- AUTO_INCREMENT for table `pma__bookmark`
--
ALTER TABLE `pma__bookmark`
  MODIFY `id` int(10) UNSIGNED NOT NULL AUTO_INCREMENT;

--
-- AUTO_INCREMENT for table `pma__column_info`
--
ALTER TABLE `pma__column_info`
  MODIFY `id` int(5) UNSIGNED NOT NULL AUTO_INCREMENT;

--
-- AUTO_INCREMENT for table `pma__export_templates`
--
ALTER TABLE `pma__export_templates`
  MODIFY `id` int(5) UNSIGNED NOT NULL AUTO_INCREMENT;

--
-- AUTO_INCREMENT for table `pma__history`
--
ALTER TABLE `pma__history`
  MODIFY `id` bigint(20) UNSIGNED NOT NULL AUTO_INCREMENT;

--
-- AUTO_INCREMENT for table `pma__pdf_pages`
--
ALTER TABLE `pma__pdf_pages`
  MODIFY `page_nr` int(10) UNSIGNED NOT NULL AUTO_INCREMENT;

--
-- AUTO_INCREMENT for table `pma__savedsearches`
--
ALTER TABLE `pma__savedsearches`
  MODIFY `id` int(5) UNSIGNED NOT NULL AUTO_INCREMENT;
--
-- Database: `sourcecodester_jobportaldb`
--
CREATE DATABASE IF NOT EXISTS `sourcecodester_jobportaldb` DEFAULT CHARACTER SET utf8mb4 COLLATE utf8mb4_general_ci;
USE `sourcecodester_jobportaldb`;

-- --------------------------------------------------------

--
-- Table structure for table `application_master`
--

CREATE TABLE `application_master` (
  `ApplicationId` int(11) NOT NULL,
  `JobSeekId` int(11) NOT NULL,
  `JobId` int(11) NOT NULL,
  `Status` varchar(30) NOT NULL,
  `Description` varchar(200) NOT NULL
) ENGINE=InnoDB DEFAULT CHARSET=latin1 COLLATE=latin1_swedish_ci;

--
-- Dumping data for table `application_master`
--

INSERT INTO `application_master` (`ApplicationId`, `JobSeekId`, `JobId`, `Status`, `Description`) VALUES
(1, 3, 1, 'Call Latter Send', 'Invited on 21-Dec-2020.'),
(2, 3, 2, 'Call Latter Send', 'You are Invited For Interview on 10-MAR-2020.'),
(3, 3, 3, 'Call Latter Send', 'Invited on 21-Dec-2020.'),
(5, 3, 4, 'Call Latter Send', 'Invited on 21-Dec-2020.');

-- --------------------------------------------------------

--
-- Table structure for table `employer_reg`
--

CREATE TABLE `employer_reg` (
  `EmployerId` int(11) NOT NULL,
  `CompanyName` varchar(20) NOT NULL,
  `ContactPerson` varchar(20) NOT NULL,
  `Address` varchar(100) NOT NULL,
  `City` varchar(20) NOT NULL,
  `Email` varchar(40) NOT NULL,
  `Mobile` bigint(20) NOT NULL,
  `Area_Work` varchar(40) NOT NULL,
  `Status` varchar(10) NOT NULL,
  `UserName` varchar(20) NOT NULL,
  `Password` varchar(20) NOT NULL,
  `Question` varchar(100) NOT NULL,
  `Answer` varchar(50) NOT NULL
) ENGINE=InnoDB DEFAULT CHARSET=latin1 COLLATE=latin1_swedish_ci;

--
-- Dumping data for table `employer_reg`
--

INSERT INTO `employer_reg` (`EmployerId`, `CompanyName`, `ContactPerson`, `Address`, `City`, `Email`, `Mobile`, `Area_Work`, `Status`, `UserName`, `Password`, `Question`, `Answer`) VALUES
(2, 'TCS Private Limited', 'Mr. Mohan Shah', 'Navarangpura1', 'Ahmedabad', 'mohan@gmail.com', 9898989898, 'Software', 'Confirm', 'janobe', 'janobe', 'Who is Your Favourite Person?', 'sachin'),
(3, 'Wipro Infotech', 'Mr. Sunil Pandya', 'Baroda', 'Baroda', 'sunil@wipro.com', 8989898989, 'Hardware', 'Confirm', 'sunil', 'sunil', '', ''),
(4, 'Solusoft  Pvt Limite', 'Mr. Nirav Soni', 'Narayanpura', 'Ahmedabad', 'nirav@gmail.com', 9898989898, 'Software', 'Confirm', 'nirav', 'nirav', 'What is Your Pet Name?', 'niru'),
(5, 'Info Matrics', 'Mr. Narayan', 'Sahibagh', 'Ahmedabad', 'narayan@yahoo.com', 6767676767, 'Software', 'Confirm', 'narayan', 'narayan', 'What is Your Pet Name?', 'nari');

-- --------------------------------------------------------

--
-- Table structure for table `feedback`
--

CREATE TABLE `feedback` (
  `FeedbackId` int(11) NOT NULL,
  `JobSeekId` int(11) NOT NULL,
  `Feedback` varchar(200) NOT NULL,
  `FeedbakDate` date NOT NULL
) ENGINE=InnoDB DEFAULT CHARSET=latin1 COLLATE=latin1_swedish_ci;

--
-- Dumping data for table `feedback`
--

INSERT INTO `feedback` (`FeedbackId`, `JobSeekId`, `Feedback`, `FeedbakDate`) VALUES
(5, 3, 'asdad', '2020-09-13'),
(6, 3, 'asd', '2020-09-18'),
(7, 4, 'Thanks For Your Support.', '2020-09-18'),
(8, 3, 'asd', '2020-09-22');

-- --------------------------------------------------------

--
-- Table structure for table `jobseeker_education`
--

CREATE TABLE `jobseeker_education` (
  `EduId` int(11) NOT NULL,
  `JobSeekId` int(11) NOT NULL,
  `Degree` varchar(20) NOT NULL,
  `University` varchar(100) NOT NULL,
  `PassingYear` mediumint(9) NOT NULL,
  `Percentage` float NOT NULL
) ENGINE=InnoDB DEFAULT CHARSET=latin1 COLLATE=latin1_swedish_ci;

--
-- Dumping data for table `jobseeker_education`
--

INSERT INTO `jobseeker_education` (`EduId`, `JobSeekId`, `Degree`, `University`, `PassingYear`, `Percentage`) VALUES
(3, 3, 'B.C.A', 'Ganpat Universiy', 2011, 68.89),
(4, 3, 'M.C.A', 'Ganpat University', 2013, 89.9),
(5, 3, 'S.S.C', 'GSEB', 2005, 80);

-- --------------------------------------------------------

--
-- Table structure for table `jobseeker_reg`
--

CREATE TABLE `jobseeker_reg` (
  `JobSeekId` int(11) NOT NULL,
  `JobSeekerName` varchar(20) NOT NULL,
  `Address` varchar(100) NOT NULL,
  `City` varchar(20) NOT NULL,
  `Email` varchar(40) NOT NULL,
  `Mobile` bigint(20) NOT NULL,
  `Qualification` varchar(20) NOT NULL,
  `Gender` varchar(10) NOT NULL,
  `BirthDate` date NOT NULL,
  `Resume` varchar(200) NOT NULL,
  `Status` varchar(10) NOT NULL,
  `UserName` varchar(20) NOT NULL,
  `Password` varchar(20) NOT NULL,
  `Question` varchar(100) NOT NULL,
  `Answer` varchar(50) NOT NULL
) ENGINE=InnoDB DEFAULT CHARSET=latin1 COLLATE=latin1_swedish_ci;

--
-- Dumping data for table `jobseeker_reg`
--

INSERT INTO `jobseeker_reg` (`JobSeekId`, `JobSeekerName`, `Address`, `City`, `Email`, `Mobile`, `Qualification`, `Gender`, `BirthDate`, `Resume`, `Status`, `UserName`, `Password`, `Question`, `Answer`) VALUES
(3, 'Jalpa Prajapati', 'Near Dena Bank', 'Mehsana', 'jalpa@gmail.com', 9898989898, 'M.C.A', 'Female', '2020-09-10', 'Marksheet.pdf', 'Confirm', 'jalpa', 'jalpa', 'What is Your Pet Name?', 'jalpa'),
(4, 'Krunal Prajapati', 'Patan', 'Patan', 'krunal@gmail.com', 8989898989, 'M.B.A', 'Male', '2020-09-16', 'Marksheet.pdf', 'Confirm', 'krunal', 'krunal', '', ''),
(5, 'Gopal Patel', 'Patan', 'Patan', 'gopal@gmail.com', 9898989898, 'MA', 'Male', '2020-10-15', 'admin.jpg', 'Confirm', 'gopal', 'gopal', '', ''),
(6, 'Mehul Mistry', 'Swastik SOciety', 'Baroda', 'mehul@gmail.com', 8989898998, 'BE', 'Male', '2020-10-09', '470X310_1.jpg', 'Confirm', 'mehul', 'mehul', 'What is Your Pet Name?', 'mehu');

-- --------------------------------------------------------

--
-- Table structure for table `job_master`
--

CREATE TABLE `job_master` (
  `JobId` int(11) NOT NULL,
  `CompanyName` varchar(20) NOT NULL,
  `JobTitle` varchar(50) NOT NULL,
  `Vacancy` int(11) NOT NULL,
  `MinQualification` varchar(50) NOT NULL,
  `Description` varchar(200) NOT NULL
) ENGINE=InnoDB DEFAULT CHARSET=latin1 COLLATE=latin1_swedish_ci;

--
-- Dumping data for table `job_master`
--

INSERT INTO `job_master` (`JobId`, `CompanyName`, `JobTitle`, `Vacancy`, `MinQualification`, `Description`) VALUES
(1, 'Wipro Infotech', 'Software Professional Required', 2, 'M.C.A', 'ASP.NET'),
(2, 'Wipro Infotech', 'Marketing Executive Required', 5, 'M.B.A', 'Freshers Are Invited'),
(3, 'TCS Private Limited', 'Software Trainee Required', 1, 'B.Sc.I.T', 'Starting Salary 5000'),
(4, 'Wipro Infotech', 'Cleaners Required', 3, 'S.S.C', 'N');

-- --------------------------------------------------------

--
-- Table structure for table `news_master`
--

CREATE TABLE `news_master` (
  `NewsId` int(11) NOT NULL,
  `News` varchar(200) NOT NULL,
  `NewsDate` date NOT NULL
) ENGINE=InnoDB DEFAULT CHARSET=latin1 COLLATE=latin1_swedish_ci;

--
-- Dumping data for table `news_master`
--

INSERT INTO `news_master` (`NewsId`, `News`, `NewsDate`) VALUES
(1, 'Register and Get JOB', '2020-09-24'),
(2, 'New Vacancies will be updated after diwali', '2020-10-31'),
(3, 'test', '2020-10-19');

-- --------------------------------------------------------

--
-- Table structure for table `user_master`
--

CREATE TABLE `user_master` (
  `UserId` int(11) NOT NULL,
  `UserName` varchar(20) NOT NULL,
  `Password` varchar(20) NOT NULL
) ENGINE=InnoDB DEFAULT CHARSET=latin1 COLLATE=latin1_swedish_ci;

--
-- Dumping data for table `user_master`
--

INSERT INTO `user_master` (`UserId`, `UserName`, `Password`) VALUES
(6, 'admin', 'admin'),
(10, 'xyz', 'xyz');

-- --------------------------------------------------------

--
-- Table structure for table `walkin_master`
--

CREATE TABLE `walkin_master` (
  `WalkInId` int(11) NOT NULL,
  `CompanyName` varchar(20) NOT NULL,
  `JobTitle` varchar(50) NOT NULL,
  `Vacancy` int(11) NOT NULL,
  `MinQualification` varchar(50) NOT NULL,
  `Description` varchar(100) NOT NULL,
  `InterviewDate` date NOT NULL,
  `InterviewTime` time NOT NULL
) ENGINE=InnoDB DEFAULT CHARSET=latin1 COLLATE=latin1_swedish_ci;

--
-- Dumping data for table `walkin_master`
--

INSERT INTO `walkin_master` (`WalkInId`, `CompanyName`, `JobTitle`, `Vacancy`, `MinQualification`, `Description`, `InterviewDate`, `InterviewTime`) VALUES
(1, 'Wipro Infotech', 'Freshers Required', 5, 'B.C.A', 'Hardworking Person are Required.', '2020-09-25', '09:00:00'),
(2, 'TCS Private Limited', 'Marketive Representative Invited', 2, 'Pharmacist', 'Ready TO work in North Gujarat', '2020-10-07', '09:00:00');

--
-- Indexes for dumped tables
--

--
-- Indexes for table `application_master`
--
ALTER TABLE `application_master`
  ADD PRIMARY KEY (`ApplicationId`);

--
-- Indexes for table `employer_reg`
--
ALTER TABLE `employer_reg`
  ADD PRIMARY KEY (`EmployerId`);

--
-- Indexes for table `feedback`
--
ALTER TABLE `feedback`
  ADD PRIMARY KEY (`FeedbackId`);

--
-- Indexes for table `jobseeker_education`
--
ALTER TABLE `jobseeker_education`
  ADD PRIMARY KEY (`EduId`);

--
-- Indexes for table `jobseeker_reg`
--
ALTER TABLE `jobseeker_reg`
  ADD PRIMARY KEY (`JobSeekId`),
  ADD KEY `JobSeekId` (`JobSeekId`);

--
-- Indexes for table `job_master`
--
ALTER TABLE `job_master`
  ADD PRIMARY KEY (`JobId`);

--
-- Indexes for table `news_master`
--
ALTER TABLE `news_master`
  ADD PRIMARY KEY (`NewsId`);

--
-- Indexes for table `user_master`
--
ALTER TABLE `user_master`
  ADD PRIMARY KEY (`UserId`);

--
-- Indexes for table `walkin_master`
--
ALTER TABLE `walkin_master`
  ADD PRIMARY KEY (`WalkInId`);

--
-- AUTO_INCREMENT for dumped tables
--

--
-- AUTO_INCREMENT for table `application_master`
--
ALTER TABLE `application_master`
  MODIFY `ApplicationId` int(11) NOT NULL AUTO_INCREMENT, AUTO_INCREMENT=6;

--
-- AUTO_INCREMENT for table `employer_reg`
--
ALTER TABLE `employer_reg`
  MODIFY `EmployerId` int(11) NOT NULL AUTO_INCREMENT, AUTO_INCREMENT=6;

--
-- AUTO_INCREMENT for table `feedback`
--
ALTER TABLE `feedback`
  MODIFY `FeedbackId` int(11) NOT NULL AUTO_INCREMENT, AUTO_INCREMENT=9;

--
-- AUTO_INCREMENT for table `jobseeker_education`
--
ALTER TABLE `jobseeker_education`
  MODIFY `EduId` int(11) NOT NULL AUTO_INCREMENT, AUTO_INCREMENT=6;

--
-- AUTO_INCREMENT for table `jobseeker_reg`
--
ALTER TABLE `jobseeker_reg`
  MODIFY `JobSeekId` int(11) NOT NULL AUTO_INCREMENT, AUTO_INCREMENT=7;

--
-- AUTO_INCREMENT for table `job_master`
--
ALTER TABLE `job_master`
  MODIFY `JobId` int(11) NOT NULL AUTO_INCREMENT, AUTO_INCREMENT=5;

--
-- AUTO_INCREMENT for table `news_master`
--
ALTER TABLE `news_master`
  MODIFY `NewsId` int(11) NOT NULL AUTO_INCREMENT, AUTO_INCREMENT=4;

--
-- AUTO_INCREMENT for table `user_master`
--
ALTER TABLE `user_master`
  MODIFY `UserId` int(11) NOT NULL AUTO_INCREMENT, AUTO_INCREMENT=11;

--
-- AUTO_INCREMENT for table `walkin_master`
--
ALTER TABLE `walkin_master`
  MODIFY `WalkInId` int(11) NOT NULL AUTO_INCREMENT, AUTO_INCREMENT=3;
--
-- Database: `test`
--
CREATE DATABASE IF NOT EXISTS `test` DEFAULT CHARACTER SET latin1 COLLATE latin1_swedish_ci;
USE `test`;
COMMIT;

/*!40101 SET CHARACTER_SET_CLIENT=@OLD_CHARACTER_SET_CLIENT */;
/*!40101 SET CHARACTER_SET_RESULTS=@OLD_CHARACTER_SET_RESULTS */;
/*!40101 SET COLLATION_CONNECTION=@OLD_COLLATION_CONNECTION */;
